complexity,loss,equation,score,sympy_format,lambda_format,simulation
30,3.7892406,((-0.06690711 * DST) + -2.5263886) + ((((((Bzsouth + Bzsouth) + DST) * -0.008291428) - sqrt(Np)) + -0.60579747) * (((((Vp - Bmag) - 159.63905) * Bzsouth) * 0.0013296593) - 0.84098405)),5.19998000700028e-05,((-0.06690711 * DST) + -2.5263886) + ((((((Bzsouth + Bzsouth) + DST) * -0.008291428) - sqrt(Np)) + -0.60579747) * (((((Vp - Bmag) - 159.63905) * Bzsouth) * 0.0013296593) - 0.84098405)),PySRFunction(X=>((-0.06690711 * DST) + -2.5263886) + ((((((Bzsouth + Bzsouth) + DST) * -0.008291428) - sqrt(Np)) + -0.60579747) * (((((Vp - Bmag) - 159.63905) * Bzsouth) * 0.0013296593) - 0.84098405))),4
28,3.7896347,(DST * -0.06690711) + (((((DST + Bzsouth) * -0.008006787) + (-0.6224202 - sqrt(Np))) * (((((Vp - Np) - 159.63905) * Bzsouth) * 0.0013296593) - 0.84098405)) + -2.5525913),0.0001630893847835,(DST * -0.06690711) + (((((DST + Bzsouth) * -0.008006787) + (-0.6224202 - sqrt(Np))) * (((((Vp - Np) - 159.63905) * Bzsouth) * 0.0013296593) - 0.84098405)) + -2.5525913),PySRFunction(X=>(DST * -0.06690711) + (((((DST + Bzsouth) * -0.008006787) + (-0.6224202 - sqrt(Np))) * (((((Vp - Np) - 159.63905) * Bzsouth) * 0.0013296593) - 0.84098405)) + -2.5525913)),4
26,3.790871,(((((((Vp - Np) - 160.32938) * Bzsouth) * 0.0013246149) - 0.80793333) * ((DST * -0.00731337) - (sqrt(Np) + 0.65606064))) + (DST * -0.06632254)) + -2.468984,0.0001076549590332,(((((((Vp - Np) - 160.32938) * Bzsouth) * 0.0013246149) - 0.80793333) * ((DST * -0.00731337) - (sqrt(Np) + 0.65606064))) + (DST * -0.06632254)) + -2.468984,PySRFunction(X=>(((((((Vp - Np) - 160.32938) * Bzsouth) * 0.0013246149) - 0.80793333) * ((DST * -0.00731337) - (sqrt(Np) + 0.65606064))) + (DST * -0.06632254)) + -2.468984),4
29,3.7913702,(((((((Bzsouth + Bmag) * DST) + ((sqrt(Np) * Bzsouth) * (Vp + (-143.72131 - Np)))) * -0.026818233) - (Bmag + DST)) / 19.122902) + sqrt(Np)) + -2.1933167,0.0005152209154295,(((((((Bzsouth + Bmag) * DST) + ((sqrt(Np) * Bzsouth) * (Vp + (-143.72131 - Np)))) * -0.026818233) - (Bmag + DST)) / 19.122902) + sqrt(Np)) + -2.1933167,PySRFunction(X=>(((((((Bzsouth + Bmag) * DST) + ((sqrt(Np) * Bzsouth) * (Vp + (-143.72131 - Np)))) * -0.026818233) - (Bmag + DST)) / 19.122902) + sqrt(Np)) + -2.1933167),3
29,3.791558,((Vp * ((Bzsouth + 1.4056387) * ((DST * (0.0010231906 / (-1.9690949 - Np))) - 0.04994203))) - (DST - (Np + 26.93975))) / (51.730183 / sqrt(sqrt(Np * Bmag))),0.0009039555546464,((Vp * ((Bzsouth + 1.4056387) * ((DST * (0.0010231906 / (-1.9690949 - Np))) - 0.04994203))) - (DST - (Np + 26.93975))) / (51.730183 / sqrt(sqrt(Np * Bmag))),PySRFunction(X=>((Vp * ((Bzsouth + 1.4056387) * ((DST * (0.0010231906 / (-1.9690949 - Np))) - 0.04994203))) - (DST - (Np + 26.93975))) / (51.730183 / sqrt(sqrt(Np * Bmag)))),2
24,3.7916873,((((Bzsouth * 0.0012057658) * (Vp - 168.3989)) - 0.7863517) * ((DST * -0.0079295635) - (sqrt(Np) + 0.9382792))) + ((DST * -0.06651169) + -2.627629),0.0010513534978677,((((Bzsouth * 0.0012057658) * (Vp - 168.3989)) - 0.7863517) * ((DST * -0.0079295635) - (sqrt(Np) + 0.9382792))) + ((DST * -0.06651169) + -2.627629),PySRFunction(X=>((((Bzsouth * 0.0012057658) * (Vp - 168.3989)) - 0.7863517) * ((DST * -0.0079295635) - (sqrt(Np) + 0.9382792))) + ((DST * -0.06651169) + -2.627629)),4
30,3.7929,(DST + ((((Bzsouth + 0.85373884) - (Np / Bmag)) * 0.044779934) * (((4.3335886 - sqrt(Np)) * DST) + Vp))) / ((-10.567681 - (54.477882 / Bmag)) - inv(square(Np))),0.0001759448677581,(DST + ((((Bzsouth + 0.85373884) - (Np / Bmag)) * 0.044779934) * (((4.3335886 - sqrt(Np)) * DST) + Vp))) / ((-10.567681 - (54.477882 / Bmag)) - inv(square(Np))),PySRFunction(X=>(DST + ((((Bzsouth + 0.85373884) - (Np / Bmag)) * 0.044779934) * (((4.3335886 - sqrt(Np)) * DST) + Vp))) / ((-10.567681 - (54.477882 / Bmag)) - inv(square(Np)))),15
29,3.7935674,(DST + (((Vp + ((4.3335886 - sqrt(Np)) * DST)) * ((Bzsouth + 0.85373884) - (Np / Bmag))) * 0.044779934)) / ((-10.567681 - (54.477882 / Bmag)) - inv(Np)),0.0001689296117501,(DST + (((Vp + ((4.3335886 - sqrt(Np)) * DST)) * ((Bzsouth + 0.85373884) - (Np / Bmag))) * 0.044779934)) / ((-10.567681 - (54.477882 / Bmag)) - inv(Np)),PySRFunction(X=>(DST + (((Vp + ((4.3335886 - sqrt(Np)) * DST)) * ((Bzsouth + 0.85373884) - (Np / Bmag))) * 0.044779934)) / ((-10.567681 - (54.477882 / Bmag)) - inv(Np))),15
28,3.7942083,(DST + ((Bzsouth + (0.85373884 - (Np / Bmag))) * ((((DST / 1.0637239) * (4.3335886 - sqrt(Np))) + Vp) * 0.044779934))) / (-10.605545 - (54.477882 / Bmag)),0.0001030411831319,(DST + ((Bzsouth + (0.85373884 - (Np / Bmag))) * ((((DST / 1.0637239) * (4.3335886 - sqrt(Np))) + Vp) * 0.044779934))) / (-10.605545 - (54.477882 / Bmag)),PySRFunction(X=>(DST + ((Bzsouth + (0.85373884 - (Np / Bmag))) * ((((DST / 1.0637239) * (4.3335886 - sqrt(Np))) + Vp) * 0.044779934))) / (-10.605545 - (54.477882 / Bmag))),15
26,3.7949903,(DST + (((Vp + ((4.3335886 - sqrt(Np)) * DST)) * ((Bzsouth + 0.85373884) - (Np / Bmag))) * 0.044779934)) / (-10.605545 - (54.23416 / Bmag)),0.0012917982110714,(DST + (((Vp + ((4.3335886 - sqrt(Np)) * DST)) * ((Bzsouth + 0.85373884) - (Np / Bmag))) * 0.044779934)) / (-10.605545 - (54.23416 / Bmag)),PySRFunction(X=>(DST + (((Vp + ((4.3335886 - sqrt(Np)) * DST)) * ((Bzsouth + 0.85373884) - (Np / Bmag))) * 0.044779934)) / (-10.605545 - (54.23416 / Bmag))),15
27,3.795279,(sqrt(Np) + -2.1294987) + ((((((Bzsouth * (-143.73756 + Vp)) * sqrt(Np)) + (DST * (Bmag + Bzsouth))) * -0.026245873) - (Bmag + DST)) / 19.122902),0.0007241388266097,(sqrt(Np) + -2.1294987) + ((((((Bzsouth * (-143.73756 + Vp)) * sqrt(Np)) + (DST * (Bmag + Bzsouth))) * -0.026245873) - (Bmag + DST)) / 19.122902),PySRFunction(X=>(sqrt(Np) + -2.1294987) + ((((((Bzsouth * (-143.73756 + Vp)) * sqrt(Np)) + (DST * (Bmag + Bzsouth))) * -0.026245873) - (Bmag + DST)) / 19.122902)),3
23,3.7956758,((DST * -0.068679936) + -2.7448597) + (((square(Vp * 0.0012337118) * Bzsouth) - 0.78754276) * ((-0.007035051 * DST) - (sqrt(Np) + 0.78754276))),0.0018313816060773,((DST * -0.068679936) + -2.7448597) + (((square(Vp * 0.0012337118) * Bzsouth) - 0.78754276) * ((-0.007035051 * DST) - (sqrt(Np) + 0.78754276))),PySRFunction(X=>((DST * -0.068679936) + -2.7448597) + (((square(Vp * 0.0012337118) * Bzsouth) - 0.78754276) * ((-0.007035051 * DST) - (sqrt(Np) + 0.78754276)))),4
27,3.798419,(((Vp * ((DST * (0.0007285958 / (-1.1511712 - Np))) - 0.045781374)) * (Bzsouth + 0.27216995)) - (DST - Np)) / (48.068405 / sqrt(sqrt(Np * Bmag))),0.0005767231375923,(((Vp * ((DST * (0.0007285958 / (-1.1511712 - Np))) - 0.045781374)) * (Bzsouth + 0.27216995)) - (DST - Np)) / (48.068405 / sqrt(sqrt(Np * Bmag))),PySRFunction(X=>(((Vp * ((DST * (0.0007285958 / (-1.1511712 - Np))) - 0.045781374)) * (Bzsouth + 0.27216995)) - (DST - Np)) / (48.068405 / sqrt(sqrt(Np * Bmag)))),2
29,3.7999701,((((sqrt(sqrt(Np)) * (Vp + ((DST + DST) / sqrt(Np)))) * -0.0027239453) + -0.26050872) * ((Bzsouth - (DST * -0.029265162)) - -1.17527)) + (sqrt(Np) + Bzsouth),0.0004239397770659,((((sqrt(sqrt(Np)) * (Vp + ((DST + DST) / sqrt(Np)))) * -0.0027239453) + -0.26050872) * ((Bzsouth - (DST * -0.029265162)) - -1.17527)) + (sqrt(Np) + Bzsouth),PySRFunction(X=>((((sqrt(sqrt(Np)) * (Vp + ((DST + DST) / sqrt(Np)))) * -0.0027239453) + -0.26050872) * ((Bzsouth - (DST * -0.029265162)) - -1.17527)) + (sqrt(Np) + Bzsouth)),13
25,3.8007796,((((((DST * (Bmag + Bzsouth)) + ((Bzsouth * (Vp + -143.72925)) * sqrt(Np))) * -0.027476136) - DST) / 19.712595) + sqrt(Np)) + -2.4688275,0.0007007684805679,((((((DST * (Bmag + Bzsouth)) + ((Bzsouth * (Vp + -143.72925)) * sqrt(Np))) * -0.027476136) - DST) / 19.712595) + sqrt(Np)) + -2.4688275,PySRFunction(X=>((((((DST * (Bmag + Bzsouth)) + ((Bzsouth * (Vp + -143.72925)) * sqrt(Np))) * -0.027476136) - DST) / 19.712595) + sqrt(Np)) + -2.4688275),3
28,3.8015814,(Bzsouth + sqrt(Np)) + ((-0.25702006 + ((DST + (sqrt(sqrt(Np)) * (Vp + (DST / Np)))) * -0.0027239453)) * ((Bzsouth - (DST * -0.029265162)) - -1.17527)),0.0001760273216368,(Bzsouth + sqrt(Np)) + ((-0.25702006 + ((DST + (sqrt(sqrt(Np)) * (Vp + (DST / Np)))) * -0.0027239453)) * ((Bzsouth - (DST * -0.029265162)) - -1.17527)),PySRFunction(X=>(Bzsouth + sqrt(Np)) + ((-0.25702006 + ((DST + (sqrt(sqrt(Np)) * (Vp + (DST / Np)))) * -0.0027239453)) * ((Bzsouth - (DST * -0.029265162)) - -1.17527))),13
30,3.8018968,(Np * 0.1316254) - (((((((0.5504825 * DST) - Bmag) + Vp) * (3.30009 + ((sqrt(Np) * Bzsouth) + Bzsouth))) * -0.010745671) - DST) * ((0.14023353 / Bmag) + -0.08236732)),0.0002248634770026,(Np * 0.1316254) - (((((((0.5504825 * DST) - Bmag) + Vp) * (3.30009 + ((sqrt(Np) * Bzsouth) + Bzsouth))) * -0.010745671) - DST) * ((0.14023353 / Bmag) + -0.08236732)),PySRFunction(X=>(Np * 0.1316254) - (((((((0.5504825 * DST) - Bmag) + Vp) * (3.30009 + ((sqrt(Np) * Bzsouth) + Bzsouth))) * -0.010745671) - DST) * ((0.14023353 / Bmag) + -0.08236732))),1
29,3.802281,(((sqrt(sqrt(Bzsouth) + Np) * ((Vp - Np) - (DST * (-3.2089617 / sqrt(Np))))) * (Bzsouth * -0.0009065264)) + sqrt(Np)) - ((DST * 0.060239356) - -2.4211862),0.0002039149328306,(((sqrt(sqrt(Bzsouth) + Np) * ((Vp - Np) - (DST * (-3.2089617 / sqrt(Np))))) * (Bzsouth * -0.0009065264)) + sqrt(Np)) - ((DST * 0.060239356) - -2.4211862),PySRFunction(X=>(((sqrt(sqrt(Bzsouth) + Np) * ((Vp - Np) - (DST * (-3.2089617 / sqrt(Np))))) * (Bzsouth * -0.0009065264)) + sqrt(Np)) - ((DST * 0.060239356) - -2.4211862)),11
29,3.8024962,(Np * 0.120446585) - ((((((Bzsouth * (((Vp - Np) * 0.00012573834) * (Np + (DST * 0.0364781)))) + Bzsouth) + 1.2775543) * Vp) * 0.0017270576) + (DST * 0.066715226)),0.0001680455612546,(Np * 0.120446585) - ((((((Bzsouth * (((Vp - Np) * 0.00012573834) * (Np + (DST * 0.0364781)))) + Bzsouth) + 1.2775543) * Vp) * 0.0017270576) + (DST * 0.066715226)),PySRFunction(X=>(Np * 0.120446585) - ((((((Bzsouth * (((Vp - Np) * 0.00012573834) * (Np + (DST * 0.0364781)))) + Bzsouth) + 1.2775543) * Vp) * 0.0017270576) + (DST * 0.066715226))),10
22,3.8026335,((DST * -0.06727313) + (((Bzsouth * ((Vp + -174.75798) * 0.0015818799)) - 1.034009) * ((DST * -0.005260706) - sqrt(Np)))) + -2.5840185,0.0019712271852321,((DST * -0.06727313) + (((Bzsouth * ((Vp + -174.75798) * 0.0015818799)) - 1.034009) * ((DST * -0.005260706) - sqrt(Np)))) + -2.5840185,PySRFunction(X=>((DST * -0.06727313) + (((Bzsouth * ((Vp + -174.75798) * 0.0015818799)) - 1.034009) * ((DST * -0.005260706) - sqrt(Np)))) + -2.5840185),4
25,3.8028028,((((((0.0009415376 / (-1.3535208 - Np)) * DST) - 0.052350152) * Bzsouth) * Vp) - (DST - Np)) / (54.41149 / sqrt(sqrt(Bmag * Np))),0.0011124270138132,((((((0.0009415376 / (-1.3535208 - Np)) * DST) - 0.052350152) * Bzsouth) * Vp) - (DST - Np)) / (54.41149 / sqrt(sqrt(Bmag * Np))),PySRFunction(X=>((((((0.0009415376 / (-1.3535208 - Np)) * DST) - 0.052350152) * Bzsouth) * Vp) - (DST - Np)) / (54.41149 / sqrt(sqrt(Bmag * Np)))),2
26,3.80292,(((Bzsouth - (DST * -0.029265162)) - -1.1745048) * ((((DST / 0.80374527) + (sqrt(sqrt(Np)) * Vp)) * -0.0027239453) + -0.24573871)) + (Bzsouth + sqrt(Np)),0.0001449071077764,(((Bzsouth - (DST * -0.029265162)) - -1.1745048) * ((((DST / 0.80374527) + (sqrt(sqrt(Np)) * Vp)) * -0.0027239453) + -0.24573871)) + (Bzsouth + sqrt(Np)),PySRFunction(X=>(((Bzsouth - (DST * -0.029265162)) - -1.1745048) * ((((DST / 0.80374527) + (sqrt(sqrt(Np)) * Vp)) * -0.0027239453) + -0.24573871)) + (Bzsouth + sqrt(Np))),13
28,3.80297,(DST * -0.064616404) - ((((DST + ((Np + Vp) * sqrt(sqrt(Np)))) * 0.0024087143) * (Bzsouth + 0.4273629)) - ((sqrt(Np) + -1.8449583) + (Bzsouth / 1.6374866))),0.0004688130633409,(DST * -0.064616404) - ((((DST + ((Np + Vp) * sqrt(sqrt(Np)))) * 0.0024087143) * (Bzsouth + 0.4273629)) - ((sqrt(Np) + -1.8449583) + (Bzsouth / 1.6374866))),PySRFunction(X=>(DST * -0.064616404) - ((((DST + ((Np + Vp) * sqrt(sqrt(Np)))) * 0.0024087143) * (Bzsouth + 0.4273629)) - ((sqrt(Np) + -1.8449583) + (Bzsouth / 1.6374866)))),9
24,3.803444,sqrt(Np) + ((-2.5109081 - (DST / 15.338169)) + ((Bzsouth * (((DST / 0.80311114) + (sqrt(sqrt(Np)) * Vp)) + -251.51936)) * -0.0025929885)),0.0002683031889028,sqrt(Np) + ((-2.5109081 - (DST / 15.338169)) + ((Bzsouth * (((DST / 0.80311114) + (sqrt(sqrt(Np)) * Vp)) + -251.51936)) * -0.0025929885)),PySRFunction(X=>sqrt(Np) + ((-2.5109081 - (DST / 15.338169)) + ((Bzsouth * (((DST / 0.80311114) + (sqrt(sqrt(Np)) * Vp)) + -251.51936)) * -0.0025929885))),3
28,3.803607,(Np * 0.13241021) - ((((((DST * 0.751603) + Vp) * -0.010745671) * ((Bzsouth + (sqrt(Np) * Bzsouth)) + 3.30009)) - DST) * ((0.14686304 / Bmag) + -0.08236732)),0.0002497268393607,(Np * 0.13241021) - ((((((DST * 0.751603) + Vp) * -0.010745671) * ((Bzsouth + (sqrt(Np) * Bzsouth)) + 3.30009)) - DST) * ((0.14686304 / Bmag) + -0.08236732)),PySRFunction(X=>(Np * 0.13241021) - ((((((DST * 0.751603) + Vp) * -0.010745671) * ((Bzsouth + (sqrt(Np) * Bzsouth)) + 3.30009)) - DST) * ((0.14686304 / Bmag) + -0.08236732))),1
27,3.8037744,(Np * 0.120446585) - (((((Bzsouth + 1.2775543) + ((((Np + (DST * 0.03913002)) * Bzsouth) * Vp) * 0.00012573834)) * Vp) * 0.0017270576) + (DST * 0.066715226)),0.0017587846133973,(Np * 0.120446585) - (((((Bzsouth + 1.2775543) + ((((Np + (DST * 0.03913002)) * Bzsouth) * Vp) * 0.00012573834)) * Vp) * 0.0017270576) + (DST * 0.066715226)),PySRFunction(X=>(Np * 0.120446585) - (((((Bzsouth + 1.2775543) + ((((Np + (DST * 0.03913002)) * Bzsouth) * Vp) * 0.00012573834)) * Vp) * 0.0017270576) + (DST * 0.066715226))),10
27,3.803832,(((Vp - ((DST * -3.3773615) / sqrt(Np))) * ((Bzsouth * -0.0009008908) * sqrt(sqrt(Bzsouth) + Np))) + sqrt(Np)) - ((DST * 0.059813313) - -2.40653),0.0009301026332216,(((Vp - ((DST * -3.3773615) / sqrt(Np))) * ((Bzsouth * -0.0009008908) * sqrt(sqrt(Bzsouth) + Np))) + sqrt(Np)) - ((DST * 0.059813313) - -2.40653),PySRFunction(X=>(((Vp - ((DST * -3.3773615) / sqrt(Np))) * ((Bzsouth * -0.0009008908) * sqrt(sqrt(Bzsouth) + Np))) + sqrt(Np)) - ((DST * 0.059813313) - -2.40653)),11
30,3.8038595,((DST - (Np * 1.8461952)) * -0.057646163) + ((Bzsouth - -0.64244246) * (-0.0024093296 * ((sqrt(Bmag / Np) * DST) + (Vp + ((Np + 0.86304104) * (-1.671706 + Bzsouth)))))),8.309635695075422e-05,((DST - (Np * 1.8461952)) * -0.057646163) + ((Bzsouth - -0.64244246) * (-0.0024093296 * ((sqrt(Bmag / Np) * DST) + (Vp + ((Np + 0.86304104) * (-1.671706 + Bzsouth)))))),PySRFunction(X=>((DST - (Np * 1.8461952)) * -0.057646163) + ((Bzsouth - -0.64244246) * (-0.0024093296 * ((sqrt(Bmag / Np) * DST) + (Vp + ((Np + 0.86304104) * (-1.671706 + Bzsouth))))))),8
24,3.8040223,((((Bzsouth - (DST * -0.029268567)) - -1.1798674) * (((DST + (sqrt(sqrt(Np)) * Vp)) * -0.00265995) + -0.2598647)) + sqrt(Np)) + Bzsouth,0.0005147687063255,((((Bzsouth - (DST * -0.029268567)) - -1.1798674) * (((DST + (sqrt(sqrt(Np)) * Vp)) * -0.00265995) + -0.2598647)) + sqrt(Np)) + Bzsouth,PySRFunction(X=>((((Bzsouth - (DST * -0.029268567)) - -1.1798674) * (((DST + (sqrt(sqrt(Np)) * Vp)) * -0.00265995) + -0.2598647)) + sqrt(Np)) + Bzsouth),13
30,3.8041306,((((Vp + (((DST + (Vp * 0.011505068)) / sqrt(Np / Bmag)) + (Np * Bzsouth))) * ((Bzsouth + 0.6831873) * 0.040499095)) + DST) - (Np + Np)) * -0.05831824,7.055239690763662e-05,((((Vp + (((DST + (Vp * 0.011505068)) / sqrt(Np / Bmag)) + (Np * Bzsouth))) * ((Bzsouth + 0.6831873) * 0.040499095)) + DST) - (Np + Np)) * -0.05831824,PySRFunction(X=>((((Vp + (((DST + (Vp * 0.011505068)) / sqrt(Np / Bmag)) + (Np * Bzsouth))) * ((Bzsouth + 0.6831873) * 0.040499095)) + DST) - (Np + Np)) * -0.05831824),6
29,3.8041756,((DST - ((Np - inv(Np)) * 1.9725796)) * -0.057907775) + ((Bzsouth - -0.6430652) * (((Np * Bzsouth) + (Vp + (sqrt(Bmag / Np) * DST))) * -0.0023896287)),0.0001413872626677,((DST - ((Np - inv(Np)) * 1.9725796)) * -0.057907775) + ((Bzsouth - -0.6430652) * (((Np * Bzsouth) + (Vp + (sqrt(Bmag / Np) * DST))) * -0.0023896287)),PySRFunction(X=>((DST - ((Np - inv(Np)) * 1.9725796)) * -0.057907775) + ((Bzsouth - -0.6430652) * (((Np * Bzsouth) + (Vp + (sqrt(Bmag / Np) * DST))) * -0.0023896287))),8
29,3.804399,(((((Np * square(Bzsouth)) + ((((DST + 5.0280237) / sqrt(Np / Bmag)) + Vp) * (Bzsouth + 0.6888091))) * 0.040499095) + DST) - (Np + Np)) * -0.05831824,3.711424058066723e-05,(((((Np * square(Bzsouth)) + ((((DST + 5.0280237) / sqrt(Np / Bmag)) + Vp) * (Bzsouth + 0.6888091))) * 0.040499095) + DST) - (Np + Np)) * -0.05831824,PySRFunction(X=>(((((Np * square(Bzsouth)) + ((((DST + 5.0280237) / sqrt(Np / Bmag)) + Vp) * (Bzsouth + 0.6888091))) * 0.040499095) + DST) - (Np + Np)) * -0.05831824),6
28,3.8045402,((((((Np * Bzsouth) + (((DST + 5.0280237) / sqrt(Np / Bmag)) + Vp)) * (Bzsouth + 0.6888091)) * 0.040499095) + DST) - (Np + Np)) * -0.05831824,9.889835985283752e-05,((((((Np * Bzsouth) + (((DST + 5.0280237) / sqrt(Np / Bmag)) + Vp)) * (Bzsouth + 0.6888091)) * 0.040499095) + DST) - (Np + Np)) * -0.05831824,PySRFunction(X=>((((((Np * Bzsouth) + (((DST + 5.0280237) / sqrt(Np / Bmag)) + Vp)) * (Bzsouth + 0.6888091)) * 0.040499095) + DST) - (Np + Np)) * -0.05831824),6
29,3.8046286,(sqrt(Np) - 2.4867167) + ((DST + (((((((DST / Np) + Vp) - (Np + (DST * -0.4807411))) * 0.02141898) - 2.4179542) * Bzsouth) * sqrt(Np))) * -0.06262474),0.0003505289357251,(sqrt(Np) - 2.4867167) + ((DST + (((((((DST / Np) + Vp) - (Np + (DST * -0.4807411))) * 0.02141898) - 2.4179542) * Bzsouth) * sqrt(Np))) * -0.06262474),PySRFunction(X=>(sqrt(Np) - 2.4867167) + ((DST + (((((((DST / Np) + Vp) - (Np + (DST * -0.4807411))) * 0.02141898) - 2.4179542) * Bzsouth) * sqrt(Np))) * -0.06262474)),5
28,3.8047135,((DST - (Np * 1.8461952)) * -0.057907775) + (((Bzsouth - -0.64244246) * -0.0024093296) * ((sqrt(Bmag / Np) * DST) + (Vp + (Np * (-1.1599557 + Bzsouth))))),7.926381176033095e-05,((DST - (Np * 1.8461952)) * -0.057907775) + (((Bzsouth - -0.64244246) * -0.0024093296) * ((sqrt(Bmag / Np) * DST) + (Vp + (Np * (-1.1599557 + Bzsouth))))),PySRFunction(X=>((DST - (Np * 1.8461952)) * -0.057907775) + (((Bzsouth - -0.64244246) * -0.0024093296) * ((sqrt(Bmag / Np) * DST) + (Vp + (Np * (-1.1599557 + Bzsouth)))))),8
30,3.8047452,((DST - (Np / 0.50610435)) * -0.05700501) - ((((Vp + (DST / sqrt((Np + 0.03913548) / Bmag))) + (Bmag + (Bzsouth * Np))) * (Bzsouth + 0.68669724)) * 0.0022875767),3.508653247072176e-05,((DST - (Np / 0.50610435)) * -0.05700501) - ((((Vp + (DST / sqrt((Np + 0.03913548) / Bmag))) + (Bmag + (Bzsouth * Np))) * (Bzsouth + 0.68669724)) * 0.0022875767),PySRFunction(X=>((DST - (Np / 0.50610435)) * -0.05700501) - ((((Vp + (DST / sqrt((Np + 0.03913548) / Bmag))) + (Bmag + (Bzsouth * Np))) * (Bzsouth + 0.68669724)) * 0.0022875767)),7
27,3.8047533,(DST * -0.06597593) - neg(((sqrt(Np) + -1.8361402) - ((((sqrt(sqrt(Np)) * Vp) + DST) * 0.0024798387) * (Bzsouth + 0.43400928))) + (Bzsouth / 1.6291528)),1.0644523115107984e-05,(DST * -0.06597593) - neg(((sqrt(Np) + -1.8361402) - ((((sqrt(sqrt(Np)) * Vp) + DST) * 0.0024798387) * (Bzsouth + 0.43400928))) + (Bzsouth / 1.6291528)),PySRFunction(X=>(DST * -0.06597593) - neg(((sqrt(Np) + -1.8361402) - ((((sqrt(sqrt(Np)) * Vp) + DST) * 0.0024798387) * (Bzsouth + 0.43400928))) + (Bzsouth / 1.6291528))),9
26,3.8047938,(DST * -0.064612396) - (((((Vp * sqrt(sqrt(Np))) + DST) * 0.0024686735) * (Bzsouth + 0.42736304)) - (((Bzsouth / 1.6374867) + -1.8361787) + sqrt(Np))),0.0003709599946788,(DST * -0.064612396) - (((((Vp * sqrt(sqrt(Np))) + DST) * 0.0024686735) * (Bzsouth + 0.42736304)) - (((Bzsouth / 1.6374867) + -1.8361787) + sqrt(Np))),PySRFunction(X=>(DST * -0.064612396) - (((((Vp * sqrt(sqrt(Np))) + DST) * 0.0024686735) * (Bzsouth + 0.42736304)) - (((Bzsouth / 1.6374867) + -1.8361787) + sqrt(Np)))),9
24,3.8048077,((DST - Np) + (Bmag + ((Vp + ((4.378272 - sqrt(Np)) * DST)) * (Bzsouth * 0.044066433)))) / (-10.365372 - (54.477882 / Bmag)),0.0006611729670601,((DST - Np) + (Bmag + ((Vp + ((4.378272 - sqrt(Np)) * DST)) * (Bzsouth * 0.044066433)))) / (-10.365372 - (54.477882 / Bmag)),PySRFunction(X=>((DST - Np) + (Bmag + ((Vp + ((4.378272 - sqrt(Np)) * DST)) * (Bzsouth * 0.044066433)))) / (-10.365372 - (54.477882 / Bmag))),15
28,3.8050122,((DST - (Np / 0.50610435)) * -0.05700501) - (((Vp + ((DST / sqrt(Np / Bmag)) + (Bmag + (Bzsouth * Np)))) * (Bzsouth + 0.68669724)) * 0.0022875767),0.0002157871655541,((DST - (Np / 0.50610435)) * -0.05700501) - (((Vp + ((DST / sqrt(Np / Bmag)) + (Bmag + (Bzsouth * Np)))) * (Bzsouth + 0.68669724)) * 0.0022875767),PySRFunction(X=>((DST - (Np / 0.50610435)) * -0.05700501) - (((Vp + ((DST / sqrt(Np / Bmag)) + (Bmag + (Bzsouth * Np)))) * (Bzsouth + 0.68669724)) * 0.0022875767)),7
26,3.8052928,-0.058382656 * ((((Bzsouth + 0.6877242) * ((DST / sqrt(Np / Bmag)) + ((Np * Bzsouth) + Vp))) * 0.040499095) + (DST - (Np * 1.9212909))),0.0017152160477944,-0.058382656 * ((((Bzsouth + 0.6877242) * ((DST / sqrt(Np / Bmag)) + ((Np * Bzsouth) + Vp))) * 0.040499095) + (DST - (Np * 1.9212909))),PySRFunction(X=>-0.058382656 * ((((Bzsouth + 0.6877242) * ((DST / sqrt(Np / Bmag)) + ((Np * Bzsouth) + Vp))) * 0.040499095) + (DST - (Np * 1.9212909)))),6
26,3.8053167,(((DST * sqrt(Bmag / Np)) + ((Bzsouth * Np) + Vp)) * ((Bzsouth - -0.6548315) * -0.0023896703)) + ((DST - (Np * 1.9410938)) * -0.057907775),0.0009524295102116,(((DST * sqrt(Bmag / Np)) + ((Bzsouth * Np) + Vp)) * ((Bzsouth - -0.6548315) * -0.0023896703)) + ((DST - (Np * 1.9410938)) * -0.057907775),PySRFunction(X=>(((DST * sqrt(Bmag / Np)) + ((Bzsouth * Np) + Vp)) * ((Bzsouth - -0.6548315) * -0.0023896703)) + ((DST - (Np * 1.9410938)) * -0.057907775)),8
22,3.8054855,(sqrt(Np) + (-2.5192704 - (DST / 15.331889))) + (((DST + -252.33818) + (Vp * sqrt(sqrt(Np)))) * (Bzsouth * -0.0025272262)),0.0019693717157059,(sqrt(Np) + (-2.5192704 - (DST / 15.331889))) + (((DST + -252.33818) + (Vp * sqrt(sqrt(Np)))) * (Bzsouth * -0.0025272262)),PySRFunction(X=>(sqrt(Np) + (-2.5192704 - (DST / 15.331889))) + (((DST + -252.33818) + (Vp * sqrt(sqrt(Np)))) * (Bzsouth * -0.0025272262))),3
26,3.8055072,(Np * 0.13241224) - ((((Vp + DST) * ((((sqrt(Np) * Bzsouth) + Bzsouth) + 3.2601273) * -0.011131013)) - DST) * ((0.1517603 / Bmag) + -0.08236732)),0.001489414320547,(Np * 0.13241224) - ((((Vp + DST) * ((((sqrt(Np) * Bzsouth) + Bzsouth) + 3.2601273) * -0.011131013)) - DST) * ((0.1517603 / Bmag) + -0.08236732)),PySRFunction(X=>(Np * 0.13241224) - ((((Vp + DST) * ((((sqrt(Np) * Bzsouth) + Bzsouth) + 3.2601273) * -0.011131013)) - DST) * ((0.1517603 / Bmag) + -0.08236732))),1
26,3.8066547,((DST - (Np / 0.5325926)) * -0.05700501) - (((Vp + ((DST / sqrt(Np / Bmag)) + (Bzsouth * Np))) * (Bzsouth + 0.6891105)) * 0.0022875767),0.0014726500489993,((DST - (Np / 0.5325926)) * -0.05700501) - (((Vp + ((DST / sqrt(Np / Bmag)) + (Bzsouth * Np))) * (Bzsouth + 0.6891105)) * 0.0022875767),PySRFunction(X=>((DST - (Np / 0.5325926)) * -0.05700501) - (((Vp + ((DST / sqrt(Np / Bmag)) + (Bzsouth * Np))) * (Bzsouth + 0.6891105)) * 0.0022875767)),7
27,3.8072968,((((((((Vp - Np) + (DST * 0.58365685)) * 0.02141898) - 2.4867167) * Bzsouth) * sqrt(Np - -0.15907261)) + DST) * -0.06277147) + (sqrt(Np) - 2.4867167),1.3421415994861107e-05,((((((((Vp - Np) + (DST * 0.58365685)) * 0.02141898) - 2.4867167) * Bzsouth) * sqrt(Np - -0.15907261)) + DST) * -0.06277147) + (sqrt(Np) - 2.4867167),PySRFunction(X=>((((((((Vp - Np) + (DST * 0.58365685)) * 0.02141898) - 2.4867167) * Bzsouth) * sqrt(Np - -0.15907261)) + DST) * -0.06277147) + (sqrt(Np) - 2.4867167)),5
26,3.8073716,(sqrt(sqrt(Bzsouth) + Np) * ((-0.0009065264 * ((Vp - ((-3.035294 / sqrt(Np)) * DST)) * Bzsouth)) + 0.9550615)) - ((DST * 0.059813306) - -2.40653),0.0002832524277842,(sqrt(sqrt(Bzsouth) + Np) * ((-0.0009065264 * ((Vp - ((-3.035294 / sqrt(Np)) * DST)) * Bzsouth)) + 0.9550615)) - ((DST * 0.059813306) - -2.40653),PySRFunction(X=>(sqrt(sqrt(Bzsouth) + Np) * ((-0.0009065264 * ((Vp - ((-3.035294 / sqrt(Np)) * DST)) * Bzsouth)) + 0.9550615)) - ((DST * 0.059813306) - -2.40653)),11
25,3.807399,((DST + (((((Vp - Np) + (DST * 0.58365685)) * 0.02141898) - 2.4397213) * (Bzsouth * sqrt(Np)))) * -0.06277147) + (sqrt(Np) - 2.4867167),0.0001559351700488,((DST + (((((Vp - Np) + (DST * 0.58365685)) * 0.02141898) - 2.4397213) * (Bzsouth * sqrt(Np)))) * -0.06277147) + (sqrt(Np) - 2.4867167),PySRFunction(X=>((DST + (((((Vp - Np) + (DST * 0.58365685)) * 0.02141898) - 2.4397213) * (Bzsouth * sqrt(Np)))) * -0.06277147) + (sqrt(Np) - 2.4867167)),5
24,3.8076177,((((Vp * sqrt(sqrt(Np))) + DST) * ((-1.2178472 - Bzsouth) + (DST * -0.02910098))) * 0.0029429225) + ((sqrt(Np) + Bzsouth) * 0.98379207),4.153343219788223e-05,((((Vp * sqrt(sqrt(Np))) + DST) * ((-1.2178472 - Bzsouth) + (DST * -0.02910098))) * 0.0029429225) + ((sqrt(Np) + Bzsouth) * 0.98379207),PySRFunction(X=>((((Vp * sqrt(sqrt(Np))) + DST) * ((-1.2178472 - Bzsouth) + (DST * -0.02910098))) * 0.0029429225) + ((sqrt(Np) + Bzsouth) * 0.98379207)),9
22,3.807934,(((Vp * sqrt(sqrt(Np))) + DST) * ((((DST * -0.029244073) - Bzsouth) + -1.2165033) * 0.0029688526)) + (Bzsouth + sqrt(Np)),0.0022729640210463,(((Vp * sqrt(sqrt(Np))) + DST) * ((((DST * -0.029244073) - Bzsouth) + -1.2165033) * 0.0029688526)) + (Bzsouth + sqrt(Np)),PySRFunction(X=>(((Vp * sqrt(sqrt(Np))) + DST) * ((((DST * -0.029244073) - Bzsouth) + -1.2165033) * 0.0029688526)) + (Bzsouth + sqrt(Np))),9
30,3.8079345,-1.0949633 + (-0.06491945 * (((Np + ((0.0120595135 - (Np * -0.0008245459)) * ((((Np - (DST / sqrt(Np * 0.29611668))) * 1.5139264) - Vp) * Bzsouth))) / -0.41638148) + DST)),0.0001331253225223,-1.0949633 + (-0.06491945 * (((Np + ((0.0120595135 - (Np * -0.0008245459)) * ((((Np - (DST / sqrt(Np * 0.29611668))) * 1.5139264) - Vp) * Bzsouth))) / -0.41638148) + DST)),PySRFunction(X=>-1.0949633 + (-0.06491945 * (((Np + ((0.0120595135 - (Np * -0.0008245459)) * ((((Np - (DST / sqrt(Np * 0.29611668))) * 1.5139264) - Vp) * Bzsouth))) / -0.41638148) + DST))),12
22,3.8079407,(Bzsouth + (((Bzsouth - ((DST * -0.029106207) - 1.2118119)) * ((Vp * sqrt(sqrt(Np))) + DST)) * -0.0029715402)) + sqrt(Np),0.0022703850565536,(Bzsouth + (((Bzsouth - ((DST * -0.029106207) - 1.2118119)) * ((Vp * sqrt(sqrt(Np))) + DST)) * -0.0029715402)) + sqrt(Np),PySRFunction(X=>(Bzsouth + (((Bzsouth - ((DST * -0.029106207) - 1.2118119)) * ((Vp * sqrt(sqrt(Np))) + DST)) * -0.0029715402)) + sqrt(Np)),13
25,3.8084502,sqrt(Np) + ((((Vp * (sqrt(Np) + (Bzsouth / Bmag))) - (DST * -3.394228)) * (Bzsouth * -0.00084071397)) - ((DST * 0.061794944) - -2.4584472)),0.0003829225404107,sqrt(Np) + ((((Vp * (sqrt(Np) + (Bzsouth / Bmag))) - (DST * -3.394228)) * (Bzsouth * -0.00084071397)) - ((DST * 0.061794944) - -2.4584472)),PySRFunction(X=>sqrt(Np) + ((((Vp * (sqrt(Np) + (Bzsouth / Bmag))) - (DST * -3.394228)) * (Bzsouth * -0.00084071397)) - ((DST * 0.061794944) - -2.4584472))),11
23,3.8085866,(sqrt(Np) - 2.5023627) + ((((sqrt(Np) * (((Vp + (DST * 0.5523908)) * 0.02141898) - 2.7565117)) * Bzsouth) + DST) * -0.061954062),0.0011411547142982,(sqrt(Np) - 2.5023627) + ((((sqrt(Np) * (((Vp + (DST * 0.5523908)) * 0.02141898) - 2.7565117)) * Bzsouth) + DST) * -0.061954062),PySRFunction(X=>(sqrt(Np) - 2.5023627) + ((((sqrt(Np) * (((Vp + (DST * 0.5523908)) * 0.02141898) - 2.7565117)) * Bzsouth) + DST) * -0.061954062)),5
28,3.8089485,((DST + ((Np + ((0.0120595135 - (Np * -0.0008245459)) * (((Np - (DST / (sqrt(Np) * 0.35646927))) - Vp) * Bzsouth))) / -0.41638148)) * -0.06491945) + -1.0949633,0.0007495322663543,((DST + ((Np + ((0.0120595135 - (Np * -0.0008245459)) * (((Np - (DST / (sqrt(Np) * 0.35646927))) - Vp) * Bzsouth))) / -0.41638148)) * -0.06491945) + -1.0949633,PySRFunction(X=>((DST + ((Np + ((0.0120595135 - (Np * -0.0008245459)) * (((Np - (DST / (sqrt(Np) * 0.35646927))) - Vp) * Bzsouth))) / -0.41638148)) * -0.06491945) + -1.0949633),12
22,3.8098423,(DST + (((((DST * (4.498347 - sqrt(Np))) + Vp) * 0.05406117) * Bzsouth) - Np)) / (-12.62949 - (56.254406 / Bmag)),0.0014139891166196,(DST + (((((DST * (4.498347 - sqrt(Np))) + Vp) * 0.05406117) * Bzsouth) - Np)) / (-12.62949 - (56.254406 / Bmag)),PySRFunction(X=>(DST + (((((DST * (4.498347 - sqrt(Np))) + Vp) * 0.05406117) * Bzsouth) - Np)) / (-12.62949 - (56.254406 / Bmag))),15
25,3.8111794,(Np * 0.14023353) - (((0.14023353 / Bmag) + -0.085707985) * (((((Bzsouth * sqrt(Np)) + sqrt(Bzsouth)) + 3.4679554) * (Vp * -0.010745671)) - DST)),0.0002174156160436,(Np * 0.14023353) - (((0.14023353 / Bmag) + -0.085707985) * (((((Bzsouth * sqrt(Np)) + sqrt(Bzsouth)) + 3.4679554) * (Vp * -0.010745671)) - DST)),PySRFunction(X=>(Np * 0.14023353) - (((0.14023353 / Bmag) + -0.085707985) * (((((Bzsouth * sqrt(Np)) + sqrt(Bzsouth)) + 3.4679554) * (Vp * -0.010745671)) - DST))),1
23,3.8112729,(((Vp * (((DST * 0.00064852246) / (-0.98426753 - Np)) - 0.043263856)) * Bzsouth) - DST) / (47.35971 / sqrt(sqrt(Np * Bmag))),0.0016320063777728,(((Vp * (((DST * 0.00064852246) / (-0.98426753 - Np)) - 0.043263856)) * Bzsouth) - DST) / (47.35971 / sqrt(sqrt(Np * Bmag))),PySRFunction(X=>(((Vp * (((DST * 0.00064852246) / (-0.98426753 - Np)) - 0.043263856)) * Bzsouth) - DST) / (47.35971 / sqrt(sqrt(Np * Bmag)))),2
23,3.811368,(((((sqrt(Np) + 0.6791786) * Vp) - (DST * -3.394228)) * (Bzsouth * -0.00084071397)) - ((DST * 0.06353281) - -2.4337983)) + sqrt(Np),0.0006743073114641,(((((sqrt(Np) + 0.6791786) * Vp) - (DST * -3.394228)) * (Bzsouth * -0.00084071397)) - ((DST * 0.06353281) - -2.4337983)) + sqrt(Np),PySRFunction(X=>(((((sqrt(Np) + 0.6791786) * Vp) - (DST * -3.394228)) * (Bzsouth * -0.00084071397)) - ((DST * 0.06353281) - -2.4337983)) + sqrt(Np)),11
27,3.8118045,(-0.06750861 * (((sqrt(Np) + inv(Bmag)) * (((Vp + (Vp + (DST - Np))) * ((Bzsouth + 1.2837452) * 0.006855849)) + -22.324831)) + DST)) + -2.7164044,1.521587895554614e-06,(-0.06750861 * (((sqrt(Np) + inv(Bmag)) * (((Vp + (Vp + (DST - Np))) * ((Bzsouth + 1.2837452) * 0.006855849)) + -22.324831)) + DST)) + -2.7164044,PySRFunction(X=>(-0.06750861 * (((sqrt(Np) + inv(Bmag)) * (((Vp + (Vp + (DST - Np))) * ((Bzsouth + 1.2837452) * 0.006855849)) + -22.324831)) + DST)) + -2.7164044),12
26,3.8118103,((((sqrt(Np) - -0.18597241) * ((((Bzsouth + 1.2837452) * (Vp + ((Vp + DST) - Np))) * 0.006840883) + -22.324831)) + DST) * -0.06750819) + -2.7164044,0.0001714261562554,((((sqrt(Np) - -0.18597241) * ((((Bzsouth + 1.2837452) * (Vp + ((Vp + DST) - Np))) * 0.006840883) + -22.324831)) + DST) * -0.06750819) + -2.7164044,PySRFunction(X=>((((sqrt(Np) - -0.18597241) * ((((Bzsouth + 1.2837452) * (Vp + ((Vp + DST) - Np))) * 0.006840883) + -22.324831)) + DST) * -0.06750819) + -2.7164044),12
25,3.8118253,(DST - (Np - ((((Vp + (DST / sqrt(Np / Bmag))) + (Np * Bzsouth)) * 0.04152097) * (Bzsouth + inv(Np))))) * -0.056693725,0.0001073706150689,(DST - (Np - ((((Vp + (DST / sqrt(Np / Bmag))) + (Np * Bzsouth)) * 0.04152097) * (Bzsouth + inv(Np))))) * -0.056693725,PySRFunction(X=>(DST - (Np - ((((Vp + (DST / sqrt(Np / Bmag))) + (Np * Bzsouth)) * 0.04152097) * (Bzsouth + inv(Np))))) * -0.056693725),6
24,3.8120081,(Np * 0.13888735) - (((0.21860303 / Bmag) + -0.10204478) * ((((((Bzsouth * sqrt(Np)) + 5.5124316) + Bzsouth) * Vp) * -0.0077920626) - DST)),0.0006211331238374,(Np * 0.13888735) - (((0.21860303 / Bmag) + -0.10204478) * ((((((Bzsouth * sqrt(Np)) + 5.5124316) + Bzsouth) * Vp) * -0.0077920626) - DST)),PySRFunction(X=>(Np * 0.13888735) - (((0.21860303 / Bmag) + -0.10204478) * ((((((Bzsouth * sqrt(Np)) + 5.5124316) + Bzsouth) * Vp) * -0.0077920626) - DST))),1
24,3.8122346,((DST - Np) + (((DST / sqrt(Np / Bmag)) + (Vp + (Bzsouth * Np))) * (0.039009616 * (Bzsouth + 0.5006689)))) * -0.0597664,0.0005185343577778,((DST - Np) + (((DST / sqrt(Np / Bmag)) + (Vp + (Bzsouth * Np))) * (0.039009616 * (Bzsouth + 0.5006689)))) * -0.0597664,PySRFunction(X=>((DST - Np) + (((DST / sqrt(Np / Bmag)) + (Vp + (Bzsouth * Np))) * (0.039009616 * (Bzsouth + 0.5006689)))) * -0.0597664),6
25,3.8122647,((DST - Np) * -0.057283793) - ((((Bzsouth + 0.4346577) * ((DST / sqrt(Np / Bmag)) + Vp)) + (square(Bzsouth) * Np)) * 0.0023060262),8.335904755806804e-05,((DST - Np) * -0.057283793) - ((((Bzsouth + 0.4346577) * ((DST / sqrt(Np / Bmag)) + Vp)) + (square(Bzsouth) * Np)) * 0.0023060262),PySRFunction(X=>((DST - Np) * -0.057283793) - ((((Bzsouth + 0.4346577) * ((DST / sqrt(Np / Bmag)) + Vp)) + (square(Bzsouth) * Np)) * 0.0023060262)),7
25,3.8124638,((DST + ((sqrt(Np) + inv(Bmag)) * ((((Vp + Vp) + DST) * ((Bzsouth + 1.2837452) * 0.006855849)) + -22.324831))) * -0.06750861) + -2.6751952,0.0001033661308612,((DST + ((sqrt(Np) + inv(Bmag)) * ((((Vp + Vp) + DST) * ((Bzsouth + 1.2837452) * 0.006855849)) + -22.324831))) * -0.06750861) + -2.6751952,PySRFunction(X=>((DST + ((sqrt(Np) + inv(Bmag)) * ((((Vp + Vp) + DST) * ((Bzsouth + 1.2837452) * 0.006855849)) + -22.324831))) * -0.06750861) + -2.6751952),12
24,3.8125722,((DST - Np) * -0.057405937) + ((((Vp + (Bzsouth * Np)) + (DST * sqrt(Bmag / Np))) * (Bzsouth - -0.4108022)) * -0.0023443294),0.0014665406519979,((DST - Np) * -0.057405937) + ((((Vp + (Bzsouth * Np)) + (DST * sqrt(Bmag / Np))) * (Bzsouth - -0.4108022)) * -0.0023443294),PySRFunction(X=>((DST - Np) * -0.057405937) + ((((Vp + (Bzsouth * Np)) + (DST * sqrt(Bmag / Np))) * (Bzsouth - -0.4108022)) * -0.0023443294)),8
24,3.8125825,((DST - Np) * -0.057283793) - (((Bzsouth + 0.4346577) * (((DST / sqrt(Np / Bmag)) + Vp) + (Bzsouth * Np))) * 0.0023060262),0.002937179266362,((DST - Np) * -0.057283793) - (((Bzsouth + 0.4346577) * (((DST / sqrt(Np / Bmag)) + Vp) + (Bzsouth * Np))) * 0.0023060262),PySRFunction(X=>((DST - Np) * -0.057283793) - (((Bzsouth + 0.4346577) * (((DST / sqrt(Np / Bmag)) + Vp) + (Bzsouth * Np))) * 0.0023060262)),7
24,3.8128579,(((((((Vp + (Vp + DST)) * 0.006855849) * (Bzsouth + 1.3213037)) + -22.324831) * sqrt(Np + 0.5743516)) + DST) * -0.06750861) + -2.6197236,0.0001456831290953,(((((((Vp + (Vp + DST)) * 0.006855849) * (Bzsouth + 1.3213037)) + -22.324831) * sqrt(Np + 0.5743516)) + DST) * -0.06750861) + -2.6197236,PySRFunction(X=>(((((((Vp + (Vp + DST)) * 0.006855849) * (Bzsouth + 1.3213037)) + -22.324831) * sqrt(Np + 0.5743516)) + DST) * -0.06750861) + -2.6197236),12
21,3.8129873,(((Bzsouth * (((Vp + -143.84161) * sqrt(Np)) + DST)) * -0.0013091298) + -2.6593935) + (sqrt(Np) - (DST / 15.190702)),0.0013475618968295,(((Bzsouth * (((Vp + -143.84161) * sqrt(Np)) + DST)) * -0.0013091298) + -2.6593935) + (sqrt(Np) - (DST / 15.190702)),PySRFunction(X=>(((Bzsouth * (((Vp + -143.84161) * sqrt(Np)) + DST)) * -0.0013091298) + -2.6593935) + (sqrt(Np) - (DST / 15.190702))),3
30,3.8131783,((Np + (((-0.01635466 - ((Bzsouth * sqrt(Np - -2.2383354)) * 0.0065067657)) / inv(Vp + (DST * 0.64251864))) - (DST * 0.44418103))) + Bzsouth) / (inv(Bmag) + 6.75624),0.00012388391947449457,((Np + (((-0.01635466 - ((Bzsouth * sqrt(Np - -2.2383354)) * 0.0065067657)) / inv(Vp + (DST * 0.64251864))) - (DST * 0.44418103))) + Bzsouth) / (inv(Bmag) + 6.75624),PySRFunction(X=>((Np + (((-0.01635466 - ((Bzsouth * sqrt(Np - -2.2383354)) * 0.0065067657)) / inv(Vp + (DST * 0.64251864))) - (DST * 0.44418103))) + Bzsouth) / (inv(Bmag) + 6.75624)),16
22,3.8139389,((((((DST * 0.55001825) + Vp) * -0.0009447073) * (Bzsouth - -1.5908353)) + 1.592198) * sqrt(Np)) - ((0.06536079 * DST) + 2.4038792),0.0005723217692614,((((((DST * 0.55001825) + Vp) * -0.0009447073) * (Bzsouth - -1.5908353)) + 1.592198) * sqrt(Np)) - ((0.06536079 * DST) + 2.4038792),PySRFunction(X=>((((((DST * 0.55001825) + Vp) * -0.0009447073) * (Bzsouth - -1.5908353)) + 1.592198) * sqrt(Np)) - ((0.06536079 * DST) + 2.4038792)),11
22,3.813969,(((sqrt(Np) * (((((Vp + Vp) + DST) * 0.00703635) * (Bzsouth + 1.2773628)) + -22.324831)) + DST) * -0.06753028) + -2.5495207,0.0005867866953202,(((sqrt(Np) * (((((Vp + Vp) + DST) * 0.00703635) * (Bzsouth + 1.2773628)) + -22.324831)) + DST) * -0.06753028) + -2.5495207,PySRFunction(X=>(((sqrt(Np) * (((((Vp + Vp) + DST) * 0.00703635) * (Bzsouth + 1.2773628)) + -22.324831)) + DST) * -0.06753028) + -2.5495207),12
28,3.8141232,((Bzsouth * 1.1095461) + ((Np - (DST * 0.44418103)) + ((Vp + (DST * 0.59011805)) * (-0.01635466 - (Bzsouth * (sqrt(Np - -2.1480227) * 0.0065067657)))))) / 6.75624,1.4157706150516489e-05,((Bzsouth * 1.1095461) + ((Np - (DST * 0.44418103)) + ((Vp + (DST * 0.59011805)) * (-0.01635466 - (Bzsouth * (sqrt(Np - -2.1480227) * 0.0065067657)))))) / 6.75624,PySRFunction(X=>((Bzsouth * 1.1095461) + ((Np - (DST * 0.44418103)) + ((Vp + (DST * 0.59011805)) * (-0.01635466 - (Bzsouth * (sqrt(Np - -2.1480227) * 0.0065067657)))))) / 6.75624),16
26,3.8142312,((((Vp + (DST * 0.5924163)) * (-0.01635466 - ((sqrt(Np - -1.9678924) * Bzsouth) * 0.0065067657))) + (Bzsouth + Np)) - (DST * 0.44105762)) / 6.75624,0.0004084082850494806,((((Vp + (DST * 0.5924163)) * (-0.01635466 - ((sqrt(Np - -1.9678924) * Bzsouth) * 0.0065067657))) + (Bzsouth + Np)) - (DST * 0.44105762)) / 6.75624,PySRFunction(X=>((((Vp + (DST * 0.5924163)) * (-0.01635466 - ((sqrt(Np - -1.9678924) * Bzsouth) * 0.0065067657))) + (Bzsouth + Np)) - (DST * 0.44105762)) / 6.75624),16
23,3.8143766,sqrt(Np) + ((Vp * -0.0009866816) * ((((DST / (Vp * 0.42795563)) + sqrt(Np)) * Bzsouth) + (5.234979 - (DST * -0.12106551)))),0.0003805726478373,sqrt(Np) + ((Vp * -0.0009866816) * ((((DST / (Vp * 0.42795563)) + sqrt(Np)) * Bzsouth) + (5.234979 - (DST * -0.12106551)))),PySRFunction(X=>sqrt(Np) + ((Vp * -0.0009866816) * ((((DST / (Vp * 0.42795563)) + sqrt(Np)) * Bzsouth) + (5.234979 - (DST * -0.12106551))))),1
29,3.8159251,(Np / 6.9123397) + ((((((Np + 10.286222) * Bzsouth) + DST) - ((Vp * -0.057405796) + 10.323508)) * (Vp + ((Np - DST) / (Bmag / -10.288034)))) * -0.00014329582),0.0002432762959927,(Np / 6.9123397) + ((((((Np + 10.286222) * Bzsouth) + DST) - ((Vp * -0.057405796) + 10.323508)) * (Vp + ((Np - DST) / (Bmag / -10.288034)))) * -0.00014329582),PySRFunction(X=>(Np / 6.9123397) + ((((((Np + 10.286222) * Bzsouth) + DST) - ((Vp * -0.057405796) + 10.323508)) * (Vp + ((Np - DST) / (Bmag / -10.288034)))) * -0.00014329582)),14
22,3.8161902,((DST + (sqrt(Np) * (-21.432089 + (((Bzsouth + 0.8905188) * 0.016430788) * ((DST / 1.3882802) + Vp))))) * -0.06071585) - 2.2003496,0.0003576110665471,((DST + (sqrt(Np) * (-21.432089 + (((Bzsouth + 0.8905188) * 0.016430788) * ((DST / 1.3882802) + Vp))))) * -0.06071585) - 2.2003496,PySRFunction(X=>((DST + (sqrt(Np) * (-21.432089 + (((Bzsouth + 0.8905188) * 0.016430788) * ((DST / 1.3882802) + Vp))))) * -0.06071585) - 2.2003496),6
25,3.817178,(Np * 0.118559994) - ((((Bzsouth + 1.1655784) + (Bzsouth * (Np * (Vp * 0.0001211698)))) * ((Vp + DST) * 0.001796062)) + (DST * 0.064468324)),0.0003339048686429,(Np * 0.118559994) - ((((Bzsouth + 1.1655784) + (Bzsouth * (Np * (Vp * 0.0001211698)))) * ((Vp + DST) * 0.001796062)) + (DST * 0.064468324)),PySRFunction(X=>(Np * 0.118559994) - ((((Bzsouth + 1.1655784) + (Bzsouth * (Np * (Vp * 0.0001211698)))) * ((Vp + DST) * 0.001796062)) + (DST * 0.064468324))),10
21,3.817281,sqrt(Np) + (((DST * ((Bzsouth / Vp) - -0.13503793)) + ((Bzsouth * sqrt(Np)) + 5.810281)) * (Vp * -0.0009260131)),0.0008404417127538,sqrt(Np) + (((DST * ((Bzsouth / Vp) - -0.13503793)) + ((Bzsouth * sqrt(Np)) + 5.810281)) * (Vp * -0.0009260131)),PySRFunction(X=>sqrt(Np) + (((DST * ((Bzsouth / Vp) - -0.13503793)) + ((Bzsouth * sqrt(Np)) + 5.810281)) * (Vp * -0.0009260131))),1
21,3.8172889,((((sqrt(Np) * ((((Vp + DST) * 0.02141898) - 1.9995602) * Bzsouth)) + DST) * -0.060568735) + sqrt(Np)) - 2.421134,0.0006587061485339,((((sqrt(Np) * ((((Vp + DST) * 0.02141898) - 1.9995602) * Bzsouth)) + DST) * -0.060568735) + sqrt(Np)) - 2.421134,PySRFunction(X=>((((sqrt(Np) * ((((Vp + DST) * 0.02141898) - 1.9995602) * Bzsouth)) + DST) * -0.060568735) + sqrt(Np)) - 2.421134),5
24,3.817348,((Np - (DST * 0.44223267)) + (((DST * 0.55434597) + Vp) * (-0.016316375 - (Bzsouth * (sqrt(Np - -1.1400765) * 0.0060620885))))) / 6.75624,0.0002893056736882796,((Np - (DST * 0.44223267)) + (((DST * 0.55434597) + Vp) * (-0.016316375 - (Bzsouth * (sqrt(Np - -1.1400765) * 0.0060620885))))) / 6.75624,PySRFunction(X=>((Np - (DST * 0.44223267)) + (((DST * 0.55434597) + Vp) * (-0.016316375 - (Bzsouth * (sqrt(Np - -1.1400765) * 0.0060620885))))) / 6.75624),16
22,3.817498,(((((square(Bmag) / Np) - Vp) * Bzsouth) * 0.03328449) - DST) / (48.280754 / sqrt(Bzsouth + sqrt(Bmag * Np))),0.0019315201499139,(((((square(Bmag) / Np) - Vp) * Bzsouth) * 0.03328449) - DST) / (48.280754 / sqrt(Bzsouth + sqrt(Bmag * Np))),PySRFunction(X=>(((((square(Bmag) / Np) - Vp) * Bzsouth) * 0.03328449) - DST) / (48.280754 / sqrt(Bzsouth + sqrt(Bmag * Np)))),2
20,3.8176548,(-2.4671552 - ((((Bzsouth * 0.0012713977) * (DST + (Vp + -83.105995))) - 1.0250055) * sqrt(Np))) + (DST * -0.060740408),0.0007482241872132,(-2.4671552 - ((((Bzsouth * 0.0012713977) * (DST + (Vp + -83.105995))) - 1.0250055) * sqrt(Np))) + (DST * -0.060740408),PySRFunction(X=>(-2.4671552 - ((((Bzsouth * 0.0012713977) * (DST + (Vp + -83.105995))) - 1.0250055) * sqrt(Np))) + (DST * -0.060740408)),4
27,3.8177822,((((DST - ((Vp * -0.056649722) + 10.195147)) + ((Np + 10.323508) * Bzsouth)) * (Vp + (DST / (Bmag / 10.553657)))) * -0.00014122437) + (Np / 6.7932496),0.0001749139020597,((((DST - ((Vp * -0.056649722) + 10.195147)) + ((Np + 10.323508) * Bzsouth)) * (Vp + (DST / (Bmag / 10.553657)))) * -0.00014122437) + (Np / 6.7932496),PySRFunction(X=>((((DST - ((Vp * -0.056649722) + 10.195147)) + ((Np + 10.323508) * Bzsouth)) * (Vp + (DST / (Bmag / 10.553657)))) * -0.00014122437) + (Np / 6.7932496)),14
20,3.818129,(sqrt(Np) * (((Vp + DST) * ((Bzsouth + 1.1389712) * -0.0010149719)) + 1.4584974)) - ((DST / 16.402863) + 2.321843),0.0006859256906359,(sqrt(Np) * (((Vp + DST) * ((Bzsouth + 1.1389712) * -0.0010149719)) + 1.4584974)) - ((DST / 16.402863) + 2.321843),PySRFunction(X=>(sqrt(Np) * (((Vp + DST) * ((Bzsouth + 1.1389712) * -0.0010149719)) + 1.4584974)) - ((DST / 16.402863) + 2.321843)),3
20,3.818307,(sqrt(Np) * ((-0.0010118978 * ((Vp + DST) * (Bzsouth - -1.1060312))) + 1.4209545)) - (2.2338638 + (0.059706226 * DST)),0.0006709989735258,(sqrt(Np) * ((-0.0010118978 * ((Vp + DST) * (Bzsouth - -1.1060312))) + 1.4209545)) - (2.2338638 + (0.059706226 * DST)),PySRFunction(X=>(sqrt(Np) * ((-0.0010118978 * ((Vp + DST) * (Bzsouth - -1.1060312))) + 1.4209545)) - (2.2338638 + (0.059706226 * DST))),11
20,3.8184476,((((((Bzsouth + 0.9134918) * ((DST + Vp) * 0.01677179)) + -22.398436) * sqrt(Np)) + DST) * -0.060756877) + -2.308542,0.0006852277553748,((((((Bzsouth + 0.9134918) * ((DST + Vp) * 0.01677179)) + -22.398436) * sqrt(Np)) + DST) * -0.060756877) + -2.308542,PySRFunction(X=>((((((Bzsouth + 0.9134918) * ((DST + Vp) * 0.01677179)) + -22.398436) * sqrt(Np)) + DST) * -0.060756877) + -2.308542),12
20,3.8189206,(((sqrt(Np) * (((DST + Vp) * ((Bzsouth + 0.9207319) * 0.016546512)) + -21.598963)) + DST) * -0.06071589) - 2.2239523,0.0006292843787518,(((sqrt(Np) * (((DST + Vp) * ((Bzsouth + 0.9207319) * 0.016546512)) + -21.598963)) + DST) * -0.06071589) - 2.2239523,PySRFunction(X=>(((sqrt(Np) * (((DST + Vp) * ((Bzsouth + 0.9207319) * 0.016546512)) + -21.598963)) + DST) * -0.06071589) - 2.2239523),6
25,3.819118,(((DST + (Bzsouth * (Np + 10.323508))) - (Vp * -0.041333385)) * (((DST / (Bmag / 10.323508)) + Vp) * -0.00014173618)) + (Np / 5.81332),0.0008571603706435,(((DST + (Bzsouth * (Np + 10.323508))) - (Vp * -0.041333385)) * (((DST / (Bmag / 10.323508)) + Vp) * -0.00014173618)) + (Np / 5.81332),PySRFunction(X=>(((DST + (Bzsouth * (Np + 10.323508))) - (Vp * -0.041333385)) * (((DST / (Bmag / 10.323508)) + Vp) * -0.00014173618)) + (Np / 5.81332)),14
22,3.8195574,((((-0.017263466 - (Bzsouth * (sqrt(Np) * 0.006297988))) * ((DST * 0.55438745) + Vp)) + Np) - (DST * 0.43356353)) / 6.6275773,0.001036519957793984,((((-0.017263466 - (Bzsouth * (sqrt(Np) * 0.006297988))) * ((DST * 0.55438745) + Vp)) + Np) - (DST * 0.43356353)) / 6.6275773,PySRFunction(X=>((((-0.017263466 - (Bzsouth * (sqrt(Np) * 0.006297988))) * ((DST * 0.55438745) + Vp)) + Np) - (DST * 0.43356353)) / 6.6275773),16
23,3.819728,(Np * 0.20203257) - ((((Np * 0.00012786292) + 0.0016431517) * ((Bzsouth + 1.2524072) * (Bzsouth + (DST + Vp)))) + (DST * 0.062692836)),0.000307950641269,(Np * 0.20203257) - ((((Np * 0.00012786292) + 0.0016431517) * ((Bzsouth + 1.2524072) * (Bzsouth + (DST + Vp)))) + (DST * 0.062692836)),PySRFunction(X=>(Np * 0.20203257) - ((((Np * 0.00012786292) + 0.0016431517) * ((Bzsouth + 1.2524072) * (Bzsouth + (DST + Vp)))) + (DST * 0.062692836))),10
20,3.8198042,((DST * -0.06463053) + -2.7530813) + (((((Vp - (DST / -1.6964436)) * Bzsouth) * -0.0009809126) + 1.105316) * sqrt(Np)),0.0004789966231071,((DST * -0.06463053) + -2.7530813) + (((((Vp - (DST / -1.6964436)) * Bzsouth) * -0.0009809126) + 1.105316) * sqrt(Np)),PySRFunction(X=>((DST * -0.06463053) + -2.7530813) + (((((Vp - (DST / -1.6964436)) * Bzsouth) * -0.0009809126) + 1.105316) * sqrt(Np))),5
20,3.8206317,(DST + (((Vp + (DST * (4.378272 - sqrt(Np)))) * 0.047595844) * Bzsouth)) / ((-57.03848 / Bmag) + -11.17177),0.004625091828088,(DST + (((Vp + (DST * (4.378272 - sqrt(Np)))) * 0.047595844) * Bzsouth)) / ((-57.03848 / Bmag) + -11.17177),PySRFunction(X=>(DST + (((Vp + (DST * (4.378272 - sqrt(Np)))) * 0.047595844) * Bzsouth)) / ((-57.03848 / Bmag) + -11.17177)),15
21,3.8220813,(Np * 0.20922062) - (((((Np * 0.00013441133) + 0.0016886025) * (DST + Vp)) * (Bzsouth + 1.2177123)) + (DST * 0.06268321)),0.0011011571476759,(Np * 0.20922062) - (((((Np * 0.00013441133) + 0.0016886025) * (DST + Vp)) * (Bzsouth + 1.2177123)) + (DST * 0.06268321)),PySRFunction(X=>(Np * 0.20922062) - (((((Np * 0.00013441133) + 0.0016886025) * (DST + Vp)) * (Bzsouth + 1.2177123)) + (DST * 0.06268321))),10
24,3.822393,(Np + (((Vp + -116.12933) * -0.0011642028) * ((((Np + 10.28813) * Bzsouth) + DST) - (Vp * -0.040788203)))) / (inv(Np) + 7.0311813),0.0003456137773929,(Np + (((Vp + -116.12933) * -0.0011642028) * ((((Np + 10.28813) * Bzsouth) + DST) - (Vp * -0.040788203)))) / (inv(Np) + 7.0311813),PySRFunction(X=>(Np + (((Vp + -116.12933) * -0.0011642028) * ((((Np + 10.28813) * Bzsouth) + DST) - (Vp * -0.040788203)))) / (inv(Np) + 7.0311813)),14
18,3.8233705,(sqrt(Np) * (((Bzsouth * (DST + Vp)) * -0.0010203831) + 1.0401108)) - ((DST / 16.440142) + 2.5004382),0.0011125038594095,(sqrt(Np) * (((Bzsouth * (DST + Vp)) * -0.0010203831) + 1.0401108)) - ((DST / 16.440142) + 2.5004382),PySRFunction(X=>(sqrt(Np) * (((Bzsouth * (DST + Vp)) * -0.0010203831) + 1.0401108)) - ((DST / 16.440142) + 2.5004382)),3
18,3.823372,((DST * -0.060868587) + -2.5011559) - (sqrt(Np) * ((((DST + Vp) * Bzsouth) * 0.0010188009) - 1.0394148)),0.0011117205190377,((DST * -0.060868587) + -2.5011559) - (sqrt(Np) * ((((DST + Vp) * Bzsouth) * 0.0010188009) - 1.0394148)),PySRFunction(X=>((DST * -0.060868587) + -2.5011559) - (sqrt(Np) * ((((DST + Vp) * Bzsouth) * 0.0010188009) - 1.0394148))),4
18,3.8234346,(((((Vp + DST) * Bzsouth) * -0.0010283601) + 1.0792747) * sqrt(Np)) - ((DST * 0.061578173) - -2.6067593),0.0011051651446179,(((((Vp + DST) * Bzsouth) * -0.0010283601) + 1.0792747) * sqrt(Np)) - ((DST * 0.061578173) - -2.6067593),PySRFunction(X=>(((((Vp + DST) * Bzsouth) * -0.0010283601) + 1.0792747) * sqrt(Np)) - ((DST * 0.061578173) - -2.6067593)),11
18,3.8234653,((sqrt(Np) * (((Bzsouth * -0.0010188408) * (DST + Vp)) + 1.016243)) + (DST * -0.059952147)) + -2.4254425,0.0011029380698736,((sqrt(Np) * (((Bzsouth * -0.0010188408) * (DST + Vp)) + 1.016243)) + (DST * -0.059952147)) + -2.4254425,PySRFunction(X=>((sqrt(Np) * (((Bzsouth * -0.0010188408) * (DST + Vp)) + 1.016243)) + (DST * -0.059952147)) + -2.4254425),5
21,3.8235185,(((-0.015159594 - ((sqrt(Np) * Bzsouth) * 0.006425298)) / inv(Vp + DST)) + (Np - (DST * 0.38008097))) / 6.363088,4.166232793662615e-05,(((-0.015159594 - ((sqrt(Np) * Bzsouth) * 0.006425298)) / inv(Vp + DST)) + (Np - (DST * 0.38008097))) / 6.363088,PySRFunction(X=>(((-0.015159594 - ((sqrt(Np) * Bzsouth) * 0.006425298)) / inv(Vp + DST)) + (Np - (DST * 0.38008097))) / 6.363088),16
20,3.8236778,((DST + Vp) * (0.0010236258 * (-2.4902163 - (Bzsouth * sqrt(Np))))) + (((DST * -0.36444232) + Np) / 5.99583),0.00045736071768582383,((DST + Vp) * (0.0010236258 * (-2.4902163 - (Bzsouth * sqrt(Np))))) + (((DST * -0.36444232) + Np) / 5.99583),PySRFunction(X=>((DST + Vp) * (0.0010236258 * (-2.4902163 - (Bzsouth * sqrt(Np))))) + (((DST * -0.36444232) + Np) / 5.99583)),16
18,3.8236842,((DST + (sqrt(Np) * (((Vp + DST) * (Bzsouth * 0.01687881)) + -18.333727))) * -0.06046955) - 2.6378908,0.0010917713821905,((DST + (sqrt(Np) * (((Vp + DST) * (Bzsouth * 0.01687881)) + -18.333727))) * -0.06046955) - 2.6378908,PySRFunction(X=>((DST + (sqrt(Np) * (((Vp + DST) * (Bzsouth * 0.01687881)) + -18.333727))) * -0.06046955) - 2.6378908),12
19,3.8237028,sqrt(Np + 1.7526187) - ((Vp * 0.0008717404) * (((sqrt(Np) * Bzsouth) - (DST * -0.14833282)) + 7.342624)),0.0002233199914475,sqrt(Np + 1.7526187) - ((Vp * 0.0008717404) * (((sqrt(Np) * Bzsouth) - (DST * -0.14833282)) + 7.342624)),PySRFunction(X=>sqrt(Np + 1.7526187) - ((Vp * 0.0008717404) * (((sqrt(Np) * Bzsouth) - (DST * -0.14833282)) + 7.342624))),1
23,3.8237143,(Np / 8.047065) + (((((Bzsouth * (Np + 10.323508)) - (Vp * -0.05883863)) + -11.020925) + DST) * ((Vp + -115.861435) * -0.00016169772)),0.0002240120534121,(Np / 8.047065) + (((((Bzsouth * (Np + 10.323508)) - (Vp * -0.05883863)) + -11.020925) + DST) * ((Vp + -115.861435) * -0.00016169772)),PySRFunction(X=>(Np / 8.047065) + (((((Bzsouth * (Np + 10.323508)) - (Vp * -0.05883863)) + -11.020925) + DST) * ((Vp + -115.861435) * -0.00016169772))),14
18,3.82373,((DST + (sqrt(Np) * ((Bzsouth * ((DST + Vp) * 0.016542498)) + -16.627289))) * -0.06268928) - 2.546201,0.0010711555512976,((DST + (sqrt(Np) * ((Bzsouth * ((DST + Vp) * 0.016542498)) + -16.627289))) * -0.06268928) - 2.546201,PySRFunction(X=>((DST + (sqrt(Np) * ((Bzsouth * ((DST + Vp) * 0.016542498)) + -16.627289))) * -0.06268928) - 2.546201),6
22,3.8237712,(((Vp + (Bzsouth * Np)) + (sqrt(Bmag / Np) * DST)) * (Bzsouth * -0.002390262)) + ((DST - Np) * -0.05035695),0.0011640885297215,(((Vp + (Bzsouth * Np)) + (sqrt(Bmag / Np) * DST)) * (Bzsouth * -0.002390262)) + ((DST - Np) * -0.05035695),PySRFunction(X=>(((Vp + (Bzsouth * Np)) + (sqrt(Bmag / Np) * DST)) * (Bzsouth * -0.002390262)) + ((DST - Np) * -0.05035695)),8
23,3.8237972,neg(((((Vp + (DST / sqrt(Np / Bmag))) + (Bzsouth * Np)) * Bzsouth) * 0.002391794) - ((DST - Np) * -0.051261432)),7.479448189284391e-06,neg(((((Vp + (DST / sqrt(Np / Bmag))) + (Bzsouth * Np)) * Bzsouth) * 0.002391794) - ((DST - Np) * -0.051261432)),PySRFunction(X=>neg(((((Vp + (DST / sqrt(Np / Bmag))) + (Bzsouth * Np)) * Bzsouth) * 0.002391794) - ((DST - Np) * -0.051261432))),7
22,3.8238258,((((Vp + (DST / sqrt(Np / Bmag))) + (Bzsouth * Np)) * -0.0023961526) * Bzsouth) - ((DST - Np) * 0.051406782),0.0011489736377519,((((Vp + (DST / sqrt(Np / Bmag))) + (Bzsouth * Np)) * -0.0023961526) * Bzsouth) - ((DST - Np) * 0.051406782),PySRFunction(X=>((((Vp + (DST / sqrt(Np / Bmag))) + (Bzsouth * Np)) * -0.0023961526) * Bzsouth) - ((DST - Np) * 0.051406782)),7
21,3.8248787,((Vp * ((((DST / Np) * -0.00029205854) - 0.039443295) * Bzsouth)) - DST) / (46.644115 / sqrt(sqrt(Bmag * Np))),0.0011080484968159,((Vp * ((((DST / Np) * -0.00029205854) - 0.039443295) * Bzsouth)) - DST) / (46.644115 / sqrt(sqrt(Bmag * Np))),PySRFunction(X=>((Vp * ((((DST / Np) * -0.00029205854) - 0.039443295) * Bzsouth)) - DST) / (46.644115 / sqrt(sqrt(Bmag * Np)))),2
20,3.825271,(sqrt(Np) + ((Vp * (sqrt(sqrt(Np)) * ((Bzsouth - (DST * -0.032553647)) - -1.3931983))) * -0.0027221802)) + Bzsouth,0.0020523873739966,(sqrt(Np) + ((Vp * (sqrt(sqrt(Np)) * ((Bzsouth - (DST * -0.032553647)) - -1.3931983))) * -0.0027221802)) + Bzsouth,PySRFunction(X=>(sqrt(Np) + ((Vp * (sqrt(sqrt(Np)) * ((Bzsouth - (DST * -0.032553647)) - -1.3931983))) * -0.0027221802)) + Bzsouth),13
20,3.825284,(sqrt(Np) + (((Vp * 0.0027304182) * sqrt(sqrt(Np))) * ((-1.380314 - Bzsouth) + (DST * -0.032294642)))) + Bzsouth,0.0022261391549476,(sqrt(Np) + (((Vp * 0.0027304182) * sqrt(sqrt(Np))) * ((-1.380314 - Bzsouth) + (DST * -0.032294642)))) + Bzsouth,PySRFunction(X=>(sqrt(Np) + (((Vp * 0.0027304182) * sqrt(sqrt(Np))) * ((-1.380314 - Bzsouth) + (DST * -0.032294642)))) + Bzsouth),9
17,3.825411,sqrt(Np) - (Vp * ((((Bzsouth * sqrt(Np)) + 6.3078604) - (DST * -0.14589983)) * 0.0008758741)),0.0027049362066963,sqrt(Np) - (Vp * ((((Bzsouth * sqrt(Np)) + 6.3078604) - (DST * -0.14589983)) * 0.0008758741)),PySRFunction(X=>sqrt(Np) - (Vp * ((((Bzsouth * sqrt(Np)) + 6.3078604) - (DST * -0.14589983)) * 0.0008758741))),1
19,3.825427,(((-0.043913137 - (sqrt(Np) * (Bzsouth * 0.006972389))) - (DST * 0.0010182599)) * (Vp / 7.9666967)) + sqrt(Np),0.001236900479116934,(((-0.043913137 - (sqrt(Np) * (Bzsouth * 0.006972389))) - (DST * 0.0010182599)) * (Vp / 7.9666967)) + sqrt(Np),PySRFunction(X=>(((-0.043913137 - (sqrt(Np) * (Bzsouth * 0.006972389))) - (DST * 0.0010182599)) * (Vp / 7.9666967)) + sqrt(Np)),16
21,3.8254278,((((((Bzsouth * (Np + 10.323508)) + DST) - (Vp * -0.041333385)) * -0.0011568238) * (Vp + -115.34289)) + Np) / 7.143635,0.0005010783872004,((((((Bzsouth * (Np + 10.323508)) + DST) - (Vp * -0.041333385)) * -0.0011568238) * (Vp + -115.34289)) + Np) / 7.143635,PySRFunction(X=>((((((Bzsouth * (Np + 10.323508)) + DST) - (Vp * -0.041333385)) * -0.0011568238) * (Vp + -115.34289)) + Np) / 7.143635),14
21,3.8282218,((DST - Np) * -0.05921403) - ((((DST + (Vp + DST)) + (Np * Bzsouth)) * 0.0024143218) * (Bzsouth - -0.49145812)),0.0024371944953106,((DST - Np) * -0.05921403) - ((((DST + (Vp + DST)) + (Np * Bzsouth)) * 0.0024143218) * (Bzsouth - -0.49145812)),PySRFunction(X=>((DST - Np) * -0.05921403) - ((((DST + (Vp + DST)) + (Np * Bzsouth)) * 0.0024143218) * (Bzsouth - -0.49145812))),7
21,3.828225,((DST - Np) * -0.059196714) + (((Bzsouth * Np) + (DST + (DST + Vp))) * ((Bzsouth - -0.48308793) * -0.002420976)),0.0012030522840779,((DST - Np) * -0.059196714) + (((Bzsouth * Np) + (DST + (DST + Vp))) * ((Bzsouth - -0.48308793) * -0.002420976)),PySRFunction(X=>((DST - Np) * -0.059196714) + (((Bzsouth * Np) + (DST + (DST + Vp))) * ((Bzsouth - -0.48308793) * -0.002420976))),8
20,3.8291192,(((Bzsouth * 0.038864493) * ((square(Bmag) / Np) - Vp)) - DST) / (43.22272 / sqrt(sqrt(Np * Bmag))),0.0017565108683185,(((Bzsouth * 0.038864493) * ((square(Bmag) / Np) - Vp)) - DST) / (43.22272 / sqrt(sqrt(Np * Bmag))),PySRFunction(X=>(((Bzsouth * 0.038864493) * ((square(Bmag) / Np) - Vp)) - DST) / (43.22272 / sqrt(sqrt(Np * Bmag)))),2
19,3.8292634,(Np + ((((((Np + 10.199524) * Bzsouth) + DST) - (Vp * -0.041980278)) * -0.00085220864) * Vp)) / 6.5881357,0.0005191905656887,(Np + ((((((Np + 10.199524) * Bzsouth) + DST) - (Vp * -0.041980278)) * -0.00085220864) * Vp)) / 6.5881357,PySRFunction(X=>(Np + ((((((Np + 10.199524) * Bzsouth) + DST) - (Vp * -0.041980278)) * -0.00085220864) * Vp)) / 6.5881357),14
18,3.8301616,(((Vp * (-0.018012473 - ((Bzsouth * sqrt(Np)) * 0.0053294078))) - (DST * 0.4203993)) + Np) / 6.01913,0.0002651143354280541,(((Vp * (-0.018012473 - ((Bzsouth * sqrt(Np)) * 0.0053294078))) - (DST * 0.4203993)) + Np) / 6.01913,PySRFunction(X=>(((Vp * (-0.018012473 - ((Bzsouth * sqrt(Np)) * 0.0053294078))) - (DST * 0.4203993)) + Np) / 6.01913),16
19,3.830508,(Np * 0.2281519) - ((Vp * (((Np * 0.000119222044) + 0.00143559) * (Bzsouth - -1.8140526))) + (DST * 0.0729705)),0.0031655819920873,(Np * 0.2281519) - ((Vp * (((Np * 0.000119222044) + 0.00143559) * (Bzsouth - -1.8140526))) + (DST * 0.0729705)),PySRFunction(X=>(Np * 0.2281519) - ((Vp * (((Np * 0.000119222044) + 0.00143559) * (Bzsouth - -1.8140526))) + (DST * 0.0729705))),10
16,3.8318825,((DST * -0.067997254) + -2.8299918) - ((((Vp * 0.0008897772) * Bzsouth) - 1.0758376) * sqrt(Np)),0.0064133300182654,((DST * -0.067997254) + -2.8299918) - ((((Vp * 0.0008897772) * Bzsouth) - 1.0758376) * sqrt(Np)),PySRFunction(X=>((DST * -0.067997254) + -2.8299918) - ((((Vp * 0.0008897772) * Bzsouth) - 1.0758376) * sqrt(Np))),4
16,3.831887,(((Vp * (Bzsouth * -0.00088871847)) + 1.065844) * sqrt(Np)) - ((DST / 14.746315) + 2.80268),0.0038289173277106,(((Vp * (Bzsouth * -0.00088871847)) + 1.065844) * sqrt(Np)) - ((DST / 14.746315) + 2.80268),PySRFunction(X=>(((Vp * (Bzsouth * -0.00088871847)) + 1.065844) * sqrt(Np)) - ((DST / 14.746315) + 2.80268)),3
16,3.831895,(((((Bzsouth * Vp) * -0.0008879792) + 1.0588746) * sqrt(Np)) + -2.7872338) - (DST * 0.06776252),0.0093308580104812,(((((Bzsouth * Vp) * -0.0008879792) + 1.0588746) * sqrt(Np)) + -2.7872338) - (DST * 0.06776252),PySRFunction(X=>(((((Bzsouth * Vp) * -0.0008879792) + 1.0588746) * sqrt(Np)) + -2.7872338) - (DST * 0.06776252)),11
16,3.8319087,((sqrt(Np) * (((Vp * -0.000886745) * Bzsouth) + 1.0524755)) + -2.7689111) + (DST * -0.06755595),0.0038262153211961,((sqrt(Np) * (((Vp * -0.000886745) * Bzsouth) + 1.0524755)) + -2.7689111) + (DST * -0.06755595),PySRFunction(X=>((sqrt(Np) * (((Vp * -0.000886745) * Bzsouth) + 1.0524755)) + -2.7689111) + (DST * -0.06755595)),5
16,3.8319304,(((sqrt(Np) * ((Vp * (Bzsouth * 0.013190157)) + -15.886305)) + DST) * -0.067225106) - 2.7936006,0.003823383842127,(((sqrt(Np) * ((Vp * (Bzsouth * 0.013190157)) + -15.886305)) + DST) * -0.067225106) - 2.7936006,PySRFunction(X=>(((sqrt(Np) * ((Vp * (Bzsouth * 0.013190157)) + -15.886305)) + DST) * -0.067225106) - 2.7936006),6
16,3.8320425,((DST + (sqrt(Np) * (((Vp * Bzsouth) * 0.013078099) + -16.393843))) * -0.0683913) + -2.9364438,0.0038131725045064,((DST + (sqrt(Np) * (((Vp * Bzsouth) * 0.013078099) + -16.393843))) * -0.0683913) + -2.9364438,PySRFunction(X=>((DST + (sqrt(Np) * (((Vp * Bzsouth) * 0.013078099) + -16.393843))) * -0.0683913) + -2.9364438),12
16,3.832193,((((((Vp * -0.012819239) * Bzsouth) - -15.451221) * sqrt(Np)) - DST) * 0.06973534) + -2.8830268,0.0037893663301686747,((((((Vp * -0.012819239) * Bzsouth) - -15.451221) * sqrt(Np)) - DST) * 0.06973534) + -2.8830268,PySRFunction(X=>((((((Vp * -0.012819239) * Bzsouth) - -15.451221) * sqrt(Np)) - DST) * 0.06973534) + -2.8830268),16
19,3.83313,(sqrt(sqrt(Np)) * (((((Bzsouth - (DST * -0.031441413)) - -1.3758589) * Vp) * -0.0026688988) + 1.5184366)) + Bzsouth,0.0009697018607361,(sqrt(sqrt(Np)) * (((((Bzsouth - (DST * -0.031441413)) - -1.3758589) * Vp) * -0.0026688988) + 1.5184366)) + Bzsouth,PySRFunction(X=>(sqrt(sqrt(Np)) * (((((Bzsouth - (DST * -0.031441413)) - -1.3758589) * Vp) * -0.0026688988) + 1.5184366)) + Bzsouth),13
17,3.8332417,(Vp * (DST + (((Bzsouth + -2.1597538) * (Np + 10.323508)) - (Vp * -0.08036314)))) * -0.00012838747,0.0049513534889538,(Vp * (DST + (((Bzsouth + -2.1597538) * (Np + 10.323508)) - (Vp * -0.08036314)))) * -0.00012838747,PySRFunction(X=>(Vp * (DST + (((Bzsouth + -2.1597538) * (Np + 10.323508)) - (Vp * -0.08036314)))) * -0.00012838747),14
19,3.8338091,Bzsouth + (sqrt(sqrt(Np)) * (((Vp * ((DST * -0.030218797) + (-1.1886467 - Bzsouth))) * 0.0026816332) + 1.3386384)),0.0008960201432246,Bzsouth + (sqrt(sqrt(Np)) * (((Vp * ((DST * -0.030218797) + (-1.1886467 - Bzsouth))) * 0.0026816332) + 1.3386384)),PySRFunction(X=>Bzsouth + (sqrt(sqrt(Np)) * (((Vp * ((DST * -0.030218797) + (-1.1886467 - Bzsouth))) * 0.0026816332) + 1.3386384))),9
16,3.8357725,(((((Bzsouth - 2.1623452) * sqrt(Np)) + 5.9008803) * (Vp * -0.012756957)) - DST) * 0.069157906,0.0033223080477644,(((((Bzsouth - 2.1623452) * sqrt(Np)) + 5.9008803) * (Vp * -0.012756957)) - DST) * 0.069157906,PySRFunction(X=>(((((Bzsouth - 2.1623452) * sqrt(Np)) + 5.9008803) * (Vp * -0.012756957)) - DST) * 0.069157906),1
19,3.835851,((Bzsouth * ((Bmag / sqrt(Np)) - ((Vp + Np) * 0.045853734))) - DST) / (50.117046 / sqrt(Bmag)),0.0003428311102836,((Bzsouth * ((Bmag / sqrt(Np)) - ((Vp + Np) * 0.045853734))) - DST) / (50.117046 / sqrt(Bmag)),PySRFunction(X=>((Bzsouth * ((Bmag / sqrt(Np)) - ((Vp + Np) * 0.045853734))) - DST) / (50.117046 / sqrt(Bmag))),2
19,3.8374472,((DST - Np) * -0.04895255) + (Bzsouth * ((((DST * 2.4618247) + Vp) + (Bzsouth * Np)) * -0.0025749283)),0.0013553473195391,((DST - Np) * -0.04895255) + (Bzsouth * ((((DST * 2.4618247) + Vp) + (Bzsouth * Np)) * -0.0025749283)),PySRFunction(X=>((DST - Np) * -0.04895255) + (Bzsouth * ((((DST * 2.4618247) + Vp) + (Bzsouth * Np)) * -0.0025749283))),8
20,3.8375633,(DST * -0.05346902) - ((Bzsouth * ((Vp + (DST / sqrt(Np / Bmag))) + (Np * Bzsouth))) * 0.002287577),0.0001584734275272,(DST * -0.05346902) - ((Bzsouth * ((Vp + (DST / sqrt(Np / Bmag))) + (Np * Bzsouth))) * 0.002287577),PySRFunction(X=>(DST * -0.05346902) - ((Bzsouth * ((Vp + (DST / sqrt(Np / Bmag))) + (Np * Bzsouth))) * 0.002287577)),7
19,3.8381715,((DST - Np) * -0.06564481) - ((Bzsouth - -0.8141953) * ((DST + (Vp + (Bzsouth * Np))) * 0.0020991976)),0.0014665283059455,((DST - Np) * -0.06564481) - ((Bzsouth - -0.8141953) * ((DST + (Vp + (Bzsouth * Np))) * 0.0020991976)),PySRFunction(X=>((DST - Np) * -0.06564481) - ((Bzsouth - -0.8141953) * ((DST + (Vp + (Bzsouth * Np))) * 0.0020991976))),7
19,3.8383434,(DST + ((Bzsouth * ((DST / (Np * 0.16051507)) + Vp)) * 0.044664573)) / (-10.660829 - (29.69092 / Np)),0.0019670385384535,(DST + ((Bzsouth * ((DST / (Np * 0.16051507)) + Vp)) * 0.044664573)) / (-10.660829 - (29.69092 / Np)),PySRFunction(X=>(DST + ((Bzsouth * ((DST / (Np * 0.16051507)) + Vp)) * 0.044664573)) / (-10.660829 - (29.69092 / Np))),15
17,3.838482,((Bzsouth * ((Bmag / sqrt(Np)) - (Vp * 0.045853734))) - DST) / (49.567196 / sqrt(Bmag)),0.0055762955198183,((Bzsouth * ((Bmag / sqrt(Np)) - (Vp * 0.045853734))) - DST) / (49.567196 / sqrt(Bmag)),PySRFunction(X=>((Bzsouth * ((Bmag / sqrt(Np)) - (Vp * 0.045853734))) - DST) / (49.567196 / sqrt(Bmag))),2
17,3.8405712,((((Vp * sqrt(sqrt(Np))) + DST) * -0.0029004961) * (Bzsouth - (DST * -0.026475983))) + Bzsouth,0.0020741847100304,((((Vp * sqrt(sqrt(Np))) + DST) * -0.0029004961) * (Bzsouth - (DST * -0.026475983))) + Bzsouth,PySRFunction(X=>((((Vp * sqrt(sqrt(Np))) + DST) * -0.0029004961) * (Bzsouth - (DST * -0.026475983))) + Bzsouth),13
17,3.8406856,Bzsouth - (((sqrt(sqrt(Np)) * Vp) + DST) * ((Bzsouth - (DST * -0.026595479)) * 0.002880304)),0.0020643606038055,Bzsouth - (((sqrt(sqrt(Np)) * Vp) + DST) * ((Bzsouth - (DST * -0.026595479)) * 0.002880304)),PySRFunction(X=>Bzsouth - (((sqrt(sqrt(Np)) * Vp) + DST) * ((Bzsouth - (DST * -0.026595479)) * 0.002880304))),9
18,3.8426518,((sqrt(Np) * ((DST + (Vp * ((Bzsouth * 0.047383364) - -0.024015693))) - Np)) + DST) * -0.01876423,0.0017716842452726,((sqrt(Np) * ((DST + (Vp * ((Bzsouth * 0.047383364) - -0.024015693))) - Np)) + DST) * -0.01876423,PySRFunction(X=>((sqrt(Np) * ((DST + (Vp * ((Bzsouth * 0.047383364) - -0.024015693))) - Np)) + DST) * -0.01876423),8
18,3.842653,(((DST + (((Bzsouth - -0.5064398) * (Vp * 0.047395214)) - Np)) * sqrt(Np)) + DST) * -0.018779598,0.0012490329328157,(((DST + (((Bzsouth - -0.5064398) * (Vp * 0.047395214)) - Np)) * sqrt(Np)) + DST) * -0.018779598,PySRFunction(X=>(((DST + (((Bzsouth - -0.5064398) * (Vp * 0.047395214)) - Np)) * sqrt(Np)) + DST) * -0.018779598),10
18,3.845901,((((Vp + ((4.3979464 - sqrt(Np)) * DST)) * 0.058947966) * Bzsouth) + (DST - Np)) / -18.773348,0.0008267035768199,((((Vp + ((4.3979464 - sqrt(Np)) * DST)) * 0.058947966) * Bzsouth) + (DST - Np)) / -18.773348,PySRFunction(X=>((((Vp + ((4.3979464 - sqrt(Np)) * DST)) * 0.058947966) * Bzsouth) + (DST - Np)) / -18.773348),15
17,3.8494456,(DST * -0.052771024) - ((((Vp + (Bzsouth * Np)) + (DST / 0.44165215)) * 0.0024323284) * Bzsouth),0.0030345041885094,(DST * -0.052771024) - ((((Vp + (Bzsouth * Np)) + (DST / 0.44165215)) * 0.0024323284) * Bzsouth),PySRFunction(X=>(DST * -0.052771024) - ((((Vp + (Bzsouth * Np)) + (DST / 0.44165215)) * 0.0024323284) * Bzsouth)),7
17,3.8494658,((Bzsouth * -0.002419196) * ((Vp + (Bzsouth * Np)) + (DST * 2.1836593))) + (DST * -0.053655926),0.0007267458221727,((Bzsouth * -0.002419196) * ((Vp + (Bzsouth * Np)) + (DST * 2.1836593))) + (DST * -0.053655926),PySRFunction(X=>((Bzsouth * -0.002419196) * ((Vp + (Bzsouth * Np)) + (DST * 2.1836593))) + (DST * -0.053655926)),8
16,3.8522642,(DST + (sqrt(Np) * (((Vp * Bzsouth) * 0.05508172) + (DST - Np)))) * -0.015940847,0.0011771538825273,(DST + (sqrt(Np) * (((Vp * Bzsouth) * 0.05508172) + (DST - Np)))) * -0.015940847,PySRFunction(X=>(DST + (sqrt(Np) * (((Vp * Bzsouth) * 0.05508172) + (DST - Np)))) * -0.015940847),10
16,3.8522644,((sqrt(Np) * (((Bzsouth * (Vp * 0.05508861)) + DST) - Np)) + DST) * -0.015949432,0.0011770372817525,((sqrt(Np) * (((Bzsouth * (Vp * 0.05508861)) + DST) - Np)) + DST) * -0.015949432,PySRFunction(X=>((sqrt(Np) * (((Bzsouth * (Vp * 0.05508861)) + DST) - Np)) + DST) * -0.015949432),8
16,3.8522651,(DST + (sqrt(Np) * ((Bzsouth * (Vp * 0.055032335)) + (DST - Np)))) / -62.64751,0.0011769982215469,(DST + (sqrt(Np) * ((Bzsouth * (Vp * 0.055032335)) + (DST - Np)))) / -62.64751,PySRFunction(X=>(DST + (sqrt(Np) * ((Bzsouth * (Vp * 0.055032335)) + (DST - Np)))) / -62.64751),15
16,3.8522685,(DST + (((DST + ((Vp * 0.054906882) * Bzsouth)) - Np) * sqrt(Np))) * -0.015953736,0.001176595769509,(DST + (((DST + ((Vp * 0.054906882) * Bzsouth)) - Np) * sqrt(Np))) * -0.015953736,PySRFunction(X=>(DST + (((DST + ((Vp * 0.054906882) * Bzsouth)) - Np) * sqrt(Np))) * -0.015953736),14
15,3.8565364,(((Vp * (Bzsouth - (DST * -0.027318848))) * sqrt(sqrt(Np))) * -0.002666342) + Bzsouth,0.0032511029160983,(((Vp * (Bzsouth - (DST * -0.027318848))) * sqrt(sqrt(Np))) * -0.002666342) + Bzsouth,PySRFunction(X=>(((Vp * (Bzsouth - (DST * -0.027318848))) * sqrt(sqrt(Np))) * -0.002666342) + Bzsouth),13
15,3.8565366,((((DST * -0.027296232) - Bzsouth) * 0.0026654755) * (sqrt(sqrt(Np)) * Vp)) + Bzsouth,0.0032613634925499,((((DST * -0.027296232) - Bzsouth) * 0.0026654755) * (sqrt(sqrt(Np)) * Vp)) + Bzsouth,PySRFunction(X=>((((DST * -0.027296232) - Bzsouth) * 0.0026654755) * (sqrt(sqrt(Np)) * Vp)) + Bzsouth),4
15,3.8565755,(Vp * ((sqrt(sqrt(Np)) * 0.0026535015) * ((DST * -0.027451642) - Bzsouth))) + Bzsouth,0.0032764241983106,(Vp * ((sqrt(sqrt(Np)) * 0.0026535015) * ((DST * -0.027451642) - Bzsouth))) + Bzsouth,PySRFunction(X=>(Vp * ((sqrt(sqrt(Np)) * 0.0026535015) * ((DST * -0.027451642) - Bzsouth))) + Bzsouth),9
16,3.8599463,(((6.9948773 - (Vp * 0.050683368)) * Bzsouth) - DST) / ((30.980541 / sqrt(Np)) - -3.3161407),0.001365899221554,(((6.9948773 - (Vp * 0.050683368)) * Bzsouth) - DST) / ((30.980541 / sqrt(Np)) - -3.3161407),PySRFunction(X=>(((6.9948773 - (Vp * 0.050683368)) * Bzsouth) - DST) / ((30.980541 / sqrt(Np)) - -3.3161407)),2
16,3.8611445,((Vp * 0.0019705552) + sqrt(Np)) * ((DST * -0.017512739) - ((Bzsouth * Vp) * 0.0006328814)),0.0016772917120143,((Vp * 0.0019705552) + sqrt(Np)) * ((DST * -0.017512739) - ((Bzsouth * Vp) * 0.0006328814)),PySRFunction(X=>((Vp * 0.0019705552) + sqrt(Np)) * ((DST * -0.017512739) - ((Bzsouth * Vp) * 0.0006328814))),7
14,3.8613436,((sqrt(Np) * (DST - ((Bzsouth * -0.050225805) * Vp))) + DST) / -58.22813,0.0035095535495331,((sqrt(Np) * (DST - ((Bzsouth * -0.050225805) * Vp))) + DST) / -58.22813,PySRFunction(X=>((sqrt(Np) * (DST - ((Bzsouth * -0.050225805) * Vp))) + DST) / -58.22813),3
14,3.8613436,(((DST + (Vp * (Bzsouth * 0.050229523))) * sqrt(Np)) + DST) * -0.017173702,0.0035095535495331,(((DST + (Vp * (Bzsouth * 0.050229523))) * sqrt(Np)) + DST) * -0.017173702,PySRFunction(X=>(((DST + (Vp * (Bzsouth * 0.050229523))) * sqrt(Np)) + DST) * -0.017173702),8
14,3.861344,((sqrt(Np) * (((Vp * 0.050226804) * Bzsouth) + DST)) + DST) / -58.222122,0.0030337139689533,((sqrt(Np) * (((Vp * 0.050226804) * Bzsouth) + DST)) + DST) / -58.222122,PySRFunction(X=>((sqrt(Np) * (((Vp * 0.050226804) * Bzsouth) + DST)) + DST) / -58.222122),15
14,3.8613443,((sqrt(Np) * (((Vp * Bzsouth) * 0.050208017) + DST)) + DST) * -0.017175438,0.0035091658095515,((sqrt(Np) * (((Vp * Bzsouth) * 0.050208017) + DST)) + DST) * -0.017175438,PySRFunction(X=>((sqrt(Np) * (((Vp * Bzsouth) * 0.050208017) + DST)) + DST) * -0.017175438),10
14,3.8613443,((sqrt(Np) * ((Bzsouth * (Vp * 0.05024978)) + DST)) + DST) * -0.017173616,0.0035092432305377,((sqrt(Np) * ((Bzsouth * (Vp * 0.05024978)) + DST)) + DST) * -0.017173616,PySRFunction(X=>((sqrt(Np) * ((Bzsouth * (Vp * 0.05024978)) + DST)) + DST) * -0.017173616),14
14,3.8613446,((sqrt(Np) * (DST + ((Bzsouth * Vp) * 0.05019049))) + DST) * -0.01717498,0.0035091655373912,((sqrt(Np) * (DST + ((Bzsouth * Vp) * 0.05019049))) + DST) * -0.01717498,PySRFunction(X=>((sqrt(Np) * (DST + ((Bzsouth * Vp) * 0.05019049))) + DST) * -0.01717498),5
14,3.8613446,(DST - (sqrt(Np) * (((Bzsouth * Vp) * -0.050248496) - DST))) * -0.01717042,0.0035095784492162,(DST - (sqrt(Np) * (((Bzsouth * Vp) * -0.050248496) - DST))) * -0.01717042,PySRFunction(X=>(DST - (sqrt(Np) * (((Bzsouth * Vp) * -0.050248496) - DST))) * -0.01717042),1
14,3.8613446,(DST + ((((Bzsouth * 0.050254807) * Vp) + DST) * sqrt(Np))) * -0.01717371,0.0035091655373912,(DST + ((((Bzsouth * 0.050254807) * Vp) + DST) * sqrt(Np))) * -0.01717371,PySRFunction(X=>(DST + ((((Bzsouth * 0.050254807) * Vp) + DST) * sqrt(Np))) * -0.01717371),6
14,3.8613465,((((Bzsouth * (Vp * -0.05026531)) - DST) * sqrt(Np)) - DST) * 0.017164776,0.003509654146243044,((((Bzsouth * (Vp * -0.05026531)) - DST) * sqrt(Np)) - DST) * 0.017164776,PySRFunction(X=>((((Bzsouth * (Vp * -0.05026531)) - DST) * sqrt(Np)) - DST) * 0.017164776),16
14,3.8613787,((((Bzsouth * (Vp * 0.050473813)) + DST) * sqrt(Np)) + DST) * -0.017065736,0.0035004634907076,((((Bzsouth * (Vp * 0.050473813)) + DST) * sqrt(Np)) + DST) * -0.017065736,PySRFunction(X=>((((Bzsouth * (Vp * 0.050473813)) + DST) * sqrt(Np)) + DST) * -0.017065736),12
15,3.8652222,((Bzsouth * (8.236861 - (Vp * 0.05357665))) - DST) / ((45.445213 / Np) + 8.101647),0.0006637518453284,((Bzsouth * (8.236861 - (Vp * 0.05357665))) - DST) / ((45.445213 / Np) + 8.101647),PySRFunction(X=>((Bzsouth * (8.236861 - (Vp * 0.05357665))) - DST) / ((45.445213 / Np) + 8.101647)),2
15,3.8676262,(DST * -0.055553485) - ((Bzsouth * (Vp + (DST + (Bzsouth * Np)))) * 0.0020773702),0.0003803418797898,(DST * -0.055553485) - ((Bzsouth * (Vp + (DST + (Bzsouth * Np)))) * 0.0020773702),PySRFunction(X=>(DST * -0.055553485) - ((Bzsouth * (Vp + (DST + (Bzsouth * Np)))) * 0.0020773702)),7
14,3.8677886,(((Vp * Bzsouth) * -0.036379535) - DST) / ((30.303158 / sqrt(Np)) + 3.5567102),0.0013605496828392,(((Vp * Bzsouth) * -0.036379535) - DST) / ((30.303158 / sqrt(Np)) + 3.5567102),PySRFunction(X=>(((Vp * Bzsouth) * -0.036379535) - DST) / ((30.303158 / sqrt(Np)) + 3.5567102)),2
15,3.8678172,(((Bzsouth * -0.0021525389) * Vp) - (DST * 0.0592322)) * (sqrt(sqrt(Np)) + -0.50409555),0.0003311914147572,(((Bzsouth * -0.0021525389) * Vp) - (DST * 0.0592322)) * (sqrt(sqrt(Np)) + -0.50409555),PySRFunction(X=>(((Bzsouth * -0.0021525389) * Vp) - (DST * 0.0592322)) * (sqrt(sqrt(Np)) + -0.50409555)),11
14,3.8690948,((((Bzsouth * -0.03646942) * Vp) - DST) * 0.017577695) * (sqrt(Np) + 1.0083877),0.0015044653642793,((((Bzsouth * -0.03646942) * Vp) - DST) * 0.017577695) * (sqrt(Np) + 1.0083877),PySRFunction(X=>((((Bzsouth * -0.03646942) * Vp) - DST) * 0.017577695) * (sqrt(Np) + 1.0083877)),13
14,3.8690975,((DST * -0.017535748) - (Bzsouth * (Vp * 0.0006386362))) * (sqrt(Np) + 1.0216174),0.0015042062455059,((DST * -0.017535748) - (Bzsouth * (Vp * 0.0006386362))) * (sqrt(Np) + 1.0216174),PySRFunction(X=>((DST * -0.017535748) - (Bzsouth * (Vp * 0.0006386362))) * (sqrt(Np) + 1.0216174)),7
14,3.8690984,(sqrt(Np) + 0.9787116) * ((DST * -0.017756652) - (Vp * (Bzsouth * 0.0006467542))),0.0015030445817089,(sqrt(Np) + 0.9787116) * ((DST * -0.017756652) - (Vp * (Bzsouth * 0.0006467542))),PySRFunction(X=>(sqrt(Np) + 0.9787116) * ((DST * -0.017756652) - (Vp * (Bzsouth * 0.0006467542)))),11
14,3.8691347,((DST * -0.017152267) - ((Bzsouth * Vp) * 0.0006260264)) * (sqrt(Np) - -1.0849626),0.0014938690509618,((DST * -0.017152267) - ((Bzsouth * Vp) * 0.0006260264)) * (sqrt(Np) - -1.0849626),PySRFunction(X=>((DST * -0.017152267) - ((Bzsouth * Vp) * 0.0006260264)) * (sqrt(Np) - -1.0849626)),4
14,3.869232,((DST * -0.018262425) - (Vp * (Bzsouth * 0.00066348043))) * (sqrt(Np) - -0.86546844),0.0014699345533152,((DST * -0.018262425) - (Vp * (Bzsouth * 0.00066348043))) * (sqrt(Np) - -0.86546844),PySRFunction(X=>((DST * -0.018262425) - (Vp * (Bzsouth * 0.00066348043))) * (sqrt(Np) - -0.86546844)),9
13,3.8730545,((Vp * (Bzsouth * -0.036543075)) - DST) / ((38.97953 / Np) + 8.812813),0.0012909633006874,((Vp * (Bzsouth * -0.036543075)) - DST) / ((38.97953 / Np) + 8.812813),PySRFunction(X=>((Vp * (Bzsouth * -0.036543075)) - DST) / ((38.97953 / Np) + 8.812813)),2
13,3.873076,(DST + (Bzsouth * (Vp * 0.03660127))) / ((-37.840935 / Np) + -8.971396),0.0012854895002603,(DST + (Bzsouth * (Vp * 0.03660127))) / ((-37.840935 / Np) + -8.971396),PySRFunction(X=>(DST + (Bzsouth * (Vp * 0.03660127))) / ((-37.840935 / Np) + -8.971396)),15
13,3.8749182,(DST + ((Vp * 0.03679884) * Bzsouth)) * (sqrt(sqrt(Np)) * -0.04099126),0.0008100631109132,(DST + ((Vp * 0.03679884) * Bzsouth)) * (sqrt(sqrt(Np)) * -0.04099126),PySRFunction(X=>(DST + ((Vp * 0.03679884) * Bzsouth)) * (sqrt(sqrt(Np)) * -0.04099126)),10
13,3.8749182,(((Vp * Bzsouth) * -0.0015082554) - (DST * 0.040986255)) * sqrt(sqrt(Np)),0.0008099599665096,(((Vp * Bzsouth) * -0.0015082554) - (DST * 0.040986255)) * sqrt(sqrt(Np)),PySRFunction(X=>(((Vp * Bzsouth) * -0.0015082554) - (DST * 0.040986255)) * sqrt(sqrt(Np))),11
13,3.8749185,sqrt(sqrt(Np)) * ((((Bzsouth * Vp) * 0.03677575) + DST) * -0.040973727),0.0008100630482228,sqrt(sqrt(Np)) * ((((Bzsouth * Vp) * 0.03677575) + DST) * -0.040973727),PySRFunction(X=>sqrt(sqrt(Np)) * ((((Bzsouth * Vp) * 0.03677575) + DST) * -0.040973727)),5
13,3.8749185,(sqrt(sqrt(Np)) * (DST + ((Vp * Bzsouth) * 0.036793657))) * -0.040973067,0.0008098825455234,(sqrt(sqrt(Np)) * (DST + ((Vp * Bzsouth) * 0.036793657))) * -0.040973067,PySRFunction(X=>(sqrt(sqrt(Np)) * (DST + ((Vp * Bzsouth) * 0.036793657))) * -0.040973067),14
13,3.8749185,((((Bzsouth * Vp) * 0.03678186) + DST) * -0.04097975) * sqrt(sqrt(Np)),0.0008098825455234,((((Bzsouth * Vp) * 0.03678186) + DST) * -0.04097975) * sqrt(sqrt(Np)),PySRFunction(X=>((((Bzsouth * Vp) * 0.03678186) + DST) * -0.04097975) * sqrt(sqrt(Np))),6
13,3.874919,(sqrt(sqrt(Np)) * -0.040968873) * (((Bzsouth * 0.03676886) * Vp) + DST),0.00080975351056,(sqrt(sqrt(Np)) * -0.040968873) * (((Bzsouth * 0.03676886) * Vp) + DST),PySRFunction(X=>(sqrt(sqrt(Np)) * -0.040968873) * (((Bzsouth * 0.03676886) * Vp) + DST)),8
13,3.874919,((DST * -0.040962875) - (Bzsouth * (Vp * 0.0015065973))) * sqrt(sqrt(Np)),0.00080975351056,((DST * -0.040962875) - (Bzsouth * (Vp * 0.0015065973))) * sqrt(sqrt(Np)),PySRFunction(X=>((DST * -0.040962875) - (Bzsouth * (Vp * 0.0015065973))) * sqrt(sqrt(Np))),4
13,3.874919,((DST - ((Vp * Bzsouth) * -0.036811493)) * sqrt(sqrt(Np))) / -24.406572,0.0008099340132592,((DST - ((Vp * Bzsouth) * -0.036811493)) * sqrt(sqrt(Np))) / -24.406572,PySRFunction(X=>((DST - ((Vp * Bzsouth) * -0.036811493)) * sqrt(sqrt(Np))) / -24.406572),3
13,3.874919,(DST - ((Vp * Bzsouth) * -0.036777794)) * (sqrt(sqrt(Np)) * -0.040961783),0.0008096761522503,(DST - ((Vp * Bzsouth) * -0.036777794)) * (sqrt(sqrt(Np)) * -0.040961783),PySRFunction(X=>(DST - ((Vp * Bzsouth) * -0.036777794)) * (sqrt(sqrt(Np)) * -0.040961783)),12
13,3.8749201,((DST - ((Vp * Bzsouth) * -0.036786918)) * sqrt(sqrt(Np))) * -0.041016884,0.0008093922753888,((DST - ((Vp * Bzsouth) * -0.036786918)) * sqrt(sqrt(Np))) * -0.041016884,PySRFunction(X=>((DST - ((Vp * Bzsouth) * -0.036786918)) * sqrt(sqrt(Np))) * -0.041016884),1
13,3.8749201,(sqrt(sqrt(Np)) * 0.04099039) * (((Vp * Bzsouth) * -0.03674617) - DST),0.0008094696336984,(sqrt(sqrt(Np)) * 0.04099039) * (((Vp * Bzsouth) * -0.03674617) - DST),PySRFunction(X=>(sqrt(sqrt(Np)) * 0.04099039) * (((Vp * Bzsouth) * -0.03674617) - DST)),13
13,3.8749218,((DST - (Vp * (Bzsouth * -0.036772743))) * sqrt(sqrt(Np))) * -0.041040394,0.0008090309150712,((DST - (Vp * (Bzsouth * -0.036772743))) * sqrt(sqrt(Np))) * -0.041040394,PySRFunction(X=>((DST - (Vp * (Bzsouth * -0.036772743))) * sqrt(sqrt(Np))) * -0.041040394),7
13,3.8749223,((((Bzsouth * Vp) * -0.036780898) - DST) * 0.04091163) * sqrt(sqrt(Np)),0.0008090050246210337,((((Bzsouth * Vp) * -0.036780898) - DST) * 0.04091163) * sqrt(sqrt(Np)),PySRFunction(X=>((((Bzsouth * Vp) * -0.036780898) - DST) * 0.04091163) * sqrt(sqrt(Np))),16
13,3.8749237,((DST * -0.040866017) - ((Vp * 0.001505993) * Bzsouth)) * sqrt(sqrt(Np)),0.0008095720262724,((DST * -0.040866017) - ((Vp * 0.001505993) * Bzsouth)) * sqrt(sqrt(Np)),PySRFunction(X=>((DST * -0.040866017) - ((Vp * 0.001505993) * Bzsouth)) * sqrt(sqrt(Np))),9
12,3.8780577,(((Vp * Bzsouth) * -0.036295656) - DST) / (42.58912 / sqrt(Np)),0.0124147723584423,(((Vp * Bzsouth) * -0.036295656) - DST) / (42.58912 / sqrt(Np)),PySRFunction(X=>(((Vp * Bzsouth) * -0.036295656) - DST) / (42.58912 / sqrt(Np))),2
12,3.8780577,(sqrt(Np) * -0.023477573) * (DST - (Bzsouth * (Vp * -0.036299694))),0.0088736086751218,(sqrt(Np) * -0.023477573) * (DST - (Bzsouth * (Vp * -0.036299694))),PySRFunction(X=>(sqrt(Np) * -0.023477573) * (DST - (Bzsouth * (Vp * -0.036299694)))),1
12,3.8780577,((DST * -0.023486733) - (Vp * (Bzsouth * 0.00085231994))) * sqrt(Np),0.0124148232943502,((DST * -0.023486733) - (Vp * (Bzsouth * 0.00085231994))) * sqrt(Np),PySRFunction(X=>((DST * -0.023486733) - (Vp * (Bzsouth * 0.00085231994))) * sqrt(Np)),12
12,3.878058,(sqrt(Np) / -42.644825) * ((Vp * (Bzsouth * 0.03632786)) + DST),0.012414618596266,(sqrt(Np) / -42.644825) * ((Vp * (Bzsouth * 0.03632786)) + DST),PySRFunction(X=>(sqrt(Np) / -42.644825) * ((Vp * (Bzsouth * 0.03632786)) + DST)),15
12,3.878058,((DST * -0.023500644) - ((Vp * 0.00085281447) * Bzsouth)) * sqrt(Np),0.0124147459360405,((DST * -0.023500644) - ((Vp * 0.00085281447) * Bzsouth)) * sqrt(Np),PySRFunction(X=>((DST * -0.023500644) - ((Vp * 0.00085281447) * Bzsouth)) * sqrt(Np)),7
12,3.878058,((Bzsouth * (Vp * -0.0008522852)) - (DST * 0.023476511)) * sqrt(Np),0.0117159668245703,((Bzsouth * (Vp * -0.0008522852)) - (DST * 0.023476511)) * sqrt(Np),PySRFunction(X=>((Bzsouth * (Vp * -0.0008522852)) - (DST * 0.023476511)) * sqrt(Np)),11
12,3.878058,(sqrt(Np) * -0.023475427) * (DST + ((Bzsouth * 0.03631251) * Vp)),0.0124147459360405,(sqrt(Np) * -0.023475427) * (DST + ((Bzsouth * 0.03631251) * Vp)),PySRFunction(X=>(sqrt(Np) * -0.023475427) * (DST + ((Bzsouth * 0.03631251) * Vp))),8
12,3.878058,sqrt(Np) * ((DST * -0.02349938) - (Vp * (Bzsouth * 0.00085278164))),0.0124147459360405,sqrt(Np) * ((DST * -0.02349938) - (Vp * (Bzsouth * 0.00085278164))),PySRFunction(X=>sqrt(Np) * ((DST * -0.02349938) - (Vp * (Bzsouth * 0.00085278164)))),4
12,3.878058,sqrt(Np) * ((DST * -0.023493165) + ((Vp * -0.0008525118) * Bzsouth)),0.0124149496796459,sqrt(Np) * ((DST * -0.023493165) + ((Vp * -0.0008525118) * Bzsouth)),PySRFunction(X=>sqrt(Np) * ((DST * -0.023493165) + ((Vp * -0.0008525118) * Bzsouth))),6
12,3.878058,(sqrt(Np) * (((Vp * Bzsouth) * 0.03629023) + DST)) * -0.023489393,0.0088723045176294,(sqrt(Np) * (((Vp * Bzsouth) * 0.03629023) + DST)) * -0.023489393,PySRFunction(X=>(sqrt(Np) * (((Vp * Bzsouth) * 0.03629023) + DST)) * -0.023489393),14
12,3.878058,(((Vp * Bzsouth) * -0.03628925) - DST) * (sqrt(Np) * 0.023497693),0.012414618596266,(((Vp * Bzsouth) * -0.03628925) - DST) * (sqrt(Np) * 0.023497693),PySRFunction(X=>(((Vp * Bzsouth) * -0.03628925) - DST) * (sqrt(Np) * 0.023497693)),13
12,3.8780584,(((Bzsouth * Vp) * -0.036327194) - DST) * (sqrt(Np) * 0.023443386),0.012414642791636992,(((Bzsouth * Vp) * -0.036327194) - DST) * (sqrt(Np) * 0.023443386),PySRFunction(X=>(((Bzsouth * Vp) * -0.036327194) - DST) * (sqrt(Np) * 0.023443386)),16
12,3.8780584,(((Bzsouth * 0.03628103) * Vp) + DST) * (sqrt(Np) * -0.023486875),0.0124145918557291,(((Bzsouth * 0.03628103) * Vp) + DST) * (sqrt(Np) * -0.023486875),PySRFunction(X=>(((Bzsouth * 0.03628103) * Vp) + DST) * (sqrt(Np) * -0.023486875)),10
12,3.8780587,((DST - ((Bzsouth * -0.036348335) * Vp)) * sqrt(Np)) / -42.675613,0.0124145144974334,((DST - ((Bzsouth * -0.036348335) * Vp)) * sqrt(Np)) / -42.675613,PySRFunction(X=>((DST - ((Bzsouth * -0.036348335) * Vp)) * sqrt(Np)) / -42.675613),3
12,3.8780587,(sqrt(Np) * (DST + (Vp * (Bzsouth * 0.0363456)))) * -0.023428254,0.0124147691769466,(sqrt(Np) * (DST + (Vp * (Bzsouth * 0.0363456)))) * -0.023428254,PySRFunction(X=>(sqrt(Np) * (DST + (Vp * (Bzsouth * 0.0363456)))) * -0.023428254),5
12,3.878062,(sqrt(Np) * (DST - ((Bzsouth * Vp) * -0.036275778))) * -0.023540929,0.0124159047340661,(sqrt(Np) * (DST - ((Bzsouth * Vp) * -0.036275778))) * -0.023540929,PySRFunction(X=>(sqrt(Np) * (DST - ((Bzsouth * Vp) * -0.036275778))) * -0.023540929),9
11,3.9126184,(DST + (Bzsouth * (Np + 14.336556))) * (Vp * -9.7389406e-5),0.0061795549744386,(DST + (Bzsouth * (Np + 14.336556))) * (Vp * -9.7389406e-5),PySRFunction(X=>(DST + (Bzsouth * (Np + 14.336556))) * (Vp * -9.7389406e-5)),14
11,3.9126232,((DST + (Bzsouth * (Np + 14.430785))) * Vp) * -9.7203396e-5,0.0061783281752559,((DST + (Bzsouth * (Np + 14.430785))) * Vp) * -9.7203396e-5,PySRFunction(X=>((DST + (Bzsouth * (Np + 14.430785))) * Vp) * -9.7203396e-5),1
11,3.9237604,(DST * -0.059989534) - (Bzsouth * (Vp / (367.22745 - DST))),0.003336019671889,(DST * -0.059989534) - (Bzsouth * (Vp / (367.22745 - DST))),PySRFunction(X=>(DST * -0.059989534) - (Bzsouth * (Vp / (367.22745 - DST)))),11
11,3.9265027,((DST + Vp) * (Bzsouth * -0.0026192714)) - (DST * 0.058823813),0.0026372408958019,((DST + Vp) * (Bzsouth * -0.0026192714)) - (DST * 0.058823813),PySRFunction(X=>((DST + Vp) * (Bzsouth * -0.0026192714)) - (DST * 0.058823813)),13
11,3.9265027,((Bzsouth * -0.0026190195) * (DST + Vp)) + (DST / -16.999104),0.0026371138913946,((Bzsouth * -0.0026190195) * (DST + Vp)) + (DST / -16.999104),PySRFunction(X=>((Bzsouth * -0.0026190195) * (DST + Vp)) + (DST / -16.999104)),15
11,3.926503,(DST - (((Vp + DST) * -0.044525195) * Bzsouth)) / -16.999172,0.0026369866857605,(DST - (((Vp + DST) * -0.044525195) * Bzsouth)) / -16.999172,PySRFunction(X=>(DST - (((Vp + DST) * -0.044525195) * Bzsouth)) / -16.999172),3
11,3.926503,(DST * -0.0588211) + ((Bzsouth * -0.0026200295) * (Vp + DST)),0.0026380535223353,(DST * -0.0588211) + ((Bzsouth * -0.0026200295) * (Vp + DST)),PySRFunction(X=>(DST * -0.0588211) + ((Bzsouth * -0.0026200295) * (Vp + DST))),10
11,3.926503,(Bzsouth * ((DST + Vp) * -0.0026193375)) - (DST / 16.997396),0.0026378503154564,(Bzsouth * ((DST + Vp) * -0.0026193375)) - (DST / 16.997396),PySRFunction(X=>(Bzsouth * ((DST + Vp) * -0.0026193375)) - (DST / 16.997396)),2
11,3.9265032,(Bzsouth * ((DST + Vp) * -0.0026228176)) + (DST * -0.058825497),0.0026392472276596,(Bzsouth * ((DST + Vp) * -0.0026228176)) + (DST * -0.058825497),PySRFunction(X=>(Bzsouth * ((DST + Vp) * -0.0026228176)) + (DST * -0.058825497)),8
11,3.9265032,(((Vp + DST) * Bzsouth) * -0.0026193536) + (DST * -0.058843177),0.0026389424177051,(((Vp + DST) * Bzsouth) * -0.0026193536) + (DST * -0.058843177),PySRFunction(X=>(((Vp + DST) * Bzsouth) * -0.0026193536) + (DST * -0.058843177)),7
11,3.9265032,((Bzsouth * (Vp + DST)) * -0.0026182963) + (DST * -0.058827013),0.0026371897586642,((Bzsouth * (Vp + DST)) * -0.0026182963) + (DST * -0.058827013),PySRFunction(X=>((Bzsouth * (Vp + DST)) * -0.0026182963) + (DST * -0.058827013)),4
11,3.9265032,((Bzsouth * -0.002619928) * (Vp + DST)) - (DST * 0.058858473),0.0026371897586642,((Bzsouth * -0.002619928) * (Vp + DST)) - (DST * 0.058858473),PySRFunction(X=>((Bzsouth * -0.002619928) * (Vp + DST)) - (DST * 0.058858473)),12
11,3.9265032,(((Bzsouth * -0.04452747) * (DST + Vp)) - DST) * 0.05885157,0.0026371135560275317,(((Bzsouth * -0.04452747) * (DST + Vp)) - DST) * 0.05885157,PySRFunction(X=>(((Bzsouth * -0.04452747) * (DST + Vp)) - DST) * 0.05885157),16
11,3.926504,(DST / -16.9789) - (Bzsouth * ((DST + Vp) * 0.0026204018)),0.0026375448342171,(DST / -16.9789) - (Bzsouth * ((DST + Vp) * 0.0026204018)),PySRFunction(X=>(DST / -16.9789) - (Bzsouth * ((DST + Vp) * 0.0026204018))),5
11,3.926504,(DST + ((Vp + DST) * (Bzsouth * 0.044593092))) * -0.058822285,0.0026367828080148,(DST + ((Vp + DST) * (Bzsouth * 0.044593092))) * -0.058822285,PySRFunction(X=>(DST + ((Vp + DST) * (Bzsouth * 0.044593092))) * -0.058822285),6
11,3.9265118,(DST * -0.058829583) - ((Vp + DST) * (Bzsouth * 0.002630866)),0.00264178152849,(DST * -0.058829583) - ((Vp + DST) * (Bzsouth * 0.002630866)),PySRFunction(X=>(DST * -0.058829583) - ((Vp + DST) * (Bzsouth * 0.002630866))),9
