,complexity,loss,equation,score,sympy_format,TRAIN_RMSE,TEST_RMSE,TRAIN_MAE,TEST_MAE,TRAIN_R2,TEST_R2,TRAIN_BFE,TEST_BFE,sympy_eq
0,30,3.7892406,((-0.06690711 * DST) + -2.5263886) + ((((((Bzsouth + Bzsouth) + DST) * -0.008291428) - sqrt(Np)) + -0.60579747) * (((((Vp - Bmag) - 159.63905) * Bzsouth) * 0.0013296593) - 0.84098405)),5.19998000700028e-05,((-0.06690711 * DST) + -2.5263886) + ((((((Bzsouth + Bzsouth) + DST) * -0.008291428) - sqrt(Np)) + -0.60579747) * (((((Vp - Bmag) - 159.63905) * Bzsouth) * 0.0013296593) - 0.84098405)),14.219150943396226,16.31655,10.911735849056603,12.99905,0.725320754716981,0.6983,15.571754716981133,18.4269,-0.06690711*DST + (0.0013296593*Bzsouth*(-Bmag + Vp - 159.63905) - 0.84098405)*(-0.016582856*Bzsouth - 0.008291428*DST - sqrt(Np) - 0.60579747) - 2.5263886
1,28,3.7896347,(DST * -0.06690711) + (((((DST + Bzsouth) * -0.008006787) + (-0.6224202 - sqrt(Np))) * (((((Vp - Np) - 159.63905) * Bzsouth) * 0.0013296593) - 0.84098405)) + -2.5525913),0.0001630893847835,(DST * -0.06690711) + (((((DST + Bzsouth) * -0.008006787) + (-0.6224202 - sqrt(Np))) * (((((Vp - Np) - 159.63905) * Bzsouth) * 0.0013296593) - 0.84098405)) + -2.5525913),14.190660377358492,16.421550000000003,10.902207547169812,13.076849999999999,0.7266415094339622,0.6916,15.589547169811322,18.5639,-0.06690711*DST + (0.0013296593*Bzsouth*(-Np + Vp - 159.63905) - 0.84098405)*(-0.008006787*Bzsouth - 0.008006787*DST - sqrt(Np) - 0.6224202) - 2.5525913
2,26,3.790871,(((((((Vp - Np) - 160.32938) * Bzsouth) * 0.0013246149) - 0.80793333) * ((DST * -0.00731337) - (sqrt(Np) + 0.65606064))) + (DST * -0.06632254)) + -2.468984,0.0001076549590332,(((((((Vp - Np) - 160.32938) * Bzsouth) * 0.0013246149) - 0.80793333) * ((DST * -0.00731337) - (sqrt(Np) + 0.65606064))) + (DST * -0.06632254)) + -2.468984,14.273264150943396,16.3744,10.962886792452828,12.9476,0.7243584905660375,0.6988000000000001,15.761811320754717,18.80555,-0.06632254*DST + (0.0013246149*Bzsouth*(-Np + Vp - 160.32938) - 0.80793333)*(-0.00731337*DST - sqrt(Np) - 0.65606064) - 2.468984
3,29,3.7913702,(((((((Bzsouth + Bmag) * DST) + ((sqrt(Np) * Bzsouth) * (Vp + (-143.72131 - Np)))) * -0.026818233) - (Bmag + DST)) / 19.122902) + sqrt(Np)) + -2.1933167,0.0005152209154295,(((((((Bzsouth + Bmag) * DST) + ((sqrt(Np) * Bzsouth) * (Vp + (-143.72131 - Np)))) * -0.026818233) - (Bmag + DST)) / 19.122902) + sqrt(Np)) + -2.1933167,14.448056603773587,18.9254,11.047735849056604,14.88365,0.7272452830188678,0.6282,16.48766037735849,22.051,-0.0522933182421789*Bmag - 0.00140241439296191*Bzsouth*sqrt(Np)*(-Np + Vp - 143.72131) - 0.00140241439296191*DST*(Bmag + Bzsouth) - 0.0522933182421789*DST + sqrt(Np) - 2.1933167
4,29,3.791558,((Vp * ((Bzsouth + 1.4056387) * ((DST * (0.0010231906 / (-1.9690949 - Np))) - 0.04994203))) - (DST - (Np + 26.93975))) / (51.730183 / sqrt(sqrt(Np * Bmag))),0.0009039555546464,((Vp * ((Bzsouth + 1.4056387) * ((DST * (0.0010231906 / (-1.9690949 - Np))) - 0.04994203))) - (DST - (Np + 26.93975))) / (51.730183 / sqrt(sqrt(Np * Bmag))),14.082867924528303,14.615649999999999,10.7478679245283,10.921049999999997,0.7281132075471698,0.7685,15.693245283018872,17.3262,0.0193310740849303*(Bmag*Np)**(1/4)*(-DST + Np + Vp*(Bzsouth + 1.4056387)*(0.0010231906*DST/(-Np - 1.9690949) - 0.04994203) + 26.93975)
5,24,3.7916873,((((Bzsouth * 0.0012057658) * (Vp - 168.3989)) - 0.7863517) * ((DST * -0.0079295635) - (sqrt(Np) + 0.9382792))) + ((DST * -0.06651169) + -2.627629),0.0010513534978677,((((Bzsouth * 0.0012057658) * (Vp - 168.3989)) - 0.7863517) * ((DST * -0.0079295635) - (sqrt(Np) + 0.9382792))) + ((DST * -0.06651169) + -2.627629),14.28788679245283,16.2104,10.974245283018869,12.843950000000001,0.7236792452830189,0.70465,15.82920754716981,18.43305,-0.06651169*DST + (0.0012057658*Bzsouth*(Vp - 168.3989) - 0.7863517)*(-0.0079295635*DST - sqrt(Np) - 0.9382792) - 2.627629
6,27,3.795279,(sqrt(Np) + -2.1294987) + ((((((Bzsouth * (-143.73756 + Vp)) * sqrt(Np)) + (DST * (Bmag + Bzsouth))) * -0.026245873) - (Bmag + DST)) / 19.122902),0.0007241388266097,(sqrt(Np) + -2.1294987) + ((((((Bzsouth * (-143.73756 + Vp)) * sqrt(Np)) + (DST * (Bmag + Bzsouth))) * -0.026245873) - (Bmag + DST)) / 19.122902),14.574509433962266,18.770799999999998,11.13847169811321,14.676950000000001,0.7214150943396226,0.64615,16.553603773584904,21.87715,-0.0522933182421789*Bmag - 0.00137248378933281*Bzsouth*sqrt(Np)*(Vp - 143.73756) - 0.00137248378933281*DST*(Bmag + Bzsouth) - 0.0522933182421789*DST + sqrt(Np) - 2.1294987
7,23,3.7956758,((DST * -0.068679936) + -2.7448597) + (((square(Vp * 0.0012337118) * Bzsouth) - 0.78754276) * ((-0.007035051 * DST) - (sqrt(Np) + 0.78754276))),0.0018313816060773,((DST * -0.068679936) + -2.7448597) + (((square(Vp * 0.0012337118) * Bzsouth) - 0.78754276) * ((-0.007035051 * DST) - (sqrt(Np) + 0.78754276))),14.2351320754717,17.649449999999998,10.845867924528303,13.8721,0.7366415094339621,0.6572499999999999,16.496207547169814,21.2008,-0.068679936*DST + (Bzsouth*square(0.0012337118*Vp) - 0.78754276)*(-0.007035051*DST - sqrt(Np) - 0.78754276) - 2.7448597
8,27,3.798419,(((Vp * ((DST * (0.0007285958 / (-1.1511712 - Np))) - 0.045781374)) * (Bzsouth + 0.27216995)) - (DST - Np)) / (48.068405 / sqrt(sqrt(Np * Bmag))),0.0005767231375923,(((Vp * ((DST * (0.0007285958 / (-1.1511712 - Np))) - 0.045781374)) * (Bzsouth + 0.27216995)) - (DST - Np)) / (48.068405 / sqrt(sqrt(Np * Bmag))),14.758396226415092,15.953,11.26630188679245,12.327850000000002,0.705566037735849,0.7243999999999999,16.84424528301887,18.406,0.0208036859138555*(Bmag*Np)**(1/4)*(-DST + Np + Vp*(Bzsouth + 0.27216995)*(0.0007285958*DST/(-Np - 1.1511712) - 0.045781374))
9,25,3.8007796,((((((DST * (Bmag + Bzsouth)) + ((Bzsouth * (Vp + -143.72925)) * sqrt(Np))) * -0.027476136) - DST) / 19.712595) + sqrt(Np)) + -2.4688275,0.0007007684805679,((((((DST * (Bmag + Bzsouth)) + ((Bzsouth * (Vp + -143.72925)) * sqrt(Np))) * -0.027476136) - DST) / 19.712595) + sqrt(Np)) + -2.4688275,14.856698113207546,19.51785,11.340849056603773,15.33915,0.7104150943396229,0.6083000000000001,16.998735849056605,22.735949999999995,-0.0013938365801154*Bzsouth*sqrt(Np)*(Vp - 143.72925) - 0.0013938365801154*DST*(Bmag + Bzsouth) - 0.0507289882433033*DST + sqrt(Np) - 2.4688275
10,30,3.8018968,(Np * 0.1316254) - (((((((0.5504825 * DST) - Bmag) + Vp) * (3.30009 + ((sqrt(Np) * Bzsouth) + Bzsouth))) * -0.010745671) - DST) * ((0.14023353 / Bmag) + -0.08236732)),0.0002248634770026,(Np * 0.1316254) - (((((((0.5504825 * DST) - Bmag) + Vp) * (3.30009 + ((sqrt(Np) * Bzsouth) + Bzsouth))) * -0.010745671) - DST) * ((0.14023353 / Bmag) + -0.08236732)),14.596264150943396,16.051299999999998,11.08977358490566,12.035900000000002,0.7241132075471697,0.7552999999999999,16.66024528301887,18.94765,0.1316254*Np - (-0.08236732 + 0.14023353/Bmag)*(-DST - 0.010745671*(-Bmag + 0.5504825*DST + Vp)*(Bzsouth*sqrt(Np) + Bzsouth + 3.30009))
11,29,3.802281,(((sqrt(sqrt(Bzsouth) + Np) * ((Vp - Np) - (DST * (-3.2089617 / sqrt(Np))))) * (Bzsouth * -0.0009065264)) + sqrt(Np)) - ((DST * 0.060239356) - -2.4211862),0.0002039149328306,(((sqrt(sqrt(Bzsouth) + Np) * ((Vp - Np) - (DST * (-3.2089617 / sqrt(Np))))) * (Bzsouth * -0.0009065264)) + sqrt(Np)) - ((DST * 0.060239356) - -2.4211862),14.61881132075472,18.589450000000003,11.235679245283018,14.692850000000002,0.7141698113207549,0.6254500000000001,16.367622641509435,20.624899999999997,-0.0009065264*Bzsouth*sqrt(sqrt(Bzsouth) + Np)*(3.2089617*DST/sqrt(Np) - Np + Vp) - 0.060239356*DST + sqrt(Np) - 2.4211862
12,29,3.8024962,(Np * 0.120446585) - ((((((Bzsouth * (((Vp - Np) * 0.00012573834) * (Np + (DST * 0.0364781)))) + Bzsouth) + 1.2775543) * Vp) * 0.0017270576) + (DST * 0.066715226)),0.0001680455612546,(Np * 0.120446585) - ((((((Bzsouth * (((Vp - Np) * 0.00012573834) * (Np + (DST * 0.0364781)))) + Bzsouth) + 1.2775543) * Vp) * 0.0017270576) + (DST * 0.066715226)),14.107320754716984,15.837100000000001,10.836320754716983,12.18265,0.7396981132075472,0.7415,16.308943396226415,18.92795,-0.066715226*DST + 0.120446585*Np - 0.0017270576*Vp*(Bzsouth*(0.0364781*DST + Np)*(-0.00012573834*Np + 0.00012573834*Vp) + Bzsouth + 1.2775543)
13,22,3.8026335,((DST * -0.06727313) + (((Bzsouth * ((Vp + -174.75798) * 0.0015818799)) - 1.034009) * ((DST * -0.005260706) - sqrt(Np)))) + -2.5840185,0.0019712271852321,((DST * -0.06727313) + (((Bzsouth * ((Vp + -174.75798) * 0.0015818799)) - 1.034009) * ((DST * -0.005260706) - sqrt(Np)))) + -2.5840185,14.42607547169811,18.4029,10.969849056603774,14.536749999999998,0.7206037735849058,0.6357,16.051396226415097,21.03085,-0.06727313*DST + (-0.005260706*DST - sqrt(Np))*(Bzsouth*(0.0015818799*Vp - 0.276446135926602) - 1.034009) - 2.5840185
14,25,3.8028028,((((((0.0009415376 / (-1.3535208 - Np)) * DST) - 0.052350152) * Bzsouth) * Vp) - (DST - Np)) / (54.41149 / sqrt(sqrt(Bmag * Np))),0.0011124270138132,((((((0.0009415376 / (-1.3535208 - Np)) * DST) - 0.052350152) * Bzsouth) * Vp) - (DST - Np)) / (54.41149 / sqrt(sqrt(Bmag * Np))),15.295792452830186,16.2066,11.788867924528304,12.47295,0.6780566037735847,0.7198499999999999,17.028188679245282,18.403550000000003,0.018378471164822*(Bmag*Np)**(1/4)*(Bzsouth*Vp*(0.0009415376*DST/(-Np - 1.3535208) - 0.052350152) - DST + Np)
15,28,3.80297,(DST * -0.064616404) - ((((DST + ((Np + Vp) * sqrt(sqrt(Np)))) * 0.0024087143) * (Bzsouth + 0.4273629)) - ((sqrt(Np) + -1.8449583) + (Bzsouth / 1.6374866))),0.0004688130633409,(DST * -0.064616404) - ((((DST + ((Np + Vp) * sqrt(sqrt(Np)))) * 0.0024087143) * (Bzsouth + 0.4273629)) - ((sqrt(Np) + -1.8449583) + (Bzsouth / 1.6374866))),14.675132075471701,18.31485,11.083037735849055,13.83645,0.7289245283018868,0.6818500000000001,16.851924528301886,22.286299999999997,0.610692020319433*Bzsouth - 0.064616404*DST + sqrt(Np) - (Bzsouth + 0.4273629)*(0.0024087143*DST + 0.0024087143*Np**(1/4)*(Np + Vp)) - 1.8449583
16,24,3.803444,sqrt(Np) + ((-2.5109081 - (DST / 15.338169)) + ((Bzsouth * (((DST / 0.80311114) + (sqrt(sqrt(Np)) * Vp)) + -251.51936)) * -0.0025929885)),0.0002683031889028,sqrt(Np) + ((-2.5109081 - (DST / 15.338169)) + ((Bzsouth * (((DST / 0.80311114) + (sqrt(sqrt(Np)) * Vp)) + -251.51936)) * -0.0025929885)),14.703320754716982,18.5649,11.226132075471696,14.4762,0.7251320754716981,0.63685,16.786754716981132,21.9859,-0.0025929885*Bzsouth*(1.24515767518802*DST + Np**(1/4)*Vp - 251.51936) - 0.0651968302083515*DST + sqrt(Np) - 2.5109081
17,28,3.803607,(Np * 0.13241021) - ((((((DST * 0.751603) + Vp) * -0.010745671) * ((Bzsouth + (sqrt(Np) * Bzsouth)) + 3.30009)) - DST) * ((0.14686304 / Bmag) + -0.08236732)),0.0002497268393607,(Np * 0.13241021) - ((((((DST * 0.751603) + Vp) * -0.010745671) * ((Bzsouth + (sqrt(Np) * Bzsouth)) + 3.30009)) - DST) * ((0.14686304 / Bmag) + -0.08236732)),14.39081132075472,15.491549999999998,10.977924528301886,11.717,0.7297735849056604,0.7604,16.27230188679245,18.1976,0.13241021*Np - (-0.08236732 + 0.14686304/Bmag)*(-DST + (-0.008076478560613*DST - 0.010745671*Vp)*(Bzsouth*sqrt(Np) + Bzsouth + 3.30009))
18,27,3.8037744,(Np * 0.120446585) - (((((Bzsouth + 1.2775543) + ((((Np + (DST * 0.03913002)) * Bzsouth) * Vp) * 0.00012573834)) * Vp) * 0.0017270576) + (DST * 0.066715226)),0.0017587846133973,(Np * 0.120446585) - (((((Bzsouth + 1.2775543) + ((((Np + (DST * 0.03913002)) * Bzsouth) * Vp) * 0.00012573834)) * Vp) * 0.0017270576) + (DST * 0.066715226)),14.042471698113209,15.667499999999999,10.789000000000001,12.073400000000001,0.7402075471698113,0.7449000000000001,16.137679245283014,18.596849999999996,-0.066715226*DST + 0.120446585*Np - 0.0017270576*Vp*(0.00012573834*Bzsouth*Vp*(0.03913002*DST + Np) + Bzsouth + 1.2775543)
19,27,3.803832,(((Vp - ((DST * -3.3773615) / sqrt(Np))) * ((Bzsouth * -0.0009008908) * sqrt(sqrt(Bzsouth) + Np))) + sqrt(Np)) - ((DST * 0.059813313) - -2.40653),0.0009301026332216,(((Vp - ((DST * -3.3773615) / sqrt(Np))) * ((Bzsouth * -0.0009008908) * sqrt(sqrt(Bzsouth) + Np))) + sqrt(Np)) - ((DST * 0.059813313) - -2.40653),14.654301886792451,18.623849999999997,11.255830188679246,14.681049999999999,0.7089433962264151,0.627,16.292150943396226,20.57125,-0.0009008908*Bzsouth*sqrt(sqrt(Bzsouth) + Np)*(3.3773615*DST/sqrt(Np) + Vp) - 0.059813313*DST + sqrt(Np) - 2.40653
20,30,3.8038595,((DST - (Np * 1.8461952)) * -0.057646163) + ((Bzsouth - -0.64244246) * (-0.0024093296 * ((sqrt(Bmag / Np) * DST) + (Vp + ((Np + 0.86304104) * (-1.671706 + Bzsouth)))))),8.309635695075422e-05,((DST - (Np * 1.8461952)) * -0.057646163) + ((Bzsouth - -0.64244246) * (-0.0024093296 * ((sqrt(Bmag / Np) * DST) + (Vp + ((Np + 0.86304104) * (-1.671706 + Bzsouth)))))),14.662283018867925,17.35955,11.190905660377357,12.639100000000001,0.715679245283019,0.6918000000000001,17.150433962264156,20.797949999999997,-0.057646163*DST + 0.106426069429018*Np + (Bzsouth + 0.64244246)*(-0.0024093296*DST*sqrt(Bmag/Np) - 0.0024093296*Vp - 0.0024093296*(Bzsouth - 1.671706)*(Np + 0.86304104))
21,30,3.8041306,((((Vp + (((DST + (Vp * 0.011505068)) / sqrt(Np / Bmag)) + (Np * Bzsouth))) * ((Bzsouth + 0.6831873) * 0.040499095)) + DST) - (Np + Np)) * -0.05831824,7.055239690763662e-05,((((Vp + (((DST + (Vp * 0.011505068)) / sqrt(Np / Bmag)) + (Np * Bzsouth))) * ((Bzsouth + 0.6831873) * 0.040499095)) + DST) - (Np + Np)) * -0.05831824,14.695509433962263,17.35415,11.221339622641509,12.698049999999999,0.7137169811320755,0.69215,17.113169811320752,20.6247,-0.05831824*DST + 0.11663648*Np - 0.05831824*(0.040499095*Bzsouth + 0.0276684673654935)*(Bzsouth*Np + Vp + (DST + 0.011505068*Vp)/sqrt(Np/Bmag))
22,29,3.8041756,((DST - ((Np - inv(Np)) * 1.9725796)) * -0.057907775) + ((Bzsouth - -0.6430652) * (((Np * Bzsouth) + (Vp + (sqrt(Bmag / Np) * DST))) * -0.0023896287)),0.0001413872626677,((DST - ((Np - inv(Np)) * 1.9725796)) * -0.057907775) + ((Bzsouth - -0.6430652) * (((Np * Bzsouth) + (Vp + (sqrt(Bmag / Np) * DST))) * -0.0023896287)),14.669566037735848,18.06315,11.185509433962267,13.372400000000003,0.7146792452830187,0.6559,17.084396226415095,21.104149999999997,-0.057907775*DST + 0.11422769564639*Np + (Bzsouth + 0.6430652)*(-0.0023896287*Bzsouth*Np - 0.0023896287*DST*sqrt(Bmag/Np) - 0.0023896287*Vp) - 0.11422769564639/Np
23,29,3.804399,(((((Np * square(Bzsouth)) + ((((DST + 5.0280237) / sqrt(Np / Bmag)) + Vp) * (Bzsouth + 0.6888091))) * 0.040499095) + DST) - (Np + Np)) * -0.05831824,3.711424058066723e-05,(((((Np * square(Bzsouth)) + ((((DST + 5.0280237) / sqrt(Np / Bmag)) + Vp) * (Bzsouth + 0.6888091))) * 0.040499095) + DST) - (Np + Np)) * -0.05831824,14.664754716981134,17.3716,11.20798113207547,12.72,0.7154905660377359,0.69,17.19266037735849,20.7766,-0.05831824*DST - 0.0023618359419928*Np*square(Bzsouth) + 0.11663648*Np - 0.0023618359419928*(Bzsouth + 0.6888091)*(Vp + (DST + 5.0280237)/sqrt(Np/Bmag))
24,28,3.8045402,((((((Np * Bzsouth) + (((DST + 5.0280237) / sqrt(Np / Bmag)) + Vp)) * (Bzsouth + 0.6888091)) * 0.040499095) + DST) - (Np + Np)) * -0.05831824,9.889835985283752e-05,((((((Np * Bzsouth) + (((DST + 5.0280237) / sqrt(Np / Bmag)) + Vp)) * (Bzsouth + 0.6888091)) * 0.040499095) + DST) - (Np + Np)) * -0.05831824,14.697490566037734,17.3992,11.219943396226416,12.74085,0.7133584905660376,0.6907000000000001,17.12932075471698,20.672249999999995,-0.05831824*DST + 0.11663648*Np - 0.0023618359419928*(Bzsouth + 0.6888091)*(Bzsouth*Np + Vp + (DST + 5.0280237)/sqrt(Np/Bmag))
25,29,3.8046286,(sqrt(Np) - 2.4867167) + ((DST + (((((((DST / Np) + Vp) - (Np + (DST * -0.4807411))) * 0.02141898) - 2.4179542) * Bzsouth) * sqrt(Np))) * -0.06262474),0.0003505289357251,(sqrt(Np) - 2.4867167) + ((DST + (((((((DST / Np) + Vp) - (Np + (DST * -0.4807411))) * 0.02141898) - 2.4179542) * Bzsouth) * sqrt(Np))) * -0.06262474),14.69945283018868,19.5417,11.183283018867924,15.216550000000003,0.7218113207547169,0.634,16.594037735849057,22.8404,-0.06262474*Bzsouth*sqrt(Np)*(0.010296984006078*DST + 0.02141898*DST/Np - 0.02141898*Np + 0.02141898*Vp - 2.4179542) - 0.06262474*DST + sqrt(Np) - 2.4867167
26,28,3.8047135,((DST - (Np * 1.8461952)) * -0.057907775) + (((Bzsouth - -0.64244246) * -0.0024093296) * ((sqrt(Bmag / Np) * DST) + (Vp + (Np * (-1.1599557 + Bzsouth))))),7.926381176033095e-05,((DST - (Np * 1.8461952)) * -0.057907775) + (((Bzsouth - -0.64244246) * -0.0024093296) * ((sqrt(Bmag / Np) * DST) + (Vp + (Np * (-1.1599557 + Bzsouth))))),14.621962264150945,17.41175,11.164679245283018,12.66685,0.7170754716981133,0.6902,17.100943396226416,20.9497,-0.057907775*DST + 0.10690905624768*Np + (-0.0024093296*Bzsouth - 0.00154785563517482)*(DST*sqrt(Bmag/Np) + Np*(Bzsouth - 1.1599557) + Vp)
27,30,3.8047452,((DST - (Np / 0.50610435)) * -0.05700501) - ((((Vp + (DST / sqrt((Np + 0.03913548) / Bmag))) + (Bmag + (Bzsouth * Np))) * (Bzsouth + 0.68669724)) * 0.0022875767),3.508653247072176e-05,((DST - (Np / 0.50610435)) * -0.05700501) - ((((Vp + (DST / sqrt((Np + 0.03913548) / Bmag))) + (Bmag + (Bzsouth * Np))) * (Bzsouth + 0.68669724)) * 0.0022875767),14.700415094339624,17.216150000000003,11.190735849056605,12.57125,0.7141320754716982,0.6994000000000001,17.19811320754717,20.51105,-0.05700501*DST + 0.112634894365164*Np - 0.0022875767*(Bzsouth + 0.68669724)*(Bmag + Bzsouth*Np + DST/sqrt((Np + 0.03913548)/Bmag) + Vp)
28,27,3.8047533,(DST * -0.06597593) - neg(((sqrt(Np) + -1.8361402) - ((((sqrt(sqrt(Np)) * Vp) + DST) * 0.0024798387) * (Bzsouth + 0.43400928))) + (Bzsouth / 1.6291528)),1.0644523115107984e-05,(DST * -0.06597593) - neg(((sqrt(Np) + -1.8361402) - ((((sqrt(sqrt(Np)) * Vp) + DST) * 0.0024798387) * (Bzsouth + 0.43400928))) + (Bzsouth / 1.6291528)),14.71377358490566,18.1933,11.143886792452832,13.729699999999998,0.7297924528301886,0.6799499999999999,16.99632075471698,22.2908,-0.06597593*DST - neg(0.61381596618807*Bzsouth + sqrt(Np) - (Bzsouth + 0.43400928)*(0.0024798387*DST + 0.0024798387*Np**(1/4)*Vp) - 1.8361402)
29,26,3.8047938,(DST * -0.064612396) - (((((Vp * sqrt(sqrt(Np))) + DST) * 0.0024686735) * (Bzsouth + 0.42736304)) - (((Bzsouth / 1.6374867) + -1.8361787) + sqrt(Np))),0.0003709599946788,(DST * -0.064612396) - (((((Vp * sqrt(sqrt(Np))) + DST) * 0.0024686735) * (Bzsouth + 0.42736304)) - (((Bzsouth / 1.6374867) + -1.8361787) + sqrt(Np))),14.765528301886794,18.358649999999994,11.1561320754717,13.874099999999999,0.7271886792452831,0.6763,17.052188679245283,22.388249999999996,0.610691983024961*Bzsouth - 0.064612396*DST + sqrt(Np) - (Bzsouth + 0.42736304)*(0.0024686735*DST + 0.0024686735*Np**(1/4)*Vp) - 1.8361787
30,28,3.8050122,((DST - (Np / 0.50610435)) * -0.05700501) - (((Vp + ((DST / sqrt(Np / Bmag)) + (Bmag + (Bzsouth * Np)))) * (Bzsouth + 0.68669724)) * 0.0022875767),0.0002157871655541,((DST - (Np / 0.50610435)) * -0.05700501) - (((Vp + ((DST / sqrt(Np / Bmag)) + (Bmag + (Bzsouth * Np)))) * (Bzsouth + 0.68669724)) * 0.0022875767),14.694113207547169,17.341900000000003,11.186792452830188,12.607149999999999,0.7143018867924527,0.6947500000000001,17.191566037735846,20.7349,-0.05700501*DST + 0.112634894365164*Np - 0.0022875767*(Bzsouth + 0.68669724)*(Bmag + Bzsouth*Np + DST/sqrt(Np/Bmag) + Vp)
31,26,3.8052928,-0.058382656 * ((((Bzsouth + 0.6877242) * ((DST / sqrt(Np / Bmag)) + ((Np * Bzsouth) + Vp))) * 0.040499095) + (DST - (Np * 1.9212909))),0.0017152160477944,-0.058382656 * ((((Bzsouth + 0.6877242) * ((DST / sqrt(Np / Bmag)) + ((Np * Bzsouth) + Vp))) * 0.040499095) + (DST - (Np * 1.9212909))),14.632811320754715,17.44455,11.16352830188679,12.690499999999998,0.7167358490566038,0.6905500000000002,17.109150943396227,20.958000000000002,-0.058382656*DST + 0.11217006569063*Np - 0.00236444473169632*(Bzsouth + 0.6877242)*(Bzsouth*Np + DST/sqrt(Np/Bmag) + Vp)
32,26,3.8053167,(((DST * sqrt(Bmag / Np)) + ((Bzsouth * Np) + Vp)) * ((Bzsouth - -0.6548315) * -0.0023896703)) + ((DST - (Np * 1.9410938)) * -0.057907775),0.0009524295102116,(((DST * sqrt(Bmag / Np)) + ((Bzsouth * Np) + Vp)) * ((Bzsouth - -0.6548315) * -0.0023896703)) + ((DST - (Np * 1.9410938)) * -0.057907775),14.69122641509434,17.441749999999995,11.206415094339624,12.6735,0.7138867924528303,0.6912,17.086622641509432,20.870500000000003,-0.057907775*DST + 0.112404423024295*Np + (-0.0023896703*Bzsouth - 0.00156483138705445)*(Bzsouth*Np + DST*sqrt(Bmag/Np) + Vp)
33,22,3.8054855,(sqrt(Np) + (-2.5192704 - (DST / 15.331889))) + (((DST + -252.33818) + (Vp * sqrt(sqrt(Np)))) * (Bzsouth * -0.0025272262)),0.0019693717157059,(sqrt(Np) + (-2.5192704 - (DST / 15.331889))) + (((DST + -252.33818) + (Vp * sqrt(sqrt(Np)))) * (Bzsouth * -0.0025272262)),14.997358490566038,19.30325,11.37024528301887,14.949800000000002,0.7176792452830187,0.6308,17.315679245283018,22.7956,-0.0025272262*Bzsouth*(DST + Np**(1/4)*Vp - 252.33818) - 0.0652235350777716*DST + sqrt(Np) - 2.5192704
34,26,3.8055072,(Np * 0.13241224) - ((((Vp + DST) * ((((sqrt(Np) * Bzsouth) + Bzsouth) + 3.2601273) * -0.011131013)) - DST) * ((0.1517603 / Bmag) + -0.08236732)),0.001489414320547,(Np * 0.13241224) - ((((Vp + DST) * ((((sqrt(Np) * Bzsouth) + Bzsouth) + 3.2601273) * -0.011131013)) - DST) * ((0.1517603 / Bmag) + -0.08236732)),14.209264150943396,14.76015,10.87335849056604,11.2812,0.7374716981132076,0.76275,16.01767924528302,17.20515,0.13241224*Np - (-0.08236732 + 0.1517603/Bmag)*(-DST + (DST + Vp)*(-0.011131013*Bzsouth*sqrt(Np) - 0.011131013*Bzsouth - 0.0362885193579549))
35,26,3.8066547,((DST - (Np / 0.5325926)) * -0.05700501) - (((Vp + ((DST / sqrt(Np / Bmag)) + (Bzsouth * Np))) * (Bzsouth + 0.6891105)) * 0.0022875767),0.0014726500489993,((DST - (Np / 0.5325926)) * -0.05700501) - (((Vp + ((DST / sqrt(Np / Bmag)) + (Bzsouth * Np))) * (Bzsouth + 0.6891105)) * 0.0022875767),14.594037735849055,17.385150000000003,11.108075471698115,12.61155,0.7191132075471697,0.6916,17.225075471698116,21.0565,-0.05700501*DST + 0.107033049276314*Np - 0.0022875767*(Bzsouth + 0.6891105)*(Bzsouth*Np + DST/sqrt(Np/Bmag) + Vp)
36,27,3.8072968,((((((((Vp - Np) + (DST * 0.58365685)) * 0.02141898) - 2.4867167) * Bzsouth) * sqrt(Np - -0.15907261)) + DST) * -0.06277147) + (sqrt(Np) - 2.4867167),1.3421415994861107e-05,((((((((Vp - Np) + (DST * 0.58365685)) * 0.02141898) - 2.4867167) * Bzsouth) * sqrt(Np - -0.15907261)) + DST) * -0.06277147) + (sqrt(Np) - 2.4867167),14.864358490566037,19.69565,11.296094339622641,15.503049999999998,0.7176603773584906,0.6310999999999999,16.812396226415093,22.39895,-0.06277147*Bzsouth*sqrt(Np + 0.15907261)*(0.012501334397013*DST - 0.02141898*Np + 0.02141898*Vp - 2.4867167) - 0.06277147*DST + sqrt(Np) - 2.4867167
37,26,3.8073716,(sqrt(sqrt(Bzsouth) + Np) * ((-0.0009065264 * ((Vp - ((-3.035294 / sqrt(Np)) * DST)) * Bzsouth)) + 0.9550615)) - ((DST * 0.059813306) - -2.40653),0.0002832524277842,(sqrt(sqrt(Bzsouth) + Np) * ((-0.0009065264 * ((Vp - ((-3.035294 / sqrt(Np)) * DST)) * Bzsouth)) + 0.9550615)) - ((DST * 0.059813306) - -2.40653),14.719,18.3611,11.228679245283022,14.312800000000001,0.7095471698113206,0.6562,16.54330188679245,20.82585,-0.059813306*DST + sqrt(sqrt(Bzsouth) + Np)*(-0.0009065264*Bzsouth*(3.035294*DST/sqrt(Np) + Vp) + 0.9550615) - 2.40653
38,25,3.807399,((DST + (((((Vp - Np) + (DST * 0.58365685)) * 0.02141898) - 2.4397213) * (Bzsouth * sqrt(Np)))) * -0.06277147) + (sqrt(Np) - 2.4867167),0.0001559351700488,((DST + (((((Vp - Np) + (DST * 0.58365685)) * 0.02141898) - 2.4397213) * (Bzsouth * sqrt(Np)))) * -0.06277147) + (sqrt(Np) - 2.4867167),14.81466037735849,19.603599999999997,11.266207547169815,15.38545,0.7193018867924528,0.6345000000000001,16.74924528301887,22.477650000000004,-0.06277147*Bzsouth*sqrt(Np)*(0.012501334397013*DST - 0.02141898*Np + 0.02141898*Vp - 2.4397213) - 0.06277147*DST + sqrt(Np) - 2.4867167
39,24,3.8076177,((((Vp * sqrt(sqrt(Np))) + DST) * ((-1.2178472 - Bzsouth) + (DST * -0.02910098))) * 0.0029429225) + ((sqrt(Np) + Bzsouth) * 0.98379207),4.153343219788223e-05,((((Vp * sqrt(sqrt(Np))) + DST) * ((-1.2178472 - Bzsouth) + (DST * -0.02910098))) * 0.0029429225) + ((sqrt(Np) + Bzsouth) * 0.98379207),15.491660377358492,19.831300000000002,11.59209433962264,15.002950000000002,0.7099056603773585,0.6284500000000001,17.79954716981132,23.851549999999996,0.98379207*Bzsouth + 0.98379207*sqrt(Np) + 0.0029429225*(DST + Np**(1/4)*Vp)*(-Bzsouth - 0.02910098*DST - 1.2178472)
40,22,3.807934,(((Vp * sqrt(sqrt(Np))) + DST) * ((((DST * -0.029244073) - Bzsouth) + -1.2165033) * 0.0029688526)) + (Bzsouth + sqrt(Np)),0.0022729640210463,(((Vp * sqrt(sqrt(Np))) + DST) * ((((DST * -0.029244073) - Bzsouth) + -1.2165033) * 0.0029688526)) + (Bzsouth + sqrt(Np)),15.436113207547171,19.700500000000005,11.58288679245283,14.850550000000002,0.7135094339622641,0.6308,17.788622641509434,23.871299999999998,Bzsouth + sqrt(Np) + (DST + Np**(1/4)*Vp)*(-0.0029688526*Bzsouth - 8.68213421606398e-5*DST - 0.00361161898511358)
41,30,3.8079345,-1.0949633 + (-0.06491945 * (((Np + ((0.0120595135 - (Np * -0.0008245459)) * ((((Np - (DST / sqrt(Np * 0.29611668))) * 1.5139264) - Vp) * Bzsouth))) / -0.41638148) + DST)),0.0001331253225223,-1.0949633 + (-0.06491945 * (((Np + ((0.0120595135 - (Np * -0.0008245459)) * ((((Np - (DST / sqrt(Np * 0.29611668))) * 1.5139264) - Vp) * Bzsouth))) / -0.41638148) + DST)),14.747490566037737,17.34395,11.354132075471698,13.380250000000004,0.7112075471698113,0.6942999999999999,16.702226415094337,20.499450000000003,0.155913394611115*Bzsouth*(0.0008245459*Np + 0.0120595135)*(-2.7821037815442*DST/sqrt(Np) + 1.5139264*Np - Vp) - 0.06491945*DST + 0.155913394611115*Np - 1.0949633
42,25,3.8084502,sqrt(Np) + ((((Vp * (sqrt(Np) + (Bzsouth / Bmag))) - (DST * -3.394228)) * (Bzsouth * -0.00084071397)) - ((DST * 0.061794944) - -2.4584472)),0.0003829225404107,sqrt(Np) + ((((Vp * (sqrt(Np) + (Bzsouth / Bmag))) - (DST * -3.394228)) * (Bzsouth * -0.00084071397)) - ((DST * 0.061794944) - -2.4584472)),15.148339622641512,18.575599999999998,11.588849056603777,14.81535,0.6949622641509434,0.6403499999999999,17.02762264150944,19.9648,-0.00084071397*Bzsouth*(3.394228*DST + Vp*(sqrt(Np) + Bzsouth/Bmag)) - 0.061794944*DST + sqrt(Np) - 2.4584472
43,23,3.8085866,(sqrt(Np) - 2.5023627) + ((((sqrt(Np) * (((Vp + (DST * 0.5523908)) * 0.02141898) - 2.7565117)) * Bzsouth) + DST) * -0.061954062),0.0011411547142982,(sqrt(Np) - 2.5023627) + ((((sqrt(Np) * (((Vp + (DST * 0.5523908)) * 0.02141898) - 2.7565117)) * Bzsouth) + DST) * -0.061954062),14.82498113207547,19.996499999999997,11.234339622641514,15.67065,0.7188490566037735,0.6284,16.815169811320757,22.931900000000002,-0.061954062*Bzsouth*sqrt(Np)*(0.011831647497384*DST + 0.02141898*Vp - 2.7565117) - 0.061954062*DST + sqrt(Np) - 2.5023627
44,28,3.8089485,((DST + ((Np + ((0.0120595135 - (Np * -0.0008245459)) * (((Np - (DST / (sqrt(Np) * 0.35646927))) - Vp) * Bzsouth))) / -0.41638148)) * -0.06491945) + -1.0949633,0.0007495322663543,((DST + ((Np + ((0.0120595135 - (Np * -0.0008245459)) * (((Np - (DST / (sqrt(Np) * 0.35646927))) - Vp) * Bzsouth))) / -0.41638148)) * -0.06491945) + -1.0949633,14.772264150943395,17.425549999999998,11.364698113207549,13.4275,0.7078301886792453,0.6949,16.63145283018868,20.451,0.155913394611115*Bzsouth*(0.0008245459*Np + 0.0120595135)*(-2.80529090207411*DST/sqrt(Np) + Np - Vp) - 0.06491945*DST + 0.155913394611115*Np - 1.0949633
45,25,3.8111794,(Np * 0.14023353) - (((0.14023353 / Bmag) + -0.085707985) * (((((Bzsouth * sqrt(Np)) + sqrt(Bzsouth)) + 3.4679554) * (Vp * -0.010745671)) - DST)),0.0002174156160436,(Np * 0.14023353) - (((0.14023353 / Bmag) + -0.085707985) * (((((Bzsouth * sqrt(Np)) + sqrt(Bzsouth)) + 3.4679554) * (Vp * -0.010745671)) - DST)),15.107660377358489,18.761750000000003,11.25533962264151,13.618200000000002,0.7165660377358489,0.71865,17.856150943396226,22.701150000000002,0.14023353*Np - (-0.085707985 + 0.14023353/Bmag)*(-DST - 0.010745671*Vp*(sqrt(Bzsouth) + Bzsouth*sqrt(Np) + 3.4679554))
46,23,3.8112729,(((Vp * (((DST * 0.00064852246) / (-0.98426753 - Np)) - 0.043263856)) * Bzsouth) - DST) / (47.35971 / sqrt(sqrt(Np * Bmag))),0.0016320063777728,(((Vp * (((DST * 0.00064852246) / (-0.98426753 - Np)) - 0.043263856)) * Bzsouth) - DST) / (47.35971 / sqrt(sqrt(Np * Bmag))),15.175792452830189,15.870750000000001,11.732660377358494,12.113800000000001,0.6860943396226415,0.73315,17.18003773584906,18.46135,0.0211149941585369*(Bmag*Np)**(1/4)*(Bzsouth*Vp*(0.00064852246*DST/(-Np - 0.98426753) - 0.043263856) - DST)
47,23,3.811368,(((((sqrt(Np) + 0.6791786) * Vp) - (DST * -3.394228)) * (Bzsouth * -0.00084071397)) - ((DST * 0.06353281) - -2.4337983)) + sqrt(Np),0.0006743073114641,(((((sqrt(Np) + 0.6791786) * Vp) - (DST * -3.394228)) * (Bzsouth * -0.00084071397)) - ((DST * 0.06353281) - -2.4337983)) + sqrt(Np),14.870735849056604,18.25435,11.433566037735847,14.543949999999999,0.7042075471698112,0.6471000000000001,16.71133962264151,19.8307,-0.00084071397*Bzsouth*(3.394228*DST + Vp*(sqrt(Np) + 0.6791786)) - 0.06353281*DST + sqrt(Np) - 2.4337983
48,27,3.8118045,(-0.06750861 * (((sqrt(Np) + inv(Bmag)) * (((Vp + (Vp + (DST - Np))) * ((Bzsouth + 1.2837452) * 0.006855849)) + -22.324831)) + DST)) + -2.7164044,1.521587895554614e-06,(-0.06750861 * (((sqrt(Np) + inv(Bmag)) * (((Vp + (Vp + (DST - Np))) * ((Bzsouth + 1.2837452) * 0.006855849)) + -22.324831)) + DST)) + -2.7164044,14.504377358490565,18.346749999999997,11.069132075471698,14.249699999999999,0.7308113207547171,0.67415,16.587490566037737,21.021700000000003,-0.06750861*DST - 0.06750861*(sqrt(Np) + 1/Bmag)*((0.006855849*Bzsouth + 0.0088011632456748)*(DST - Np + 2*Vp) - 22.324831) - 2.7164044
49,26,3.8118103,((((sqrt(Np) - -0.18597241) * ((((Bzsouth + 1.2837452) * (Vp + ((Vp + DST) - Np))) * 0.006840883) + -22.324831)) + DST) * -0.06750819) + -2.7164044,0.0001714261562554,((((sqrt(Np) - -0.18597241) * ((((Bzsouth + 1.2837452) * (Vp + ((Vp + DST) - Np))) * 0.006840883) + -22.324831)) + DST) * -0.06750819) + -2.7164044,14.690603773584908,18.6817,11.183811320754716,14.512300000000002,0.7247735849056605,0.6689999999999999,16.730849056603777,21.21295,-0.06750819*DST - 0.06750819*(sqrt(Np) + 0.18597241)*(0.006840883*(Bzsouth + 1.2837452)*(DST - Np + 2*Vp) - 22.324831) - 2.7164044
50,25,3.8118253,(DST - (Np - ((((Vp + (DST / sqrt(Np / Bmag))) + (Np * Bzsouth)) * 0.04152097) * (Bzsouth + inv(Np))))) * -0.056693725,0.0001073706150689,(DST - (Np - ((((Vp + (DST / sqrt(Np / Bmag))) + (Np * Bzsouth)) * 0.04152097) * (Bzsouth + inv(Np))))) * -0.056693725,15.03567924528302,19.97495,11.51901886792453,15.289550000000002,0.6997358490566039,0.5497,17.435245283018865,22.5944,-0.056693725*DST + 0.056693725*Np - 0.056693725*(Bzsouth + 1/Np)*(0.04152097*Bzsouth*Np + 0.04152097*DST/sqrt(Np/Bmag) + 0.04152097*Vp)
51,24,3.8120081,(Np * 0.13888735) - (((0.21860303 / Bmag) + -0.10204478) * ((((((Bzsouth * sqrt(Np)) + 5.5124316) + Bzsouth) * Vp) * -0.0077920626) - DST)),0.0006211331238374,(Np * 0.13888735) - (((0.21860303 / Bmag) + -0.10204478) * ((((((Bzsouth * sqrt(Np)) + 5.5124316) + Bzsouth) * Vp) * -0.0077920626) - DST)),14.831113207547169,17.9485,11.157547169811322,13.256049999999998,0.7302452830188679,0.7179999999999999,17.843962264150942,21.4082,0.13888735*Np - (-0.10204478 + 0.21860303/Bmag)*(-DST - 0.0077920626*Vp*(Bzsouth*sqrt(Np) + Bzsouth + 5.5124316))
52,24,3.8122346,((DST - Np) + (((DST / sqrt(Np / Bmag)) + (Vp + (Bzsouth * Np))) * (0.039009616 * (Bzsouth + 0.5006689)))) * -0.0597664,0.0005185343577778,((DST - Np) + (((DST / sqrt(Np / Bmag)) + (Vp + (Bzsouth * Np))) * (0.039009616 * (Bzsouth + 0.5006689)))) * -0.0597664,14.814716981132072,17.3487,11.314754716981133,12.6572,0.7089811320754715,0.699,17.298622641509436,21.014900000000004,-0.0597664*DST + 0.0597664*Np - 0.0597664*(0.039009616*Bzsouth + 0.0195309015321424)*(Bzsouth*Np + DST/sqrt(Np/Bmag) + Vp)
53,25,3.8122647,((DST - Np) * -0.057283793) - ((((Bzsouth + 0.4346577) * ((DST / sqrt(Np / Bmag)) + Vp)) + (square(Bzsouth) * Np)) * 0.0023060262),8.335904755806804e-05,((DST - Np) * -0.057283793) - ((((Bzsouth + 0.4346577) * ((DST / sqrt(Np / Bmag)) + Vp)) + (square(Bzsouth) * Np)) * 0.0023060262),14.832924528301886,17.224800000000002,11.316113207547172,12.49305,0.7083396226415096,0.70265,17.349301886792453,20.9066,-0.057283793*DST - 0.0023060262*Np*square(Bzsouth) + 0.057283793*Np - 0.0023060262*(Bzsouth + 0.4346577)*(DST/sqrt(Np/Bmag) + Vp)
54,25,3.8124638,((DST + ((sqrt(Np) + inv(Bmag)) * ((((Vp + Vp) + DST) * ((Bzsouth + 1.2837452) * 0.006855849)) + -22.324831))) * -0.06750861) + -2.6751952,0.0001033661308612,((DST + ((sqrt(Np) + inv(Bmag)) * ((((Vp + Vp) + DST) * ((Bzsouth + 1.2837452) * 0.006855849)) + -22.324831))) * -0.06750861) + -2.6751952,14.557471698113206,18.276750000000003,11.104754716981132,14.147750000000002,0.7276792452830189,0.6824499999999999,16.58637735849057,20.98055,-0.06750861*DST - 0.06750861*(sqrt(Np) + 1/Bmag)*((0.006855849*Bzsouth + 0.0088011632456748)*(DST + 2*Vp) - 22.324831) - 2.6751952
55,24,3.8125722,((DST - Np) * -0.057405937) + ((((Vp + (Bzsouth * Np)) + (DST * sqrt(Bmag / Np))) * (Bzsouth - -0.4108022)) * -0.0023443294),0.0014665406519979,((DST - Np) * -0.057405937) + ((((Vp + (Bzsouth * Np)) + (DST * sqrt(Bmag / Np))) * (Bzsouth - -0.4108022)) * -0.0023443294),14.98456603773585,17.294900000000002,11.429226415094336,12.546000000000001,0.7006981132075472,0.7018000000000001,17.38618867924528,20.891799999999996,-0.057405937*DST + 0.057405937*Np - 0.0023443294*(Bzsouth + 0.4108022)*(Bzsouth*Np + DST*sqrt(Bmag/Np) + Vp)
56,24,3.8125825,((DST - Np) * -0.057283793) - (((Bzsouth + 0.4346577) * (((DST / sqrt(Np / Bmag)) + Vp) + (Bzsouth * Np))) * 0.0023060262),0.002937179266362,((DST - Np) * -0.057283793) - (((Bzsouth + 0.4346577) * (((DST / sqrt(Np / Bmag)) + Vp) + (Bzsouth * Np))) * 0.0023060262),14.900113207547175,17.2638,11.35988679245283,12.5211,0.7047547169811321,0.7021000000000001,17.375679245283017,20.9168,-0.057283793*DST + 0.057283793*Np - 0.0023060262*(Bzsouth + 0.4346577)*(Bzsouth*Np + DST/sqrt(Np/Bmag) + Vp)
57,24,3.8128579,(((((((Vp + (Vp + DST)) * 0.006855849) * (Bzsouth + 1.3213037)) + -22.324831) * sqrt(Np + 0.5743516)) + DST) * -0.06750861) + -2.6197236,0.0001456831290953,(((((((Vp + (Vp + DST)) * 0.006855849) * (Bzsouth + 1.3213037)) + -22.324831) * sqrt(Np + 0.5743516)) + DST) * -0.06750861) + -2.6197236,14.631377358490568,18.023199999999996,11.133018867924527,13.8726,0.7263396226415095,0.7001,16.724660377358493,20.74015,-0.06750861*DST - 0.06750861*sqrt(Np + 0.5743516)*((Bzsouth + 1.3213037)*(0.006855849*DST + 0.013711698*Vp) - 22.324831) - 2.6197236
58,21,3.8129873,(((Bzsouth * (((Vp + -143.84161) * sqrt(Np)) + DST)) * -0.0013091298) + -2.6593935) + (sqrt(Np) - (DST / 15.190702)),0.0013475618968295,(((Bzsouth * (((Vp + -143.84161) * sqrt(Np)) + DST)) * -0.0013091298) + -2.6593935) + (sqrt(Np) - (DST / 15.190702)),15.139150943396226,21.433249999999997,11.338075471698112,16.44115,0.7166037735849056,0.6042500000000002,17.708603773584905,25.107550000000003,-0.0013091298*Bzsouth*(DST + sqrt(Np)*(Vp - 143.84161)) - 0.0658297424306*DST + sqrt(Np) - 2.6593935
59,22,3.8139389,((((((DST * 0.55001825) + Vp) * -0.0009447073) * (Bzsouth - -1.5908353)) + 1.592198) * sqrt(Np)) - ((0.06536079 * DST) + 2.4038792),0.0005723217692614,((((((DST * 0.55001825) + Vp) * -0.0009447073) * (Bzsouth - -1.5908353)) + 1.592198) * sqrt(Np)) - ((0.06536079 * DST) + 2.4038792),14.456773584905662,18.2958,10.998037735849056,14.138850000000001,0.7305849056603775,0.68305,16.446358490566038,21.1297,-0.06536079*DST + sqrt(Np)*((Bzsouth + 1.5908353)*(-0.000519606255908225*DST - 0.0009447073*Vp) + 1.592198) - 2.4038792
60,22,3.813969,(((sqrt(Np) * (((((Vp + Vp) + DST) * 0.00703635) * (Bzsouth + 1.2773628)) + -22.324831)) + DST) * -0.06753028) + -2.5495207,0.0005867866953202,(((sqrt(Np) * (((((Vp + Vp) + DST) * 0.00703635) * (Bzsouth + 1.2773628)) + -22.324831)) + DST) * -0.06753028) + -2.5495207,14.57945283018868,18.6398,11.09164150943396,14.467249999999998,0.7264150943396225,0.6701,16.657377358490567,21.36475,-0.06753028*DST - 0.06753028*sqrt(Np)*((Bzsouth + 1.2773628)*(0.00703635*DST + 0.0140727*Vp) - 22.324831) - 2.5495207
61,23,3.8143766,sqrt(Np) + ((Vp * -0.0009866816) * ((((DST / (Vp * 0.42795563)) + sqrt(Np)) * Bzsouth) + (5.234979 - (DST * -0.12106551)))),0.0003805726478373,sqrt(Np) + ((Vp * -0.0009866816) * ((((DST / (Vp * 0.42795563)) + sqrt(Np)) * Bzsouth) + (5.234979 - (DST * -0.12106551)))),15.659905660377355,18.003149999999998,11.967886792452832,14.370049999999997,0.6644150943396226,0.6432500000000001,17.72281132075472,19.67515,sqrt(Np) - 0.0009866816*Vp*(Bzsouth*(2.33669083872083*DST/Vp + sqrt(Np)) + 0.12106551*DST + 5.234979)
62,22,3.8161902,((DST + (sqrt(Np) * (-21.432089 + (((Bzsouth + 0.8905188) * 0.016430788) * ((DST / 1.3882802) + Vp))))) * -0.06071585) - 2.2003496,0.0003576110665471,((DST + (sqrt(Np) * (-21.432089 + (((Bzsouth + 0.8905188) * 0.016430788) * ((DST / 1.3882802) + Vp))))) * -0.06071585) - 2.2003496,14.777207547169814,18.115,11.231716981132077,14.080400000000001,0.7116792452830191,0.6889500000000001,16.606811320754716,20.52505,-0.06071585*DST - 0.06071585*sqrt(Np)*((0.016430788*Bzsouth + 0.0146319256128144)*(0.720315682669824*DST + Vp) - 21.432089) - 2.2003496
63,25,3.817178,(Np * 0.118559994) - ((((Bzsouth + 1.1655784) + (Bzsouth * (Np * (Vp * 0.0001211698)))) * ((Vp + DST) * 0.001796062)) + (DST * 0.064468324)),0.0003339048686429,(Np * 0.118559994) - ((((Bzsouth + 1.1655784) + (Bzsouth * (Np * (Vp * 0.0001211698)))) * ((Vp + DST) * 0.001796062)) + (DST * 0.064468324)),14.43696226415094,16.35325,11.075018867924529,12.48655,0.7361698113207547,0.73315,16.750698113207545,19.873250000000002,-0.064468324*DST + 0.118559994*Np - (0.001796062*DST + 0.001796062*Vp)*(0.0001211698*Bzsouth*Np*Vp + Bzsouth + 1.1655784)
64,21,3.817281,sqrt(Np) + (((DST * ((Bzsouth / Vp) - -0.13503793)) + ((Bzsouth * sqrt(Np)) + 5.810281)) * (Vp * -0.0009260131)),0.0008404417127538,sqrt(Np) + (((DST * ((Bzsouth / Vp) - -0.13503793)) + ((Bzsouth * sqrt(Np)) + 5.810281)) * (Vp * -0.0009260131)),16.12609433962264,18.65775,12.182471698113208,14.8721,0.6544716981132074,0.63285,18.627735849056606,20.4796,sqrt(Np) - 0.0009260131*Vp*(Bzsouth*sqrt(Np) + DST*(Bzsouth/Vp + 0.13503793) + 5.810281)
65,21,3.8172889,((((sqrt(Np) * ((((Vp + DST) * 0.02141898) - 1.9995602) * Bzsouth)) + DST) * -0.060568735) + sqrt(Np)) - 2.421134,0.0006587061485339,((((sqrt(Np) * ((((Vp + DST) * 0.02141898) - 1.9995602) * Bzsouth)) + DST) * -0.060568735) + sqrt(Np)) - 2.421134,14.376094339622641,17.749450000000003,11.049415094339624,14.180000000000001,0.7289056603773586,0.6532,15.968245283018868,19.74725,-0.060568735*Bzsouth*sqrt(Np)*(0.02141898*DST + 0.02141898*Vp - 1.9995602) - 0.060568735*DST + sqrt(Np) - 2.421134
66,22,3.817498,(((((square(Bmag) / Np) - Vp) * Bzsouth) * 0.03328449) - DST) / (48.280754 / sqrt(Bzsouth + sqrt(Bmag * Np))),0.0019315201499139,(((((square(Bmag) / Np) - Vp) * Bzsouth) * 0.03328449) - DST) / (48.280754 / sqrt(Bzsouth + sqrt(Bmag * Np))),15.940490566037735,44.54315000000001,12.216603773584904,26.627599999999994,0.6809622641509434,-5.1305,18.76392452830189,58.85325,0.0207121868892106*sqrt(Bzsouth + sqrt(Bmag*Np))*(0.03328449*Bzsouth*(-Vp + square(Bmag)/Np) - DST)
67,20,3.8176548,(-2.4671552 - ((((Bzsouth * 0.0012713977) * (DST + (Vp + -83.105995))) - 1.0250055) * sqrt(Np))) + (DST * -0.060740408),0.0007482241872132,(-2.4671552 - ((((Bzsouth * 0.0012713977) * (DST + (Vp + -83.105995))) - 1.0250055) * sqrt(Np))) + (DST * -0.060740408),14.434396226415098,17.85635,11.103981132075472,14.2899,0.7255094339622643,0.6489999999999999,15.986716981132076,19.708399999999997,-0.060740408*DST - sqrt(Np)*(0.0012713977*Bzsouth*(DST + Vp - 83.105995) - 1.0250055) - 2.4671552
68,20,3.818129,(sqrt(Np) * (((Vp + DST) * ((Bzsouth + 1.1389712) * -0.0010149719)) + 1.4584974)) - ((DST / 16.402863) + 2.321843),0.0006859256906359,(sqrt(Np) * (((Vp + DST) * ((Bzsouth + 1.1389712) * -0.0010149719)) + 1.4584974)) - ((DST / 16.402863) + 2.321843),14.224094339622642,17.06785,10.911811320754719,13.427050000000003,0.7342830188679247,0.6871499999999999,15.869603773584904,19.11895,-0.0609649669085208*DST + sqrt(Np)*((-0.0010149719*Bzsouth - 0.00115602376290928)*(DST + Vp) + 1.4584974) - 2.321843
69,20,3.818307,(sqrt(Np) * ((-0.0010118978 * ((Vp + DST) * (Bzsouth - -1.1060312))) + 1.4209545)) - (2.2338638 + (0.059706226 * DST)),0.0006709989735258,(sqrt(Np) * ((-0.0010118978 * ((Vp + DST) * (Bzsouth - -1.1060312))) + 1.4209545)) - (2.2338638 + (0.059706226 * DST)),14.250094339622642,17.01625,10.923113207547173,13.352550000000003,0.7327169811320755,0.69325,15.893603773584907,19.132699999999996,-0.059706226*DST + sqrt(Np)*(-0.0010118978*(Bzsouth + 1.1060312)*(DST + Vp) + 1.4209545) - 2.2338638
70,20,3.8184476,((((((Bzsouth + 0.9134918) * ((DST + Vp) * 0.01677179)) + -22.398436) * sqrt(Np)) + DST) * -0.060756877) + -2.308542,0.0006852277553748,((((((Bzsouth + 0.9134918) * ((DST + Vp) * 0.01677179)) + -22.398436) * sqrt(Np)) + DST) * -0.060756877) + -2.308542,14.300528301886791,17.141700000000004,10.969698113207548,13.509099999999998,0.7302452830188678,0.6857,15.962622641509435,19.14215,-0.060756877*DST - 0.060756877*sqrt(Np)*((Bzsouth + 0.9134918)*(0.01677179*DST + 0.01677179*Vp) - 22.398436) - 2.308542
71,20,3.8189206,(((sqrt(Np) * (((DST + Vp) * ((Bzsouth + 0.9207319) * 0.016546512)) + -21.598963)) + DST) * -0.06071589) - 2.2239523,0.0006292843787518,(((sqrt(Np) * (((DST + Vp) * ((Bzsouth + 0.9207319) * 0.016546512)) + -21.598963)) + DST) * -0.06071589) - 2.2239523,14.257075471698114,16.954250000000002,10.9257358490566,13.318699999999998,0.7325283018867925,0.69365,16.005150943396224,19.1179,-0.06071589*DST - 0.06071589*sqrt(Np)*((0.016546512*Bzsouth + 0.0152349014321328)*(DST + Vp) - 21.598963) - 2.2239523
72,23,3.819728,(Np * 0.20203257) - ((((Np * 0.00012786292) + 0.0016431517) * ((Bzsouth + 1.2524072) * (Bzsouth + (DST + Vp)))) + (DST * 0.062692836)),0.000307950641269,(Np * 0.20203257) - ((((Np * 0.00012786292) + 0.0016431517) * ((Bzsouth + 1.2524072) * (Bzsouth + (DST + Vp)))) + (DST * 0.062692836)),14.431415094339625,15.587950000000001,11.048660377358491,11.882150000000001,0.731188679245283,0.7580499999999999,16.403943396226417,18.114900000000006,-0.062692836*DST + 0.20203257*Np - (Bzsouth + 1.2524072)*(0.00012786292*Np + 0.0016431517)*(Bzsouth + DST + Vp)
73,20,3.8198042,((DST * -0.06463053) + -2.7530813) + (((((Vp - (DST / -1.6964436)) * Bzsouth) * -0.0009809126) + 1.105316) * sqrt(Np)),0.0004789966231071,((DST * -0.06463053) + -2.7530813) + (((((Vp - (DST / -1.6964436)) * Bzsouth) * -0.0009809126) + 1.105316) * sqrt(Np)),15.244849056603773,19.769550000000002,11.6511320754717,15.678049999999999,0.6946415094339622,0.6141500000000001,17.361226415094343,21.659749999999995,-0.06463053*DST + sqrt(Np)*(-0.0009809126*Bzsouth*(0.589468462140445*DST + Vp) + 1.105316) - 2.7530813
74,21,3.8220813,(Np * 0.20922062) - (((((Np * 0.00013441133) + 0.0016886025) * (DST + Vp)) * (Bzsouth + 1.2177123)) + (DST * 0.06268321)),0.0011011571476759,(Np * 0.20922062) - (((((Np * 0.00013441133) + 0.0016886025) * (DST + Vp)) * (Bzsouth + 1.2177123)) + (DST * 0.06268321)),14.49720754716981,15.476999999999995,11.09879245283019,11.79905,0.7293584905660379,0.7571,16.455830188679247,17.91835,-0.06268321*DST + 0.20922062*Np - (Bzsouth + 1.2177123)*(DST + Vp)*(0.00013441133*Np + 0.0016886025)
75,18,3.8233705,(sqrt(Np) * (((Bzsouth * (DST + Vp)) * -0.0010203831) + 1.0401108)) - ((DST / 16.440142) + 2.5004382),0.0011125038594095,(sqrt(Np) * (((Bzsouth * (DST + Vp)) * -0.0010203831) + 1.0401108)) - ((DST / 16.440142) + 2.5004382),14.794905660377356,18.128,11.393188679245284,14.516749999999996,0.7077547169811321,0.6421000000000001,16.589547169811325,19.6495,-0.0608267252192834*DST + sqrt(Np)*(-0.0010203831*Bzsouth*(DST + Vp) + 1.0401108) - 2.5004382
76,18,3.823372,((DST * -0.060868587) + -2.5011559) - (sqrt(Np) * ((((DST + Vp) * Bzsouth) * 0.0010188009) - 1.0394148)),0.0011117205190377,((DST * -0.060868587) + -2.5011559) - (sqrt(Np) * ((((DST + Vp) * Bzsouth) * 0.0010188009) - 1.0394148)),14.790830188679244,18.11955,11.390320754716983,14.509800000000002,0.7080566037735849,0.6422000000000001,16.595886792452827,19.652700000000003,-0.060868587*DST - sqrt(Np)*(0.0010188009*Bzsouth*(DST + Vp) - 1.0394148) - 2.5011559
77,18,3.8234346,(((((Vp + DST) * Bzsouth) * -0.0010283601) + 1.0792747) * sqrt(Np)) - ((DST * 0.061578173) - -2.6067593),0.0011051651446179,(((((Vp + DST) * Bzsouth) * -0.0010283601) + 1.0792747) * sqrt(Np)) - ((DST * 0.061578173) - -2.6067593),14.801415094339623,18.3154,11.402320754716984,14.719299999999999,0.7075471698113206,0.631,16.569245283018866,19.6848,-0.061578173*DST + sqrt(Np)*(-0.0010283601*Bzsouth*(DST + Vp) + 1.0792747) - 2.6067593
78,18,3.8234653,((sqrt(Np) * (((Bzsouth * -0.0010188408) * (DST + Vp)) + 1.016243)) + (DST * -0.059952147)) + -2.4254425,0.0011029380698736,((sqrt(Np) * (((Bzsouth * -0.0010188408) * (DST + Vp)) + 1.016243)) + (DST * -0.059952147)) + -2.4254425,14.810301886792454,18.07115,11.398528301886792,14.4406,0.7064150943396226,0.6479499999999999,16.593962264150942,19.6406,-0.059952147*DST + sqrt(Np)*(-0.0010188408*Bzsouth*(DST + Vp) + 1.016243) - 2.4254425
79,18,3.8236842,((DST + (sqrt(Np) * (((Vp + DST) * (Bzsouth * 0.01687881)) + -18.333727))) * -0.06046955) - 2.6378908,0.0010917713821905,((DST + (sqrt(Np) * (((Vp + DST) * (Bzsouth * 0.01687881)) + -18.333727))) * -0.06046955) - 2.6378908,14.834075471698114,18.5197,11.431320754716984,14.893999999999997,0.706698113207547,0.6226499999999999,16.621622641509436,19.83365,-0.06046955*DST - 0.06046955*sqrt(Np)*(0.01687881*Bzsouth*(DST + Vp) - 18.333727) - 2.6378908
80,19,3.8237028,sqrt(Np + 1.7526187) - ((Vp * 0.0008717404) * (((sqrt(Np) * Bzsouth) - (DST * -0.14833282)) + 7.342624)),0.0002233199914475,sqrt(Np + 1.7526187) - ((Vp * 0.0008717404) * (((sqrt(Np) * Bzsouth) - (DST * -0.14833282)) + 7.342624)),16.288754716981135,17.779999999999994,12.18352830188679,13.68335,0.6566037735849055,0.6980000000000001,19.165075471698113,20.81815,-0.0008717404*Vp*(Bzsouth*sqrt(Np) + 0.14833282*DST + 7.342624) + sqrt(Np + 1.7526187)
81,18,3.82373,((DST + (sqrt(Np) * ((Bzsouth * ((DST + Vp) * 0.016542498)) + -16.627289))) * -0.06268928) - 2.546201,0.0010711555512976,((DST + (sqrt(Np) * ((Bzsouth * ((DST + Vp) * 0.016542498)) + -16.627289))) * -0.06268928) - 2.546201,14.795132075471699,18.03245,11.401207547169811,14.470249999999998,0.7074339622641509,0.6436,16.539075471698112,19.52165,-0.06268928*DST - 0.06268928*sqrt(Np)*(Bzsouth*(0.016542498*DST + 0.016542498*Vp) - 16.627289) - 2.546201
82,22,3.8237712,(((Vp + (Bzsouth * Np)) + (sqrt(Bmag / Np) * DST)) * (Bzsouth * -0.002390262)) + ((DST - Np) * -0.05035695),0.0011640885297215,(((Vp + (Bzsouth * Np)) + (sqrt(Bmag / Np) * DST)) * (Bzsouth * -0.002390262)) + ((DST - Np) * -0.05035695),16.176207547169813,17.265500000000003,12.504660377358492,12.406149999999997,0.6548113207547169,0.7047999999999999,18.30530188679245,20.8647,-0.002390262*Bzsouth*(Bzsouth*Np + DST*sqrt(Bmag/Np) + Vp) - 0.05035695*DST + 0.05035695*Np
83,23,3.8237972,neg(((((Vp + (DST / sqrt(Np / Bmag))) + (Bzsouth * Np)) * Bzsouth) * 0.002391794) - ((DST - Np) * -0.051261432)),7.479448189284391e-06,neg(((((Vp + (DST / sqrt(Np / Bmag))) + (Bzsouth * Np)) * Bzsouth) * 0.002391794) - ((DST - Np) * -0.051261432)),16.1121320754717,17.23595,12.499169811320755,12.408750000000001,0.6581132075471698,0.70455,18.196528301886794,20.87005,neg(0.002391794*Bzsouth*(Bzsouth*Np + DST/sqrt(Np/Bmag) + Vp) + 0.051261432*DST - 0.051261432*Np)
84,22,3.8238258,((((Vp + (DST / sqrt(Np / Bmag))) + (Bzsouth * Np)) * -0.0023961526) * Bzsouth) - ((DST - Np) * 0.051406782),0.0011489736377519,((((Vp + (DST / sqrt(Np / Bmag))) + (Bzsouth * Np)) * -0.0023961526) * Bzsouth) - ((DST - Np) * 0.051406782),16.11422641509434,17.2393,12.504867924528305,12.41495,0.6580377358490566,0.70435,18.188962264150945,20.8709,Bzsouth*(-0.0023961526*Bzsouth*Np - 0.0023961526*DST/sqrt(Np/Bmag) - 0.0023961526*Vp) - 0.051406782*DST + 0.051406782*Np
85,21,3.8248787,((Vp * ((((DST / Np) * -0.00029205854) - 0.039443295) * Bzsouth)) - DST) / (46.644115 / sqrt(sqrt(Bmag * Np))),0.0011080484968159,((Vp * ((((DST / Np) * -0.00029205854) - 0.039443295) * Bzsouth)) - DST) / (46.644115 / sqrt(sqrt(Bmag * Np))),15.690811320754715,17.5644,12.120320754716982,12.881799999999998,0.682566037735849,0.6856500000000001,18.4081320754717,21.359249999999996,0.0214389317923601*(Bmag*Np)**(1/4)*(Bzsouth*Vp*(-0.00029205854*DST/Np - 0.039443295) - DST)
86,20,3.825284,(sqrt(Np) + (((Vp * 0.0027304182) * sqrt(sqrt(Np))) * ((-1.380314 - Bzsouth) + (DST * -0.032294642)))) + Bzsouth,0.0022261391549476,(sqrt(Np) + (((Vp * 0.0027304182) * sqrt(sqrt(Np))) * ((-1.380314 - Bzsouth) + (DST * -0.032294642)))) + Bzsouth,15.846018867924531,20.177300000000002,11.796301886792449,15.167449999999999,0.7047169811320755,0.6173,19.325056603773582,25.445950000000003,Bzsouth + 0.0027304182*Np**(1/4)*Vp*(-Bzsouth - 0.032294642*DST - 1.380314) + sqrt(Np)
87,17,3.825411,sqrt(Np) - (Vp * ((((Bzsouth * sqrt(Np)) + 6.3078604) - (DST * -0.14589983)) * 0.0008758741)),0.0027049362066963,sqrt(Np) - (Vp * ((((Bzsouth * sqrt(Np)) + 6.3078604) - (DST * -0.14589983)) * 0.0008758741)),16.512018867924528,19.46385,12.363094339622645,15.465700000000002,0.6474150943396226,0.6192,19.424905660377362,21.5947,sqrt(Np) - Vp*(0.0008758741*Bzsouth*sqrt(Np) + 0.000127789882291403*DST + 0.00552489155077564)
88,21,3.8282218,((DST - Np) * -0.05921403) - ((((DST + (Vp + DST)) + (Np * Bzsouth)) * 0.0024143218) * (Bzsouth - -0.49145812)),0.0024371944953106,((DST - Np) * -0.05921403) - ((((DST + (Vp + DST)) + (Np * Bzsouth)) * 0.0024143218) * (Bzsouth - -0.49145812)),14.581188679245283,15.02235,11.246811320754718,11.65845,0.7256981132075472,0.7519999999999999,17.23588679245283,16.956400000000002,-0.05921403*DST + 0.05921403*Np - (Bzsouth + 0.49145812)*(0.0024143218*Bzsouth*Np + 0.0048286436*DST + 0.0024143218*Vp)
89,21,3.828225,((DST - Np) * -0.059196714) + (((Bzsouth * Np) + (DST + (DST + Vp))) * ((Bzsouth - -0.48308793) * -0.002420976)),0.0012030522840779,((DST - Np) * -0.059196714) + (((Bzsouth * Np) + (DST + (DST + Vp))) * ((Bzsouth - -0.48308793) * -0.002420976)),14.588377358490568,15.01185,11.255698113207545,11.651050000000001,0.7253207547169811,0.7524499999999998,17.22533962264151,16.93885,-0.059196714*DST + 0.059196714*Np + (-0.002420976*Bzsouth - 0.00116954428441968)*(Bzsouth*Np + 2*DST + Vp)
90,20,3.8291192,(((Bzsouth * 0.038864493) * ((square(Bmag) / Np) - Vp)) - DST) / (43.22272 / sqrt(sqrt(Np * Bmag))),0.0017565108683185,(((Bzsouth * 0.038864493) * ((square(Bmag) / Np) - Vp)) - DST) / (43.22272 / sqrt(sqrt(Np * Bmag))),16.82332075471698,31.16535,12.84052830188679,20.499249999999996,0.6453207547169811,-0.7933,19.54022641509434,40.03795000000001,0.0231359803362676*(Bmag*Np)**(1/4)*(0.038864493*Bzsouth*(-Vp + square(Bmag)/Np) - DST)
91,19,3.830508,(Np * 0.2281519) - ((Vp * (((Np * 0.000119222044) + 0.00143559) * (Bzsouth - -1.8140526))) + (DST * 0.0729705)),0.0031655819920873,(Np * 0.2281519) - ((Vp * (((Np * 0.000119222044) + 0.00143559) * (Bzsouth - -1.8140526))) + (DST * 0.0729705)),15.344754716981132,19.584349999999997,11.424905660377355,14.1697,0.7134528301886791,0.7153,18.28301886792453,23.4054,-0.0729705*DST + 0.2281519*Np - Vp*(Bzsouth + 1.8140526)*(0.000119222044*Np + 0.00143559)
92,16,3.8318825,((DST * -0.067997254) + -2.8299918) - ((((Vp * 0.0008897772) * Bzsouth) - 1.0758376) * sqrt(Np)),0.0064133300182654,((DST * -0.067997254) + -2.8299918) - ((((Vp * 0.0008897772) * Bzsouth) - 1.0758376) * sqrt(Np)),16.18639622641509,22.278550000000003,12.08937735849057,17.0651,0.6753962264150943,0.58415,19.302981132075473,24.9953,-0.067997254*DST - sqrt(Np)*(0.0008897772*Bzsouth*Vp - 1.0758376) - 2.8299918
93,16,3.831887,(((Vp * (Bzsouth * -0.00088871847)) + 1.065844) * sqrt(Np)) - ((DST / 14.746315) + 2.80268),0.0038289173277106,(((Vp * (Bzsouth * -0.00088871847)) + 1.065844) * sqrt(Np)) - ((DST / 14.746315) + 2.80268),16.19222641509434,22.2431,12.091094339622641,17.0258,0.6753018867924527,0.58665,19.31216981132075,24.99275,-0.0678135520636851*DST + sqrt(Np)*(-0.00088871847*Bzsouth*Vp + 1.065844) - 2.80268
94,16,3.831895,(((((Bzsouth * Vp) * -0.0008879792) + 1.0588746) * sqrt(Np)) + -2.7872338) - (DST * 0.06776252),0.0093308580104812,(((((Bzsouth * Vp) * -0.0008879792) + 1.0588746) * sqrt(Np)) + -2.7872338) - (DST * 0.06776252),16.190943396226416,22.214149999999997,12.089113207547168,16.998,0.6752264150943398,0.5881499999999998,19.31281132075472,24.98205,-0.06776252*DST + sqrt(Np)*(-0.0008879792*Bzsouth*Vp + 1.0588746) - 2.7872338
95,16,3.8319087,((sqrt(Np) * (((Vp * -0.000886745) * Bzsouth) + 1.0524755)) + -2.7689111) + (DST * -0.06755595),0.0038262153211961,((sqrt(Np) * (((Vp * -0.000886745) * Bzsouth) + 1.0524755)) + -2.7689111) + (DST * -0.06755595),16.195490566037737,22.20385,12.089301886792454,16.9837,0.6750754716981131,0.58945,19.320924528301887,24.988299999999995,-0.06755595*DST + sqrt(Np)*(-0.000886745*Bzsouth*Vp + 1.0524755) - 2.7689111
96,16,3.8319304,(((sqrt(Np) * ((Vp * (Bzsouth * 0.013190157)) + -15.886305)) + DST) * -0.067225106) - 2.7936006,0.003823383842127,(((sqrt(Np) * ((Vp * (Bzsouth * 0.013190157)) + -15.886305)) + DST) * -0.067225106) - 2.7936006,16.2127358490566,22.3231,12.097641509433963,17.08505,0.6746603773584905,0.5849,19.338754716981136,25.0582,-0.067225106*DST - 0.067225106*sqrt(Np)*(0.013190157*Bzsouth*Vp - 15.886305) - 2.7936006
97,16,3.8320425,((DST + (sqrt(Np) * (((Vp * Bzsouth) * 0.013078099) + -16.393843))) * -0.0683913) + -2.9364438,0.0038131725045064,((DST + (sqrt(Np) * (((Vp * Bzsouth) * 0.013078099) + -16.393843))) * -0.0683913) + -2.9364438,16.194754716981134,22.48235,12.102509433962267,17.262750000000004,0.675245283018868,0.5730999999999999,19.297735849056604,25.0623,-0.0683913*DST - 0.0683913*sqrt(Np)*(0.013078099*Bzsouth*Vp - 16.393843) - 2.9364438
98,19,3.8338091,Bzsouth + (sqrt(sqrt(Np)) * (((Vp * ((DST * -0.030218797) + (-1.1886467 - Bzsouth))) * 0.0026816332) + 1.3386384)),0.0008960201432246,Bzsouth + (sqrt(sqrt(Np)) * (((Vp * ((DST * -0.030218797) + (-1.1886467 - Bzsouth))) * 0.0026816332) + 1.3386384)),16.20820754716981,20.162,11.956037735849058,14.56815,0.6817358490566036,0.63085,19.308528301886792,25.64375,Bzsouth + Np**(1/4)*(0.0026816332*Vp*(-Bzsouth - 0.030218797*DST - 1.1886467) + 1.3386384)
99,16,3.8357725,(((((Bzsouth - 2.1623452) * sqrt(Np)) + 5.9008803) * (Vp * -0.012756957)) - DST) * 0.069157906,0.0033223080477644,(((((Bzsouth - 2.1623452) * sqrt(Np)) + 5.9008803) * (Vp * -0.012756957)) - DST) * 0.069157906,16.06758490566038,20.845850000000002,12.001452830188681,15.697550000000001,0.6766981132075472,0.6447499999999999,19.341811320754722,24.2331,-0.069157906*DST - 0.000882244433052042*Vp*(sqrt(Np)*(Bzsouth - 2.1623452) + 5.9008803)
100,19,3.835851,((Bzsouth * ((Bmag / sqrt(Np)) - ((Vp + Np) * 0.045853734))) - DST) / (50.117046 / sqrt(Bmag)),0.0003428311102836,((Bzsouth * ((Bmag / sqrt(Np)) - ((Vp + Np) * 0.045853734))) - DST) / (50.117046 / sqrt(Bmag)),16.957566037735848,25.53545,12.892566037735847,16.212899999999998,0.6295094339622642,-0.007899999999999952,19.825792452830186,34.0434,0.0199532909421677*sqrt(Bmag)*(Bzsouth*(Bmag/sqrt(Np) - 0.045853734*Np - 0.045853734*Vp) - DST)
101,19,3.8374472,((DST - Np) * -0.04895255) + (Bzsouth * ((((DST * 2.4618247) + Vp) + (Bzsouth * Np)) * -0.0025749283)),0.0013553473195391,((DST - Np) * -0.04895255) + (Bzsouth * ((((DST * 2.4618247) + Vp) + (Bzsouth * Np)) * -0.0025749283)),14.984415094339623,14.50745,11.782471698113207,11.195800000000002,0.7034905660377357,0.7645500000000001,16.933301886792453,16.289949999999997,Bzsouth*(-0.0025749283*Bzsouth*Np - 0.00633902208966901*DST - 0.0025749283*Vp) - 0.04895255*DST + 0.04895255*Np
102,20,3.8375633,(DST * -0.05346902) - ((Bzsouth * ((Vp + (DST / sqrt(Np / Bmag))) + (Np * Bzsouth))) * 0.002287577),0.0001584734275272,(DST * -0.05346902) - ((Bzsouth * ((Vp + (DST / sqrt(Np / Bmag))) + (Np * Bzsouth))) * 0.002287577),16.306207547169812,17.565549999999998,12.509377358490568,12.7504,0.6379622641509434,0.6929500000000001,18.646849056603774,21.244400000000006,-0.002287577*Bzsouth*(Bzsouth*Np + DST/sqrt(Np/Bmag) + Vp) - 0.05346902*DST
103,19,3.8381715,((DST - Np) * -0.06564481) - ((Bzsouth - -0.8141953) * ((DST + (Vp + (Bzsouth * Np))) * 0.0020991976)),0.0014665283059455,((DST - Np) * -0.06564481) - ((Bzsouth - -0.8141953) * ((DST + (Vp + (Bzsouth * Np))) * 0.0020991976)),15.344415094339624,16.71045,11.593433962264154,12.7413,0.7116037735849057,0.7364499999999999,18.95984905660377,19.652449999999998,-0.06564481*DST + 0.06564481*Np - (Bzsouth + 0.8141953)*(0.0020991976*Bzsouth*Np + 0.0020991976*DST + 0.0020991976*Vp)
104,17,3.838482,((Bzsouth * ((Bmag / sqrt(Np)) - (Vp * 0.045853734))) - DST) / (49.567196 / sqrt(Bmag)),0.0055762955198183,((Bzsouth * ((Bmag / sqrt(Np)) - (Vp * 0.045853734))) - DST) / (49.567196 / sqrt(Bmag)),16.864528301886793,25.406250000000004,12.83964150943396,16.1161,0.6367169811320755,-0.018050000000000038,19.984830188679243,34.1902,0.02017463323929*sqrt(Bmag)*(Bzsouth*(Bmag/sqrt(Np) - 0.045853734*Vp) - DST)
105,17,3.8406856,Bzsouth - (((sqrt(sqrt(Np)) * Vp) + DST) * ((Bzsouth - (DST * -0.026595479)) * 0.002880304)),0.0020643606038055,Bzsouth - (((sqrt(sqrt(Np)) * Vp) + DST) * ((Bzsouth - (DST * -0.026595479)) * 0.002880304)),17.47767924528302,20.76745,13.378509433962265,15.7884,0.6117169811320756,0.6147,19.311377358490567,24.413050000000005,Bzsouth - (0.002880304*Bzsouth + 7.6603064545616e-5*DST)*(DST + Np**(1/4)*Vp)
106,18,3.8426518,((sqrt(Np) * ((DST + (Vp * ((Bzsouth * 0.047383364) - -0.024015693))) - Np)) + DST) * -0.01876423,0.0017716842452726,((sqrt(Np) * ((DST + (Vp * ((Bzsouth * 0.047383364) - -0.024015693))) - Np)) + DST) * -0.01876423,16.314603773584906,20.20155,12.18377358490566,15.06305,0.686377358490566,0.6870999999999998,19.589867924528306,24.0122,-0.01876423*DST - 0.01876423*sqrt(Np)*(DST - Np + Vp*(0.047383364*Bzsouth + 0.024015693))
107,18,3.842653,(((DST + (((Bzsouth - -0.5064398) * (Vp * 0.047395214)) - Np)) * sqrt(Np)) + DST) * -0.018779598,0.0012490329328157,(((DST + (((Bzsouth - -0.5064398) * (Vp * 0.047395214)) - Np)) * sqrt(Np)) + DST) * -0.018779598,16.318773584905657,20.20485,12.187320754716982,15.064950000000001,0.6860943396226417,0.6870999999999998,19.591547169811317,24.01405,-0.018779598*DST - 0.018779598*sqrt(Np)*(DST - Np + 0.047395214*Vp*(Bzsouth + 0.5064398))
108,17,3.8494456,(DST * -0.052771024) - ((((Vp + (Bzsouth * Np)) + (DST / 0.44165215)) * 0.0024323284) * Bzsouth),0.0030345041885094,(DST * -0.052771024) - ((((Vp + (Bzsouth * Np)) + (DST / 0.44165215)) * 0.0024323284) * Bzsouth),15.313415094339623,14.78625,11.915113207547169,11.438350000000003,0.6854716981132075,0.7583,17.44437735849057,16.60665,-Bzsouth*(0.0024323284*Bzsouth*Np + 0.00550733965633361*DST + 0.0024323284*Vp) - 0.052771024*DST
109,17,3.8494658,((Bzsouth * -0.002419196) * ((Vp + (Bzsouth * Np)) + (DST * 2.1836593))) + (DST * -0.053655926),0.0007267458221727,((Bzsouth * -0.002419196) * ((Vp + (Bzsouth * Np)) + (DST * 2.1836593))) + (DST * -0.053655926),15.370056603773586,14.810599999999999,11.973396226415092,11.47305,0.6846226415094342,0.7586999999999999,17.52167924528302,16.70335,-0.002419196*Bzsouth*(Bzsouth*Np + 2.1836593*DST + Vp) - 0.053655926*DST
110,16,3.8522642,(DST + (sqrt(Np) * (((Vp * Bzsouth) * 0.05508172) + (DST - Np)))) * -0.015940847,0.0011771538825273,(DST + (sqrt(Np) * (((Vp * Bzsouth) * 0.05508172) + (DST - Np)))) * -0.015940847,17.771566037735848,22.41225,13.5027358490566,16.608199999999997,0.6258867924528302,0.6366500000000002,20.788584905660375,26.0046,-0.015940847*DST - 0.015940847*sqrt(Np)*(0.05508172*Bzsouth*Vp + DST - Np)
111,16,3.8522644,((sqrt(Np) * (((Bzsouth * (Vp * 0.05508861)) + DST) - Np)) + DST) * -0.015949432,0.0011770372817525,((sqrt(Np) * (((Bzsouth * (Vp * 0.05508861)) + DST) - Np)) + DST) * -0.015949432,17.7742641509434,22.414800000000003,13.504830188679243,16.609450000000002,0.6257169811320755,0.63665,20.78969811320755,26.00575,-0.015949432*DST - 0.015949432*sqrt(Np)*(0.05508861*Bzsouth*Vp + DST - Np)
112,15,3.8565366,((((DST * -0.027296232) - Bzsouth) * 0.0026654755) * (sqrt(sqrt(Np)) * Vp)) + Bzsouth,0.0032613634925499,((((DST * -0.027296232) - Bzsouth) * 0.0026654755) * (sqrt(sqrt(Np)) * Vp)) + Bzsouth,18.11466037735849,21.638600000000004,13.796886792452831,16.23565,0.5939433962264152,0.5916999999999999,20.97232075471698,26.749900000000004,Bzsouth + Np**(1/4)*Vp*(-0.0026654755*Bzsouth - 7.2757437638316e-5*DST)
113,15,3.8565755,(Vp * ((sqrt(sqrt(Np)) * 0.0026535015) * ((DST * -0.027451642) - Bzsouth))) + Bzsouth,0.0032764241983106,(Vp * ((sqrt(sqrt(Np)) * 0.0026535015) * ((DST * -0.027451642) - Bzsouth))) + Bzsouth,18.015811320754718,21.568899999999996,13.754603773584904,16.1977,0.5987169811320755,0.5908,20.880622641509426,26.7263,Bzsouth + 0.0026535015*Np**(1/4)*Vp*(-Bzsouth - 0.027451642*DST)
114,16,3.8599463,(((6.9948773 - (Vp * 0.050683368)) * Bzsouth) - DST) / ((30.980541 / sqrt(Np)) - -3.3161407),0.001365899221554,(((6.9948773 - (Vp * 0.050683368)) * Bzsouth) - DST) / ((30.980541 / sqrt(Np)) - -3.3161407),17.930188679245283,25.104100000000003,13.31088679245283,18.9279,0.6353396226415093,0.5363500000000001,21.290735849056606,28.0765,(Bzsouth*(6.9948773 - 0.050683368*Vp) - DST)/(3.3161407 + 30.980541/sqrt(Np))
115,16,3.8611445,((Vp * 0.0019705552) + sqrt(Np)) * ((DST * -0.017512739) - ((Bzsouth * Vp) * 0.0006328814)),0.0016772917120143,((Vp * 0.0019705552) + sqrt(Np)) * ((DST * -0.017512739) - ((Bzsouth * Vp) * 0.0006328814)),17.566981132075473,20.8138,13.287735849056604,15.8028,0.6358679245283019,0.6583,21.045226415094337,24.247549999999997,(sqrt(Np) + 0.0019705552*Vp)*(-0.0006328814*Bzsouth*Vp - 0.017512739*DST)
116,14,3.8613436,((sqrt(Np) * (DST - ((Bzsouth * -0.050225805) * Vp))) + DST) / -58.22813,0.0035095535495331,((sqrt(Np) * (DST - ((Bzsouth * -0.050225805) * Vp))) + DST) / -58.22813,17.210886792452833,21.1539,13.148622641509435,15.740699999999999,0.6411886792452828,0.6686000000000002,20.25079245283019,24.6917,-0.0171738298997409*DST - 0.0171738298997409*sqrt(Np)*(0.050225805*Bzsouth*Vp + DST)
117,14,3.8613436,(((DST + (Vp * (Bzsouth * 0.050229523))) * sqrt(Np)) + DST) * -0.017173702,0.0035095535495331,(((DST + (Vp * (Bzsouth * 0.050229523))) * sqrt(Np)) + DST) * -0.017173702,17.211528301886794,21.1553,13.14879245283019,15.741650000000002,0.6411509433962264,0.6685500000000001,20.25116981132075,24.69245,-0.017173702*DST - 0.017173702*sqrt(Np)*(0.050229523*Bzsouth*Vp + DST)
118,14,3.8613443,((sqrt(Np) * (((Vp * Bzsouth) * 0.050208017) + DST)) + DST) * -0.017175438,0.0035091658095515,((sqrt(Np) * (((Vp * Bzsouth) * 0.050208017) + DST)) + DST) * -0.017175438,17.20824528301887,21.1478,13.147867924528303,15.736350000000002,0.6413018867924529,0.6686500000000002,20.24898113207547,24.68715,-0.017175438*DST - 0.017175438*sqrt(Np)*(0.050208017*Bzsouth*Vp + DST)
119,14,3.8613446,(DST + ((((Bzsouth * 0.050254807) * Vp) + DST) * sqrt(Np))) * -0.01717371,0.0035091655373912,(DST + ((((Bzsouth * 0.050254807) * Vp) + DST) * sqrt(Np))) * -0.01717371,17.215698113207544,21.1641,13.150320754716983,15.7477,0.6409433962264149,0.6682499999999999,20.2541320754717,24.698699999999995,-0.01717371*DST - 0.01717371*sqrt(Np)*(0.050254807*Bzsouth*Vp + DST)
120,14,3.8613446,((sqrt(Np) * (DST + ((Bzsouth * Vp) * 0.05019049))) + DST) * -0.01717498,0.0035091655373912,((sqrt(Np) * (DST + ((Bzsouth * Vp) * 0.05019049))) + DST) * -0.01717498,17.20532075471698,21.141649999999995,13.14681132075472,15.73215,0.6414150943396227,0.6688000000000001,20.24684905660377,24.682899999999997,-0.01717498*DST - 0.01717498*sqrt(Np)*(0.05019049*Bzsouth*Vp + DST)
121,14,3.8613446,(DST - (sqrt(Np) * (((Bzsouth * Vp) * -0.050248496) - DST))) * -0.01717042,0.0035095784492162,(DST - (sqrt(Np) * (((Bzsouth * Vp) * -0.050248496) - DST))) * -0.01717042,17.21384905660377,21.1616,13.149169811320755,15.746249999999998,0.6409999999999998,0.6682999999999999,20.252999999999997,24.697049999999997,-0.01717042*DST + 0.01717042*sqrt(Np)*(-0.050248496*Bzsouth*Vp - DST)
122,14,3.8613787,((((Bzsouth * (Vp * 0.050473813)) + DST) * sqrt(Np)) + DST) * -0.017065736,0.0035004634907076,((((Bzsouth * (Vp * 0.050473813)) + DST) * sqrt(Np)) + DST) * -0.017065736,17.226566037735854,21.236150000000002,13.139867924528302,15.8018,0.6404528301886793,0.6674,20.266943396226413,24.7526,-0.017065736*DST - 0.017065736*sqrt(Np)*(0.050473813*Bzsouth*Vp + DST)
123,15,3.8652222,((Bzsouth * (8.236861 - (Vp * 0.05357665))) - DST) / ((45.445213 / Np) + 8.101647),0.0006637518453284,((Bzsouth * (8.236861 - (Vp * 0.05357665))) - DST) / ((45.445213 / Np) + 8.101647),18.792716981132077,29.460699999999996,13.80490566037736,22.550250000000002,0.6041886792452831,0.3236,21.76854716981132,30.659000000000002,(Bzsouth*(8.236861 - 0.05357665*Vp) - DST)/(8.101647 + 45.445213/Np)
124,15,3.8676262,(DST * -0.055553485) - ((Bzsouth * (Vp + (DST + (Bzsouth * Np)))) * 0.0020773702),0.0003803418797898,(DST * -0.055553485) - ((Bzsouth * (Vp + (DST + (Bzsouth * Np)))) * 0.0020773702),16.937245283018868,17.356,12.941283018867924,12.94555,0.6422830188679245,0.7387,20.06943396226415,20.3898,-0.0020773702*Bzsouth*(Bzsouth*Np + DST + Vp) - 0.055553485*DST
125,14,3.8677886,(((Vp * Bzsouth) * -0.036379535) - DST) / ((30.303158 / sqrt(Np)) + 3.5567102),0.0013605496828392,(((Vp * Bzsouth) * -0.036379535) - DST) / ((30.303158 / sqrt(Np)) + 3.5567102),17.64833962264151,22.91655,13.28509433962264,17.63165,0.6356603773584907,0.59245,20.985792452830186,25.1652,(-0.036379535*Bzsouth*Vp - DST)/(3.5567102 + 30.303158/sqrt(Np))
126,15,3.8678172,(((Bzsouth * -0.0021525389) * Vp) - (DST * 0.0592322)) * (sqrt(sqrt(Np)) + -0.50409555),0.0003311914147572,(((Bzsouth * -0.0021525389) * Vp) - (DST * 0.0592322)) * (sqrt(sqrt(Np)) + -0.50409555),17.659735849056602,23.71135,13.299603773584902,18.271849999999997,0.6350754716981132,0.5589000000000001,21.01894339622642,25.687,(Np**(1/4) - 0.50409555)*(-0.0021525389*Bzsouth*Vp - 0.0592322*DST)
127,14,3.8690975,((DST * -0.017535748) - (Bzsouth * (Vp * 0.0006386362))) * (sqrt(Np) + 1.0216174),0.0015042062455059,((DST * -0.017535748) - (Bzsouth * (Vp * 0.0006386362))) * (sqrt(Np) + 1.0216174),17.53109433962264,20.97235,13.235264150943395,15.99075,0.6375849056603775,0.66185,20.955226415094344,23.951950000000004,(sqrt(Np) + 1.0216174)*(-0.0006386362*Bzsouth*Vp - 0.017535748*DST)
128,14,3.8690984,(sqrt(Np) + 0.9787116) * ((DST * -0.017756652) - (Vp * (Bzsouth * 0.0006467542))),0.0015030445817089,(sqrt(Np) + 0.9787116) * ((DST * -0.017756652) - (Vp * (Bzsouth * 0.0006467542))),17.533283018867923,21.05085,13.234150943396227,16.05555,0.6375283018867923,0.6597000000000001,20.9487358490566,24.000599999999995,(sqrt(Np) + 0.9787116)*(-0.0006467542*Bzsouth*Vp - 0.017756652*DST)
129,14,3.8691347,((DST * -0.017152267) - ((Bzsouth * Vp) * 0.0006260264)) * (sqrt(Np) - -1.0849626),0.0014938690509618,((DST * -0.017152267) - ((Bzsouth * Vp) * 0.0006260264)) * (sqrt(Np) - -1.0849626),17.532698113207545,20.90995,13.23154716981132,15.939850000000002,0.637377358490566,0.6637500000000002,20.969490566037738,23.918550000000003,(sqrt(Np) + 1.0849626)*(-0.0006260264*Bzsouth*Vp - 0.017152267*DST)
130,14,3.869232,((DST * -0.018262425) - (Vp * (Bzsouth * 0.00066348043))) * (sqrt(Np) - -0.86546844),0.0014699345533152,((DST * -0.018262425) - (Vp * (Bzsouth * 0.00066348043))) * (sqrt(Np) - -0.86546844),17.499981132075472,21.221300000000003,13.202811320754714,16.20405,0.6394528301886794,0.6547,20.915905660377355,24.1214,(sqrt(Np) + 0.86546844)*(-0.00066348043*Bzsouth*Vp - 0.018262425*DST)
131,13,3.8730545,((Vp * (Bzsouth * -0.036543075)) - DST) / ((38.97953 / Np) + 8.812813),0.0012909633006874,((Vp * (Bzsouth * -0.036543075)) - DST) / ((38.97953 / Np) + 8.812813),18.068943396226416,25.928199999999997,13.55881132075472,20.116799999999998,0.6224150943396225,0.4555500000000001,21.264037735849058,26.8322,(-0.036543075*Bzsouth*Vp - DST)/(8.812813 + 38.97953/Np)
132,13,3.8749182,(((Vp * Bzsouth) * -0.0015082554) - (DST * 0.040986255)) * sqrt(sqrt(Np)),0.0008099599665096,(((Vp * Bzsouth) * -0.0015082554) - (DST * 0.040986255)) * sqrt(sqrt(Np)),17.83503773584906,20.50325,13.477830188679249,15.644199999999998,0.6245283018867923,0.6685500000000001,21.405490566037734,23.752850000000002,Np**(1/4)*(-0.0015082554*Bzsouth*Vp - 0.040986255*DST)
133,13,3.8749182,(DST + ((Vp * 0.03679884) * Bzsouth)) * (sqrt(sqrt(Np)) * -0.04099126),0.0008100631109132,(DST + ((Vp * 0.03679884) * Bzsouth)) * (sqrt(sqrt(Np)) * -0.04099126),17.835490566037734,20.503149999999998,13.47824528301887,15.643949999999998,0.6245094339622641,0.6685500000000001,21.405566037735852,23.752550000000003,-0.04099126*Np**(1/4)*(0.03679884*Bzsouth*Vp + DST)
134,13,3.8749185,((((Bzsouth * Vp) * 0.03678186) + DST) * -0.04097975) * sqrt(sqrt(Np)),0.0008098825455234,((((Bzsouth * Vp) * 0.03678186) + DST) * -0.04097975) * sqrt(sqrt(Np)),17.830962264150944,20.4947,13.475735849056605,15.638049999999998,0.6247547169811322,0.66875,21.403849056603775,23.749100000000006,Np**(1/4)*(-0.001507311427335*Bzsouth*Vp - 0.04097975*DST)
135,13,3.8749185,sqrt(sqrt(Np)) * ((((Bzsouth * Vp) * 0.03677575) + DST) * -0.040973727),0.0008100630482228,sqrt(sqrt(Np)) * ((((Bzsouth * Vp) * 0.03677575) + DST) * -0.040973727),17.829132075471698,20.4916,13.474641509433964,15.635900000000001,0.6247924528301888,0.6688000000000001,21.403245283018865,23.747999999999998,Np**(1/4)*(-0.00150683954072025*Bzsouth*Vp - 0.040973727*DST)
136,13,3.874919,((DST - ((Vp * Bzsouth) * -0.036811493)) * sqrt(sqrt(Np))) / -24.406572,0.0008099340132592,((DST - ((Vp * Bzsouth) * -0.036811493)) * sqrt(sqrt(Np))) / -24.406572,17.836358490566038,20.5094,13.477584905660379,15.649150000000002,0.6244150943396225,0.6684,21.40616981132075,23.7568,-0.0409725708305124*Np**(1/4)*(0.036811493*Bzsouth*Vp + DST)
137,13,3.874919,(sqrt(sqrt(Np)) * -0.040968873) * (((Bzsouth * 0.03676886) * Vp) + DST),0.00080975351056,(sqrt(sqrt(Np)) * -0.040968873) * (((Bzsouth * 0.03676886) * Vp) + DST),17.82730188679245,20.488249999999997,13.473603773584905,15.63345,0.6248867924528303,0.669,21.402509433962265,23.746600000000004,-0.040968873*Np**(1/4)*(0.03676886*Bzsouth*Vp + DST)
138,13,3.874919,((DST * -0.040962875) - (Bzsouth * (Vp * 0.0015065973))) * sqrt(sqrt(Np)),0.00080975351056,((DST * -0.040962875) - (Bzsouth * (Vp * 0.0015065973))) * sqrt(sqrt(Np)),17.82903773584906,20.493550000000003,13.473999999999998,15.637349999999998,0.6247735849056605,0.6688000000000001,21.40328301886792,23.7497,Np**(1/4)*(-0.0015065973*Bzsouth*Vp - 0.040962875*DST)
139,13,3.874919,(DST - ((Vp * Bzsouth) * -0.036777794)) * (sqrt(sqrt(Np)) * -0.040961783),0.0008096761522503,(DST - ((Vp * Bzsouth) * -0.036777794)) * (sqrt(sqrt(Np)) * -0.040961783),17.82852830188679,20.492600000000003,13.473735849056604,15.636800000000003,0.6247735849056604,0.6688000000000001,21.4031320754717,23.74935,-0.040961783*Np**(1/4)*(0.036777794*Bzsouth*Vp + DST)
140,13,3.8749201,((DST - ((Vp * Bzsouth) * -0.036786918)) * sqrt(sqrt(Np))) * -0.041016884,0.0008093922753888,((DST - ((Vp * Bzsouth) * -0.036786918)) * sqrt(sqrt(Np))) * -0.041016884,17.835264150943395,20.4971,13.479528301886791,15.63885,0.6245283018867924,0.6688000000000001,21.40522641509434,23.747749999999996,-0.041016884*Np**(1/4)*(0.036786918*Bzsouth*Vp + DST)
141,13,3.8749218,((DST - (Vp * (Bzsouth * -0.036772743))) * sqrt(sqrt(Np))) * -0.041040394,0.0008090309150712,((DST - (Vp * (Bzsouth * -0.036772743))) * sqrt(sqrt(Np))) * -0.041040394,17.83456603773585,20.4902,13.48039622641509,15.633300000000002,0.6245471698113207,0.669,21.40458490566038,23.74285,-0.041040394*Np**(1/4)*(0.036772743*Bzsouth*Vp + DST)
142,13,3.8749237,((DST * -0.040866017) - ((Vp * 0.001505993) * Bzsouth)) * sqrt(sqrt(Np)),0.0008095720262724,((DST * -0.040866017) - ((Vp * 0.001505993) * Bzsouth)) * sqrt(sqrt(Np)),17.83532075471698,20.529549999999997,13.471490566037739,15.666450000000001,0.6245094339622642,0.6681999999999999,21.407339622641512,23.77385,Np**(1/4)*(-0.001505993*Bzsouth*Vp - 0.040866017*DST)
143,12,3.8780577,(((Vp * Bzsouth) * -0.036295656) - DST) / (42.58912 / sqrt(Np)),0.0124147723584423,(((Vp * Bzsouth) * -0.036295656) - DST) / (42.58912 / sqrt(Np)),17.614886792452833,24.561,13.180037735849055,18.9398,0.6395660377358491,0.5409499999999998,20.852396226415088,26.180400000000002,0.0234801752184595*sqrt(Np)*(-0.036295656*Bzsouth*Vp - DST)
144,12,3.8780577,((DST * -0.023486733) - (Vp * (Bzsouth * 0.00085231994))) * sqrt(Np),0.0124148232943502,((DST * -0.023486733) - (Vp * (Bzsouth * 0.00085231994))) * sqrt(Np),17.614169811320753,24.556599999999996,13.18001886792453,18.935899999999997,0.6395660377358491,0.54105,20.851981132075476,26.177550000000004,sqrt(Np)*(-0.00085231994*Bzsouth*Vp - 0.023486733*DST)
145,12,3.8780577,(sqrt(Np) * -0.023477573) * (DST - (Bzsouth * (Vp * -0.036299694))),0.0088736086751218,(sqrt(Np) * -0.023477573) * (DST - (Bzsouth * (Vp * -0.036299694))),17.615603773584905,24.5638,13.180301886792453,18.942200000000003,0.6395849056603774,0.5408,20.852773584905663,26.182149999999996,-0.023477573*sqrt(Np)*(0.036299694*Bzsouth*Vp + DST)
146,12,3.878058,((Bzsouth * (Vp * -0.0008522852)) - (DST * 0.023476511)) * sqrt(Np),0.0117159668245703,((Bzsouth * (Vp * -0.0008522852)) - (DST * 0.023476511)) * sqrt(Np),17.616490566037736,24.5667,13.180792452830188,18.944650000000003,0.6394905660377359,0.54075,20.853283018867927,26.183999999999997,sqrt(Np)*(-0.0008522852*Bzsouth*Vp - 0.023476511*DST)
147,12,3.878058,(sqrt(Np) * -0.023475427) * (DST + ((Bzsouth * 0.03631251) * Vp)),0.0124147459360405,(sqrt(Np) * -0.023475427) * (DST + ((Bzsouth * 0.03631251) * Vp)),17.61867924528302,24.5727,13.181811320754715,18.94975,0.6393773584905661,0.5406,20.854415094339625,26.18795,-0.023475427*sqrt(Np)*(0.03631251*Bzsouth*Vp + DST)
148,12,3.878058,sqrt(Np) * ((DST * -0.023493165) + ((Vp * -0.0008525118) * Bzsouth)),0.0124149496796459,sqrt(Np) * ((DST * -0.023493165) + ((Vp * -0.0008525118) * Bzsouth)),17.61454716981132,24.55525,13.180528301886792,18.934549999999998,0.6395283018867923,0.5409999999999999,20.852150943396232,26.176500000000004,sqrt(Np)*(-0.0008525118*Bzsouth*Vp - 0.023493165*DST)
149,12,3.878058,((DST * -0.023500644) - ((Vp * 0.00085281447) * Bzsouth)) * sqrt(Np),0.0124147459360405,((DST * -0.023500644) - ((Vp * 0.00085281447) * Bzsouth)) * sqrt(Np),17.61575471698113,24.55605,13.181641509433959,18.93515,0.6394716981132075,0.5409499999999998,20.852792452830183,26.176950000000005,sqrt(Np)*(-0.00085281447*Bzsouth*Vp - 0.023500644*DST)
150,12,3.878058,sqrt(Np) * ((DST * -0.02349938) - (Vp * (Bzsouth * 0.00085278164))),0.0124147459360405,sqrt(Np) * ((DST * -0.02349938) - (Vp * (Bzsouth * 0.00085278164))),17.61569811320755,24.556449999999998,13.18156603773585,18.93545,0.6394716981132075,0.5408999999999999,20.852792452830187,26.177299999999995,sqrt(Np)*(-0.00085278164*Bzsouth*Vp - 0.02349938*DST)
151,12,3.8780584,(((Bzsouth * 0.03628103) * Vp) + DST) * (sqrt(Np) * -0.023486875),0.0124145918557291,(((Bzsouth * 0.03628103) * Vp) + DST) * (sqrt(Np) * -0.023486875),17.612000000000002,24.550800000000002,13.178849056603774,18.931099999999997,0.6396981132075471,0.5411999999999999,20.850830188679247,26.173949999999998,-0.023486875*sqrt(Np)*(0.03628103*Bzsouth*Vp + DST)
152,12,3.8780587,((DST - ((Bzsouth * -0.036348335) * Vp)) * sqrt(Np)) / -42.675613,0.0124145144974334,((DST - ((Bzsouth * -0.036348335) * Vp)) * sqrt(Np)) / -42.675613,17.622509433962268,24.59855,13.181641509433964,18.9724,0.6392075471698112,0.53985,20.856660377358487,26.204500000000003,-0.0234325866625513*sqrt(Np)*(0.036348335*Bzsouth*Vp + DST)
153,12,3.8780587,(sqrt(Np) * (DST + (Vp * (Bzsouth * 0.0363456)))) * -0.023428254,0.0124147691769466,(sqrt(Np) * (DST + (Vp * (Bzsouth * 0.0363456)))) * -0.023428254,17.621169811320755,24.5965,13.180735849056603,18.97105,0.6391886792452828,0.5398,20.856037735849053,26.203249999999997,-0.023428254*sqrt(Np)*(0.0363456*Bzsouth*Vp + DST)
154,12,3.878062,(sqrt(Np) * (DST - ((Bzsouth * Vp) * -0.036275778))) * -0.023540929,0.0124159047340661,(sqrt(Np) * (DST - ((Bzsouth * Vp) * -0.036275778))) * -0.023540929,17.617622641509435,24.54615,13.184830188679246,18.9256,0.6393773584905661,0.5412499999999999,20.85349056603774,26.170550000000002,-0.023540929*sqrt(Np)*(0.036275778*Bzsouth*Vp + DST)
155,11,3.9126232,((DST + (Bzsouth * (Np + 14.430785))) * Vp) * -9.7203396e-5,0.0061783281752559,((DST + (Bzsouth * (Np + 14.430785))) * Vp) * -9.7203396e-5,22.735301886792453,21.7306,17.26688679245283,16.529049999999998,0.2362452830188679,0.5485499999999999,25.398924528301887,25.106199999999998,-9.7203396e-5*Vp*(Bzsouth*(Np + 14.430785) + DST)
156,11,3.9237604,(DST * -0.059989534) - (Bzsouth * (Vp / (367.22745 - DST))),0.003336019671889,(DST * -0.059989534) - (Bzsouth * (Vp / (367.22745 - DST))),17.709037735849055,17.4388,13.42088679245283,13.266650000000002,0.6244339622641509,0.7131000000000001,21.973094339622644,20.540599999999994,-Bzsouth*Vp/(367.22745 - DST) - 0.059989534*DST
157,11,3.926503,(DST * -0.0588211) + ((Bzsouth * -0.0026200295) * (Vp + DST)),0.0026380535223353,(DST * -0.0588211) + ((Bzsouth * -0.0026200295) * (Vp + DST)),17.571396226415093,17.25145,13.252433962264153,13.123149999999999,0.6321698113207549,0.7177999999999999,21.800792452830187,20.685850000000002,-0.0026200295*Bzsouth*(DST + Vp) - 0.0588211*DST
158,11,3.926503,(DST - (((Vp + DST) * -0.044525195) * Bzsouth)) / -16.999172,0.0026369866857605,(DST - (((Vp + DST) * -0.044525195) * Bzsouth)) / -16.999172,17.57077358490566,17.2504,13.252339622641509,13.121499999999997,0.6321886792452831,0.7178500000000001,21.803905660377357,20.687499999999996,0.0588263946032195*Bzsouth*(-0.044525195*DST - 0.044525195*Vp) - 0.0588263946032195*DST
159,11,3.926503,(Bzsouth * ((DST + Vp) * -0.0026193375)) - (DST / 16.997396),0.0026378503154564,(Bzsouth * ((DST + Vp) * -0.0026193375)) - (DST / 16.997396),17.570641509433962,17.249999999999996,13.252547169811322,13.12115,0.6321698113207548,0.7178500000000001,21.80415094339623,20.687150000000003,Bzsouth*(-0.0026193375*DST - 0.0026193375*Vp) - 0.0588325411727773*DST
160,11,3.9265032,(Bzsouth * ((DST + Vp) * -0.0026228176)) + (DST * -0.058825497),0.0026392472276596,(Bzsouth * ((DST + Vp) * -0.0026228176)) + (DST * -0.058825497),17.573377358490568,17.25385,13.253547169811323,13.127500000000001,0.6319245283018867,0.7178499999999999,21.79133962264151,20.6795,Bzsouth*(-0.0026228176*DST - 0.0026228176*Vp) - 0.058825497*DST
161,11,3.9265032,(((Vp + DST) * Bzsouth) * -0.0026193536) + (DST * -0.058843177),0.0026389424177051,(((Vp + DST) * Bzsouth) * -0.0026193536) + (DST * -0.058843177),17.570396226415095,17.249200000000002,13.25281132075472,13.12055,0.6323396226415093,0.7178500000000001,21.8048679245283,20.686899999999998,-0.0026193536*Bzsouth*(DST + Vp) - 0.058843177*DST
162,11,3.9265032,((Bzsouth * (Vp + DST)) * -0.0026182963) + (DST * -0.058827013),0.0026371897586642,((Bzsouth * (Vp + DST)) * -0.0026182963) + (DST * -0.058827013),17.57009433962264,17.2494,13.252056603773585,13.1197,0.6323396226415093,0.7179,21.807471698113204,20.68985,-0.0026182963*Bzsouth*(DST + Vp) - 0.058827013*DST
163,11,3.9265032,((Bzsouth * -0.002619928) * (Vp + DST)) - (DST * 0.058858473),0.0026371897586642,((Bzsouth * -0.002619928) * (Vp + DST)) - (DST * 0.058858473),17.57058490566038,17.24845,13.253396226415092,13.12055,0.6322830188679245,0.7178500000000001,21.803905660377364,20.6852,-0.002619928*Bzsouth*(DST + Vp) - 0.058858473*DST
164,11,3.926504,(DST / -16.9789) - (Bzsouth * ((DST + Vp) * 0.0026204018)),0.0026375448342171,(DST / -16.9789) - (Bzsouth * ((DST + Vp) * 0.0026204018)),17.57011320754717,17.2459,13.254396226415093,13.118950000000002,0.6323584905660378,0.71785,21.805000000000003,20.68335,-Bzsouth*(0.0026204018*DST + 0.0026204018*Vp) - 0.0588966305237677*DST
165,11,3.926504,(DST + ((Vp + DST) * (Bzsouth * 0.044593092))) * -0.058822285,0.0026367828080148,(DST + ((Vp + DST) * (Bzsouth * 0.044593092))) * -0.058822285,17.573641509433962,17.25435,13.253584905660377,13.1281,0.6318301886792453,0.7178499999999999,21.79022641509434,20.678950000000004,-0.00262306756665522*Bzsouth*(DST + Vp) - 0.058822285*DST
166,11,3.9265118,(DST * -0.058829583) - ((Vp + DST) * (Bzsouth * 0.002630866)),0.00264178152849,(DST * -0.058829583) - ((Vp + DST) * (Bzsouth * 0.002630866)),17.579660377358486,17.2615,13.256622641509432,13.141200000000001,0.6312075471698112,0.7174499999999998,21.764150943396228,20.661900000000003,-0.002630866*Bzsouth*(DST + Vp) - 0.058829583*DST
