Timestamp,Observed_DST,Real_dDST_dt,Pred_DST_Equation,Pred_dDST_dt_Equation,Pred_DST_Burton,Pred_dDST_dt_Burton,Pred_DST_OBM,Pred_dDST_dt_OBM,Pred_DST_DDM1,Pred_dDST_dt_DDM1,Pred_DST_DDM2,Pred_dDST_dt_DDM2,Pred_DST_DDM3,Pred_dDST_dt_DDM3
2023-08-03 00:00:00,-20.0,1.0,-22.987022497043306,1.0129775029566943,-21.380504376377946,2.619495623622054,-23.232901316576722,0.7670986834232778,-22.91189754191693,1.0881024580830705,-22.861476500000002,1.1385234999999998,-22.894033018271973,1.1059669817280275
2023-08-03 01:00:00,-19.0,4.0,-22.45976217230639,0.5272603247369153,-21.51901808433424,-0.13851370795629236,-23.45852155148396,-0.22562023490723604,-21.85522667669169,1.0566708652252386,-21.774930981090478,1.086545518909525,-21.80316459888912,1.0908684193828555
2023-08-03 02:00:00,-15.0,7.0,-21.503557523457662,0.9562046488487291,-18.491957326449324,3.0270607578849145,-22.225771747452683,1.2327498040312754,-20.80610664592924,1.0491200307624486,-20.73799044831942,1.0369405327710572,-20.681018884833797,1.12214571405532
2023-08-03 03:00:00,-8.0,2.0,-20.795179074420837,0.7083784490368237,-14.143601295188049,4.348356031261275,-20.22206279376558,2.0037089536871022,-19.802717577306804,1.0033890686224356,-19.748390243090412,0.9896002052290073,-19.613591616374077,1.0674272684597208
2023-08-03 04:00:00,-6.0,2.0,-20.61348779829322,0.18169127612761593,-11.42936440004063,2.714236895147419,-18.771113072005562,1.4509497217600185,-18.865300481469294,0.9374170958375103,-18.8039690971909,0.9444211458995131,-18.63637317198077,0.9772184443933039
2023-08-03 05:00:00,-4.0,0.0,-19.847479299396976,0.766008498896244,-12.950189942366894,-1.5208255423262642,-19.340929200343155,-0.5698161283375924,-17.978914797102917,0.8863856843663764,-17.902664412623114,0.9013046845677886,-17.71851132408794,0.9178618478928291
2023-08-03 06:00:00,-4.0,-1.0,-18.983819932727215,0.8636593666697624,-7.932157247602724,5.01803269476417,-16.873701144520858,2.4672280558222965,-17.08496510024354,0.8939496968593754,-17.04250775692888,0.8601566556942336,-16.76875205371684,0.9497592703710995
2023-08-03 07:00:00,-5.0,-2.0,-18.14972155927476,0.8340983734524574,-5.90473692021909,2.027420327383634,-15.731623430106414,1.1420777144144445,-16.278388366532997,0.806576733710542,-16.221620564170212,0.8208871927586674,-15.935954085150918,0.8327979685659241
2023-08-03 08:00:00,-7.0,-1.0,-17.34368375470529,0.8060378045694708,-5.82487601604838,0.0798609041707099,-15.445425156705793,0.2861982734006201,-15.520859405582135,0.7575289609508629,-15.43821003217667,0.783410531993542,-15.158410324081894,0.7775437610690246
2023-08-03 09:00:00,-8.0,-4.0,-17.699266854534265,-0.35558309982897474,-4.5756753228307545,1.2492006932176256,-14.600594974687414,0.844830182018379,-15.235703135582881,0.2851562699992541,-14.9732806813194,0.4649293508572707,-14.951393621446995,0.20701670263489869
2023-08-03 10:00:00,-12.0,2.0,-17.274680404898426,0.42458644963584097,-7.670162071307015,-3.0944867484762604,-15.674190796144403,-1.0735958214569887,-14.514226414661763,0.7214767209211167,-14.246861671086547,0.7264190102328535,-14.204121626867007,0.7472719945799868
2023-08-03 11:00:00,-10.0,-3.0,-19.176056188751517,-1.9013757838530891,-14.610657789406995,-6.94049571809998,-20.09783260757748,-4.423641811433077,-16.096688338217067,-1.5824619235553024,-15.960599664913413,-1.7137379938268664,-15.953933335751474,-1.7498117088844667
2023-08-03 12:00:00,-13.0,0.0,-20.489426251011164,-1.3133700622596485,-18.06872185030738,-3.4580640609003854,-22.569652947064945,-2.471820339487465,-16.975647280803845,-0.8789589425867761,-16.792145599052454,-0.8315459341390385,-17.069460891749003,-1.1155275559975308
2023-08-03 13:00:00,-13.0,0.0,-19.621805228913235,0.8676210220979282,-15.95621418422903,2.1125076660783506,-21.4469251191986,1.1227278278663455,-16.102514070117095,0.8731332106867498,-15.982688402695153,0.8094571963573006,-16.10484773539058,0.9646131563584219
2023-08-03 14:00:00,-13.0,4.0,-18.786047568404026,0.8357576605092087,-11.358815916677365,4.5973982675516645,-19.12494195276112,2.32198316643748,-15.262795326412062,0.8397187437050331,-15.21018604376177,0.7725023589333839,-15.186503380312846,0.9183443550777357
2023-08-03 15:00:00,-9.0,2.0,-18.649080233700438,0.13696733470358635,-11.439007102966293,-0.0801911862889284,-18.75883961653043,0.3661023362306892,-14.520693342229961,0.7421019841821004,-14.472951391647776,0.7372346521139931,-14.502056752089374,0.6844466282234726
2023-08-03 16:00:00,-7.0,7.0,-17.82630078220033,0.8227794515001067,-10.203809662665204,1.2351974403010892,-17.912633293103475,0.846206323426955,-13.751246299498433,0.7694470427315288,-13.769374339756197,0.7035770518915786,-13.67358167360809,0.8284750784812824
2023-08-03 17:00:00,0.0,3.0,-17.03101425966316,0.7952865225371702,-9.580795296500588,0.6230143661646164,-17.319247820561348,0.5933854725421277,-13.01235722625215,0.7388890732462832,-13.09791828905512,0.6714560507010783,-12.882866012748377,0.7907156608597141
2023-08-03 18:00:00,3.0,-2.0,-16.261857980565857,0.7691562790973018,-9.275747136093644,0.30504816040694394,-16.85055541338614,0.4686924071752081,-12.298252257189644,0.7141049690625056,-12.45711679217434,0.6408014968807789,-12.122468106570373,0.7603979061780028
2023-08-03 19:00:00,1.0,-3.0,-15.517558202131388,0.7442997784344695,-9.129399066457207,0.14634806963643676,-16.43934579669753,0.411209616688609,-11.606080155789067,0.6921721014005762,-11.845570350711931,0.6115464414624083,-11.389394647890306,0.7330734586800682
2023-08-03 20:00:00,-2.0,-1.0,-14.796922962081986,0.7206352400494027,-10.299039905365529,-1.1696408389083217,-16.62241650606116,-0.1830707093636299,-10.93461539857974,0.6714647572093264,-11.261943358756081,0.5836269919558498,-10.682748021643592,0.7066466262467139
2023-08-03 21:00:00,-3.0,-3.0,-14.098835599240262,0.6980873628417233,-10.656158130313445,-0.3571182249479161,-16.425950420605542,0.1964660854556186,-10.27593547549439,0.6586799230853515,-10.704961185946935,0.5569821728091462,-9.992866950849841,0.6898810707937509
2023-08-03 22:00:00,-6.0,0.0,-13.723369625463949,0.3754659737763136,-12.509217174587562,-1.8530590442741168,-16.86072798880649,-0.4347775682009498,-9.636495172241148,0.6394403032532419,-10.173407393707892,0.5315537922390434,-9.328323026318122,0.6645439245317182
2023-08-03 23:00:00,-6.0,1.0,-13.058207937724916,0.6651616877390341,-12.06389604413409,0.4453211304534719,-16.295934529501874,0.5647934593046173,-9.016010483130106,0.6204846891110409,-9.666121078566661,0.5072863151412309,-8.68389807149773,0.6444249548203926
2023-08-04 00:00:00,-5.0,-2.0,-12.413047573584873,0.6451603641400436,-11.877587145420456,0.18630889871363365,-15.85268118606937,0.4432533434325041,-8.414718249468029,0.6012922336620768,-9.18199433676394,0.48412674180272053,-8.068552032671281,0.615346038826448
2023-08-04 01:00:00,-7.0,3.0,-11.78699540290315,0.6260521706817218,-11.444020030080857,0.43356711533959924,-15.300318358664576,0.552362827404794,-7.832011766114517,0.5827064833535116,-8.719969844612471,0.46202449215147023,-7.480385896129658,0.588166136541624
2023-08-04 02:00:00,-4.0,3.0,-11.179210878796205,0.6077845241069447,-7.8660492176183805,3.5779708124624765,-13.309227677217141,1.9910906814474352,-7.267194335060205,0.5648174310543124,-8.27903854932201,0.44093129529046093,-6.9190449755904275,0.5613409205392301
2023-08-04 03:00:00,-1.0,1.0,-10.588902213243006,0.590308665553199,-6.075896004911456,1.7901532127069242,-12.147013552855586,1.1622141243615545,-6.736172574200156,0.5310217608600498,-7.858237465247045,0.4208010840749645,-6.397884699710194,0.5211602758802332
2023-08-04 04:00:00,0.0,0.0,-10.015322882437722,0.5735793308052837,-5.671344480635282,0.40455152427617413,-11.629866214170521,0.5171473386850653,-6.240315962753567,0.4958566114465886,-7.456647570744277,0.4015898945027687,-5.9117983927615665,0.48608630694862776
2023-08-04 05:00:00,0.0,-2.0,-9.457768429126693,0.5575544533110293,-12.069963102068293,-6.398618621433011,-14.247897090830323,-2.6180308766598017,-5.765083599585003,0.47523236316856426,-7.073391801046654,0.38325576969762354,-5.4492376375958145,0.46256075516575224
2023-08-04 06:00:00,-2.0,2.0,-8.915573532840936,0.5421948962857573,-11.333378561256769,0.7365845408115241,-13.59708753049673,0.6508095603335935,-5.260434400847563,0.5046491987374396,-6.70763313277044,0.3657586682762135,-4.975897155364084,0.47334048223173
2023-08-04 07:00:00,0.0,8.0,-8.388109322151916,0.5274642106890208,-8.440579589870776,2.892798971385993,-11.96566031145098,1.631427219045749,-4.771090098594723,0.4893443022528404,-6.358572755871909,0.34906037689853164,-4.525054960953743,0.45084219441034057
2023-08-04 08:00:00,8.0,-3.0,-7.874780905899537,0.513328416252379,-7.846821349061662,0.5937582408091142,-11.401045667752516,0.564614643698464,-4.3116538900856956,0.459436208509027,-6.025448329061247,0.33312442681066257,-4.1034381084020595,0.42161685255168324
2023-08-04 09:00:00,5.0,-1.0,-7.3750251028206515,0.4997558030788856,-7.786041344689611,0.060780004372050556,-11.091900201761383,0.3091454659911328,-3.871757488750988,0.43989640133470753,-5.707532314863534,0.31791601419771265,-3.7030693529631007,0.40036875543895867
2023-08-04 10:00:00,4.0,-2.0,-7.5111068074300835,-0.13608170460943209,-11.839160616154999,-4.053119271465388,-12.625226870374137,-1.5333266686127534,-3.981672709725493,-0.10991522097450535,-5.404130390690602,0.3034019241729322,-4.028182560681377,-0.32511320771827606
2023-08-04 11:00:00,2.0,0.0,-8.907148373880446,-1.396041566450362,-13.152815676992644,-1.313655060837645,-14.560713855740666,-1.9354869853665289,-5.304010971158851,-1.3223382614333574,-7.128026466608145,-1.723896075917543,-6.353959220397231,-2.325776659715854
2023-08-04 12:00:00,2.0,13.0,-8.379911462408565,0.5272369114718807,-5.660655770913543,7.492159906079101,-10.961275424988061,3.5994384307526044,-4.8248669587121915,0.4791440124466591,-6.759773515505588,0.36825295110255807,-5.848465627594471,0.5054935928027599
2023-08-04 13:00:00,15.0,8.0,-7.866801229761699,0.5131102326468657,-5.089490621266808,0.5711651496467347,-10.52511361295276,0.43616181203530147,-4.461975420801565,0.3628915379106262,-6.408332729394723,0.3514407861108646,-5.427825366009363,0.42064026158510814
2023-08-04 14:00:00,23.0,-1.0,-8.954263591714511,-1.0874623619528114,-5.13236589419375,-0.04287527292694193,-10.996837871897034,-0.47172425894427406,-5.697795130224131,-1.2358197094225658,-7.35136775922786,-0.9430350298331371,-6.660850070791015,-1.2330247047816518
2023-08-04 15:00:00,22.0,-1.0,-8.425754947390468,0.528508644324044,-2.507965152650538,2.6244007415432122,-9.638511445254963,1.358326426642071,-5.3348814260037125,0.3629137042204185,-6.972918418253235,0.3784493409746248,-6.230702250813156,0.4301478199778584
2023-08-04 16:00:00,21.0,-1.0,-10.27764555025374,-1.8518906028632718,-6.988764089415213,-4.480798936764675,-12.698328007217974,-3.059816561963011,-7.410915220361401,-2.0760337943576888,-8.953092901618565,-1.98017448336533,-8.126880883776732,-1.8961786329635753
2023-08-04 17:00:00,20.0,-22.0,-16.654250991659254,-6.376605441405514,-25.24475151574324,-18.255987426328026,-26.26329107750571,-13.564963070287735,-14.434501478852837,-7.023586258491435,-16.855202042139197,-7.902109140520632,-14.980319183434126,-6.853438299657394
2023-08-04 18:00:00,-2.0,-1.0,-19.520429147825247,-2.8661781561659945,-32.806479776988496,-7.561728261245257,-31.83675418505669,-5.573463107550982,-17.092201050506347,-2.657699571653508,-19.639676686098127,-2.784474643958932,-17.752298352929,-2.7719791694948723
2023-08-04 19:00:00,-3.0,-3.0,-23.664499179008587,-4.144070031183338,-40.04585154535832,-7.239371768369821,-38.43227847721654,-6.595524292159851,-21.10976589952823,-4.017564849021885,-24.406432226581323,-4.766755540483195,-22.263234882361388,-4.510936529432389
2023-08-04 20:00:00,-6.0,-10.0,-28.453038464422534,-4.788539285413946,-47.064287228314015,-7.0184356829556975,-44.892480456895335,-6.460201979678793,-25.624564352356536,-4.514798452828305,-29.488540990650712,-5.082108764069387,-26.91440548689517,-4.6511706045337835
2023-08-04 21:00:00,-16.0,-6.0,-31.756872355749298,-3.303833891326765,-51.32512307754301,-4.260835849228997,-48.759488743542704,-3.867008286647369,-28.142686271609207,-2.518121919252671,-31.991480255830073,-2.5029392651793616,-29.306886566767936,-2.3924810798727654
2023-08-04 22:00:00,-22.0,0.0,-34.71182852472146,-2.9549561689721635,-55.15499664171023,-3.8298735641672152,-52.207930655230506,-3.4484419116878016,-30.217300000729345,-2.074613729120138,-34.01363012292403,-2.022149867093958,-31.332765838071616,-2.0258792713036806
2023-08-04 23:00:00,-22.0,-16.0,-40.64726532485169,-5.935436800130229,-66.65537678442794,-11.500380142717717,-60.73470434809593,-8.526773692865426,-35.670992956961605,-5.453692956232258,-40.19126317642837,-6.177633053504346,-36.8385972641546,-5.505831426082987
2023-08-05 00:00:00,-38.0,-15.0,-45.555969469406136,-4.908704144554449,-73.48760663549,-6.832229851062053,-66.24348339110486,-5.5087790430089285,-39.74521104132401,-4.074218084362405,-44.645069401079546,-4.453806224651172,-40.92290730035353,-4.084310036198932
2023-08-05 01:00:00,-53.0,15.0,-43.576657010571694,1.9793124588344457,-64.66955353559766,8.818053099892339,-63.268348606114714,2.9751347849901464,-37.933094993594906,1.8121160477291083,-42.56401899940307,2.081050401676475,-38.97131806355301,1.9515892368005208
2023-08-05 02:00:00,-38.0,5.0,-47.87023509713271,-4.2935780865610225,-64.18688372491768,0.4826698106799796,-64.7640786428029,-1.4957300366881867,-41.255189452862325,-3.322094459267415,-46.11864289433761,-3.554623894934541,-42.31212665313538,-3.3408085895823705
2023-08-05 03:00:00,-33.0,-36.0,-58.93328482273175,-11.063049725599035,-85.94939246406554,-21.76250873914786,-78.34797369155204,-13.583895048749142,-51.20190947266081,-9.946720019798482,-56.38298170610819,-10.26433881177058,-50.85435043415009,-8.54222378101471
2023-08-05 04:00:00,-69.0,-20.0,-66.36986596744745,-7.436581144715696,-104.21762150413002,-18.268229040064483,-88.66902324677122,-10.321049555219176,-57.15203487823714,-5.950125405576328,-62.71895054856659,-6.335968842458397,-56.34913391127249,-5.494783477122394
2023-08-05 05:00:00,-89.0,-4.0,-72.81478591084476,-6.444919943397313,-108.39760348780001,-4.17998198366999,-92.53580234569695,-3.8667790989257327,-62.891761612080536,-5.739726733843397,-69.57278282220904,-6.8538322736424435,-62.65712636264518,-6.307992451372693
2023-08-05 06:00:00,-93.0,14.0,-71.03125108524134,1.783534825603426,-96.04093506542273,12.356668422377282,-87.7386606443144,4.797141701382557,-59.96076433925594,2.930997272824597,-66.35368633116133,3.219096491047708,-59.95885302064104,2.69827334200414
2023-08-05 07:00:00,-79.0,16.0,-67.49648980009655,3.5347612851447883,-82.31247881188911,13.728456253533622,-82.92285993780686,4.815800706507531,-57.17966519364037,2.7810991456155705,-63.281553988451435,3.072132342709889,-57.334026709866016,2.62482631077502
2023-08-05 08:00:00,-63.0,0.0,-64.20431113954135,3.2921786605552126,-73.06500816205445,9.247470649834653,-79.61180543522859,3.3110545025782727,-54.532822448824284,2.6468427448160856,-60.349676314895774,2.9318776735556633,-54.84341259256207,2.4906141173039456
2023-08-05 09:00:00,-63.0,-3.0,-65.74088723896718,-1.5365760994258277,-72.64334162122073,0.42166654083372634,-79.25851188837908,0.353293546849514,-54.08831805614312,0.444504392681164,-59.7303866712508,0.6192896436449735,-54.5912344560209,0.25217813654116705
2023-08-05 10:00:00,-66.0,-12.0,-70.85656011344699,-5.115672874479808,-86.9601685340791,-14.316826912858374,-86.3988744416934,-7.1403625533143185,-57.81248861825156,-3.724170562108436,-63.679569085262294,-3.9491824140114975,-58.11403978624756,-3.5228053302266598
2023-08-05 11:00:00,-78.0,4.0,-67.33399000677468,3.522570106672301,-80.94003067859566,6.020137855483441,-84.37185925105334,2.027015190640057,-55.28414255713062,2.5283460611209385,-60.72952049017909,2.950048595083202,-55.33688752246138,2.7771522637861783
2023-08-05 12:00:00,-74.0,3.0,-64.41368196340048,2.9203080433742015,-79.3195378759236,1.6204928026720609,-83.49755109896,0.8743081520933345,-53.06772257943673,2.2164199776938855,-57.914152971148525,2.8153675190305627,-52.62839364091629,2.708493881545085
2023-08-05 13:00:00,-71.0,6.0,-61.32603015961184,3.087651803788638,-67.32876050798663,11.990777367936971,-77.9510598318365,5.5464912671235,-51.48406838422259,1.5836541952141452,-55.22731781852666,2.686835152621869,-50.0199466130925,2.608447027823795
2023-08-05 14:00:00,-65.0,-3.0,-58.436652636754935,2.889377522856904,-59.294654407292995,8.034106100693634,-73.92313166431317,4.027928167523328,-49.65998267902016,1.8240857052024246,-52.66314703493732,2.564170783589343,-47.53340142661949,2.4865451864730055
2023-08-05 15:00:00,-68.0,0.0,-55.726858212750656,2.709794424004278,-58.95546836781695,0.3391860394760471,-73.18617383578103,0.736957828532141,-47.847248996731274,1.8127336822888895,-50.21604051967635,2.447106515260973,-45.16066292024171,2.372738506377776
2023-08-05 16:00:00,-68.0,5.0,-53.180249996880434,2.5466082158702252,-54.97605338268313,3.9794149851338148,-70.57854302310292,2.60763081267811,-46.565365257067135,1.2818837396641407,-47.88065383819712,2.3353866814792257,-42.88902437934274,2.2716385408989677
2023-08-05 17:00:00,-63.0,6.0,-50.782381951921096,2.397868044959339,-50.29967054449597,4.676382838187166,-67.49258502614208,3.0859579969608433,-45.4960903742165,1.069274882850638,-45.65188654996614,2.228767288230975,-40.71987796245771,2.1691464168850363
2023-08-05 18:00:00,-57.0,5.0,-48.52047562008355,2.2619063318375456,-46.68326310517358,3.616407439322387,-64.76961898384951,2.722966042292569,-44.468058195395606,1.028032178820894,-43.52487106919697,2.1270154807691717,-38.64873440046728,2.071143561990428
2023-08-05 19:00:00,-52.0,3.0,-46.537812730789305,1.9826628892942486,-41.47816413717081,5.205098968002773,-61.06062023224841,3.7089987516011007,-43.543483965408626,0.9245742299869839,-41.49496203413451,2.029909035062458,-36.671159391394454,1.977575009072829
2023-08-05 20:00:00,-49.0,4.0,-44.50684966867687,2.030963062112435,-38.13033791584502,3.347826221325789,-58.30363213222831,2.756988100020102,-42.43612488767912,1.1073590777295022,-39.55772616167244,1.9372358724620715,-34.78299794837396,1.8881614430204943
2023-08-05 21:00:00,-45.0,5.0,-42.581991742886395,1.9248579257904739,-35.43567125436415,2.6946666614808663,-55.796330017066076,2.507302115162233,-41.33269326207943,1.1034316255996932,-37.70893256514637,1.8487935965260693,-32.98016186581077,1.8028360825631888
2023-08-05 22:00:00,-40.0,1.0,-40.75506828688553,1.826923456000865,-33.562171034885914,1.8735002194782382,-53.633330756662104,2.1629992604039714,-40.258348504262095,1.0743447578173349,-35.94454351415706,1.7643890509893074,-31.25877550798827,1.7213863578225042
2023-08-05 23:00:00,-39.0,2.0,-39.018731473803385,1.73633681308215,-32.06431188218813,1.4978591526977851,-51.624511256710896,2.0088194999512083,-39.26122029159658,0.9971282126655145,-34.260705616243264,1.6838378979137991,-29.61513138329142,1.6436441246968483
2023-08-06 00:00:00,-37.0,0.0,-37.36635480961576,1.6523766641876247,-30.017577063822742,2.046734818365387,-49.35722504983044,2.2672862068804562,-38.35098932766144,0.9102309639351405,-32.65374140114514,1.6069642150981274,-28.045731641391818,1.5693997418996002
2023-08-06 01:00:00,-37.0,-1.0,-35.791946345649556,1.574408463966202,-27.929273900338597,2.088303163484145,-47.07465292339818,2.2825721264322567,-37.42896586796426,0.9220234596971779,-31.12014128927847,1.5336001118666698,-26.547247971564143,1.498483669827676
2023-08-06 02:00:00,-38.0,2.0,-34.290074171517624,1.5018721741319299,-26.277974702894838,1.651299197443759,-45.004982388002915,2.069670535395268,-36.468191900983356,0.9607739669809021,-29.656555926878944,1.4635853623995259,-25.11649019100048,1.4307577805636624
2023-08-06 03:00:00,-36.0,1.0,-32.85580220192591,1.4342719695917143,-24.641900203590097,1.6360744993047405,-42.96116259564049,2.0438197923624273,-35.497650712060924,0.9705411889224289,-28.2597888710766,1.3967670558023422,-23.75039400947505,1.3660961815254327
2023-08-06 04:00:00,-35.0,1.0,-31.484634630679516,1.3711675712463942,-22.670648622808358,1.9712515807817397,-40.78763025671047,2.1735323389300163,-34.505465837266755,0.9921848747941711,-26.9267896089248,1.3329992621518003,-22.446057210933347,1.304336798541701
2023-08-06 05:00:00,-34.0,1.0,-30.172467713220243,1.3121669174592723,-21.1681914241906,1.5024571986177584,-38.85813180124936,1.9294984554611148,-33.459151541990224,1.0463142952765292,-25.65464689513739,1.2721427137874113,-21.200786069809713,1.245271141123634
2023-08-06 06:00:00,-33.0,0.0,-28.91554777078975,1.2569199424304942,-22.210135484049296,-1.0419440598586966,-38.12977094089051,0.7283608603588476,-32.39351628960648,1.0656352523837413,-24.44058239398382,1.214064501153568,-20.011919603391107,1.188866466418605
2023-08-06 07:00:00,-33.0,1.0,-27.710434496797237,1.2051132739925146,-22.872515181276736,-0.6623796972274398,-37.261571981911565,0.8681989589789438,-31.483381000482144,0.9101352891243382,-23.281944611456243,1.158637782527578,-18.87647042970363,1.1354491736874766
2023-08-06 08:00:00,-32.0,0.0,-26.553968798398675,1.1564656983985622,-22.27615397155697,0.5963612097197668,-35.85144335792061,1.410128623990957,-30.71410169514998,0.769279305332161,-22.176203104456512,1.1057415069997314,-17.792273747234375,1.0841966824692546
2023-08-06 09:00:00,-32.0,0.0,-25.443244530814003,1.1107242675846725,-21.227223427328475,1.0489305442284937,-34.271123681397384,1.5803196765232244,-29.955544611640434,0.7585570835095473,-21.12094295435612,1.0552601501003918,-16.7570645987061,1.035209148528275
2023-08-06 10:00:00,-32.0,2.0,-24.37558358409377,1.0676609467202314,-20.818021721229215,0.4092017060992603,-33.02334040000945,1.2477832813879317,-29.156230806914376,0.7993138047260575,-20.11385949285939,1.007083461496731,-15.76864015077013,0.9884244479359716
2023-08-06 11:00:00,-30.0,4.0,-23.348513866269137,1.027069717824634,-18.93096785227661,1.8870538689526057,-31.135496516482718,1.8878438835267346,-28.37271195760172,0.783518849312655,-19.152753268651313,0.9611062242080785,-14.824874682898677,0.9437654678714533
2023-08-06 12:00:00,-26.0,3.0,-22.35974979652589,0.9887640697432474,-18.0386786534824,0.8922891987942094,-29.74382472286389,1.3916717936188263,-27.48868902428622,0.8840229333154981,-18.235525243837298,0.9172280248140166,-13.923849332598225,0.9010253503004526
2023-08-06 13:00:00,-23.0,0.0,-21.407174979966502,0.9525748165593867,-17.03870400799248,0.999974645489921,-28.341558385833878,1.4022663370300137,-26.58734811599324,0.90134090829298,-17.360172209683938,0.8753530341533613,-13.063616198156293,0.8602331344419321
2023-08-06 14:00:00,-23.0,1.0,-20.48882678384,0.9183481961265021,-15.076548131284667,1.9621558767078113,-26.53563575407134,1.805922631762538,-25.665666608377112,0.9216815076161295,-16.52478241164886,0.835389798035079,-12.242410631725422,0.8212055664308713
2023-08-06 15:00:00,-22.0,0.0,-19.60288257556913,0.8859442082708722,-16.114043681956055,-1.0374955506713874,-26.14588184532903,0.38975390874231053,-24.686919031610845,0.9787475767662686,-15.727531374144807,0.7972510375040551,-11.459094174863711,0.783316456861711
2023-08-06 16:00:00,-22.0,5.0,-18.747647416887848,0.8552351586812812,-14.810546961762784,1.3034967201932712,-24.717543644601008,1.428338200728021,-23.784765846454714,0.9021531851561295,-14.966677915919306,0.7608534582255007,-10.710524820188844,0.748569354674868
2023-08-06 17:00:00,-17.0,2.0,-17.92154303704972,0.8261043798381281,-16.27092483266585,-1.4603778709030681,-24.59539634332132,0.1221473012796892,-22.857462182725563,0.9273036637291501,-14.240560347347612,0.7261175685716924,-9.996317106828844,0.7142077133600013
2023-08-06 18:00:00,-15.0,1.0,-17.3039045078961,0.6176385291536206,-17.811026439734654,-1.5401016070688023,-24.49218802454081,0.10320831878050996,-22.01781588519484,0.8396462975307248,-13.547592841333856,0.6929675060137557,-9.313675234134124,0.6826418726947201
2023-08-06 19:00:00,-14.0,0.0,-17.039572640604824,0.2643318672912742,-17.55844017876641,0.25258626096824344,-23.510187993111977,0.9820000314288322,-21.27753916092871,0.7402767242661286,-12.886261969894527,0.6613308714393294,-9.131547420397045,0.18212781373707962
2023-08-06 20:00:00,-14.0,-1.0,-16.611995008588003,0.4275776320168188,-17.96788454719336,-0.40944436842695,-22.927476693206174,0.5827112999058031,-20.543216954290823,0.7343222066378869,-12.255123398860258,0.6311385710342691,-8.67381070512181,0.45773671527523524
2023-08-06 21:00:00,-15.0,-1.0,-16.008669046635706,0.6033259619522963,-17.369936683112392,0.5979478640809681,-21.970386229775002,0.9570904634311717,-19.849105760950664,0.69411119334016,-11.652798733477201,0.6023246653830563,-8.050633526730971,0.623177178390839
2023-08-06 22:00:00,-16.0,1.0,-15.340934068539458,0.6677349780962484,-17.34774684171424,0.022189841398152055,-21.331909595780523,0.638476633994479,-19.140314177158047,0.708791583792616,-11.077972508018844,0.574826225458358,-7.455645852343695,0.5949876743872762
2023-08-06 23:00:00,-15.0,1.0,-14.625858355852307,0.7150757126871502,-16.39534538523195,0.952401456482292,-20.311827180842517,1.020082414938006,-18.446577603187695,0.693736573970351,-10.529389312833628,0.5485831951852159,-6.887536618306742,0.5681092340369531
2023-08-07 00:00:00,-14.0,2.0,-14.02225189395187,0.6036064619004374,-13.504424642137577,2.8909207430943713,-18.410093469881765,1.9017337109607517,-17.727140083699506,0.719437519488187,-10.005851052553918,0.5235382602797094,-6.3451963270805045,0.5423402912262373
2023-08-07 01:00:00,-12.0,-11.0,-15.825898200099255,-1.8036463061473849,-20.061571330008753,-6.557146687871176,-23.19254088629988,-4.782447416418115,-18.728973273011842,-1.0018331893123362,-12.49507571594268,-2.489224663388762,-9.528926334830203,-3.1837300077496984
2023-08-07 02:00:00,-23.0,-12.0,-18.561002714122154,-2.7351045140228987,-30.095062927571128,-10.033491597562374,-30.651071821537826,-7.458530935237945,-20.692684561566097,-1.9637112885542551,-16.546633232365792,-4.051557516423115,-13.906236137831907,-4.377309803001704
2023-08-07 03:00:00,-35.0,-5.0,-20.121452208958562,-1.5604494948364076,-33.25176298116011,-3.1567000535889846,-33.535729227195716,-2.88465740565789,-21.49322273279985,-0.8005381712337529,-18.107013111019445,-1.5603798786536507,-16.162985462318442,-2.2567493244865355
2023-08-07 04:00:00,-40.0,1.0,-19.934490969684813,0.1869612392737483,-31.837293154122946,1.4144698270371663,-32.57110984018354,0.9646193870121778,-20.532216361177863,0.9610063716219883,-17.23752715050093,0.8694859605185149,-15.549260874463277,0.6137245878551657
2023-08-07 05:00:00,-39.0,1.0,-19.168524231622968,0.765966738061844,-29.230812841485154,2.6064803126377925,-31.197676725619807,1.3734331145637313,-19.635380462874412,0.8968358983034506,-16.407736571601035,0.8297905788998967,-14.617905937689624,0.9313549367736533
2023-08-07 06:00:00,-38.0,2.0,-18.362571521913456,0.8059527097095118,-27.668382546879837,1.562430294605317,-30.251059094604788,0.9466176310150196,-18.762055577364432,0.8733248855099787,-15.615829127321646,0.7919074442793876,-13.728650534467098,0.8892554032225259
2023-08-07 07:00:00,-36.0,3.0,-17.549418688633175,0.8131528332802795,-25.92136772508383,1.7470148217960073,-29.165708647026612,1.0853504475781754,-17.928648914321546,0.8334066630428856,-14.860075306717274,0.7557538206043731,-12.87881910746475,0.849831427002349
2023-08-07 08:00:00,-33.0,2.0,-16.763279039108472,0.7861396495247022,-25.215018974398983,0.706348750684846,-28.503476722997675,0.6622319240289372,-17.121707756126614,0.8069411581949296,-14.138824557675699,0.7212507490415743,-12.067189033501727,0.8116300739630236
2023-08-07 09:00:00,-31.0,3.0,-16.00282136887922,0.7604576702292497,-23.434238823935367,1.7807801504636167,-27.304413510523904,1.1990632124737708,-16.359974958487808,0.7617327976388073,-13.450501682143257,0.6883228755324425,-11.291524152114828,0.7756648813868983
2023-08-07 10:00:00,-28.0,5.0,-15.266800867801118,0.7360205010781026,-21.193683623338877,2.2405552005964893,-25.86107838449606,1.4433351260278435,-15.608742776508604,0.7512321819792025,-12.793603395921942,0.6568982862213157,-10.551081309943582,0.7404428421712459
2023-08-07 11:00:00,-23.0,9.0,-14.554052202025371,0.7127486657757464,-17.221944701747084,3.9717389215917933,-23.597846107949863,2.263232276546198,-14.85528826408372,0.7534545124248846,-12.166695045525032,0.6269083503969107,-9.844841327569409,0.7062399823741741
2023-08-07 12:00:00,-14.0,4.0,-14.354941688519155,0.1991105135062169,-17.926123912703183,-0.7041792109560987,-23.324586112423376,0.2732599955264874,-14.07999634625102,0.7752919178327,-11.568407474920889,0.5982875706041427,-9.484117476285286,0.36072385128412254
2023-08-07 13:00:00,-10.0,-1.0,-15.900351636672958,-1.545409948153803,-12.70449072172784,5.221633190975343,-22.12315831935956,1.2014277930638144,-15.133181362588298,-1.0531850163372776,-13.32494506371848,-1.7565375887975911,-11.87136038632024,-2.3872429100349546
2023-08-07 14:00:00,-11.0,-2.0,-15.167593471276199,0.732758165396759,-17.432821554850097,-4.728330833122257,-23.96659836409451,-1.8434400447349475,-14.35364601870337,0.7795353438849275,-12.673778920521237,0.6511661431972439,-11.182166555016664,0.6891938313035757
2023-08-07 15:00:00,-13.0,0.0,-14.457952999672376,0.7096404716038238,-18.080994858577725,-0.6481733037276278,-23.89711630610472,0.0694820579897879,-13.576203356361454,0.7774426623419177,-12.052341018750598,0.6214379017706383,-10.461853899875985,0.7203126551406793
2023-08-07 16:00:00,-13.0,1.0,-13.770347698307335,0.6876053013650407,-19.060647105165657,-0.979652246587932,-23.950989529206346,-0.053873223101625456,-12.833994723405155,0.7422086329562987,-11.45927414973171,0.5930668690188868,-9.766174876009963,0.6956790238660217
2023-08-07 17:00:00,-12.0,2.0,-14.172033046074922,-0.4016853477675879,-20.20749371418345,-1.1468466090177927,-24.354172615528746,-0.4031830863224002,-12.794017095426414,0.039977627978741825,-11.051680426735077,0.40759372299663355,-10.324192610089224,-0.5580177340792609
2023-08-07 18:00:00,-10.0,-5.0,-15.488607666991891,-1.316574620916969,-24.010803161579474,-3.8033094473960247,-27.086042659023423,-2.731870043494677,-13.673109189326544,-0.8790920939001299,-12.440124216296171,-1.3884437895610942,-12.301064180153698,-1.9768715700644743
2023-08-07 19:00:00,-15.0,-7.0,-17.227428787520907,-1.738821120529017,-29.08162804489765,-5.070824883318174,-30.887244462198847,-3.8012018031754238,-14.985152486591767,-1.312043297265223,-14.53121782098253,-2.0910936046863577,-14.786473351856145,-2.4854091717024467
2023-08-07 20:00:00,-22.0,-1.0,-20.89595447445193,-3.6685256869310217,-42.08784986906394,-13.006221824166289,-40.35621734011988,-9.468972877921036,-18.269485043201215,-3.2843325566094475,-20.05465611721407,-5.523438296231539,-20.052409744365054,-5.265936392508908
2023-08-07 21:00:00,-23.0,2.0,-23.64620773689174,-2.7502532624398075,-50.55068047981125,-8.46283061074731,-46.63883164762393,-6.282614307504048,-20.50969309827147,-2.2402080550702554,-23.605752774398372,-3.551096657184302,-23.6923149841762,-3.6399052398111444
2023-08-07 22:00:00,-21.0,1.0,-23.936004575244972,-0.28979683835323256,-46.905205553645914,3.6454749261653348,-45.27988759215596,1.3589440554679726,-20.238631927945704,0.2710611703257642,-22.485228178098904,1.120524596299467,-23.389414339744924,0.30290064443127596
2023-08-07 23:00:00,-20.0,-8.0,-26.729962219748412,-2.793957644503439,-56.612758358029815,-9.707552804383901,-51.962396141125865,-6.682508548969906,-22.557337076842032,-2.3187051488963277,-26.003727069305256,-3.5184988912063506,-26.891583289275385,-3.502168949530462
2023-08-08 00:00:00,-28.0,-3.0,-29.289248477106604,-2.559286257358191,-64.03967272411651,-7.426914366086699,-57.43278955187203,-5.470393410746162,-24.457241924932248,-1.8999048480902179,-29.171698853429103,-3.1679717841238473,-30.1420651560992,-3.2504818668238133
2023-08-08 01:00:00,-31.0,0.0,-31.539397125202274,-2.2501486480956703,-68.23055462950411,-4.190881905387599,-61.112931236385435,-3.6801416845134085,-26.005271403186132,-1.548029478253883,-31.68742587433379,-2.515727020904688,-32.843259426243364,-2.7011942701441636
2023-08-08 02:00:00,-31.0,1.0,-30.22489867945836,1.3144984457439162,-60.286142631457096,7.944411998047016,-57.99384427341505,3.1190869629703855,-24.976815228181994,1.0284561750041363,-30.197941786580838,1.4894840877529536,-31.130051921126576,1.7132075051167885
2023-08-08 03:00:00,-30.0,0.0,-28.965793993813612,1.259104685644747,-53.2359562087471,7.050186422709999,-54.99986393116739,2.99398034224766,-23.95222289803236,1.0245923301496356,-28.776458381947545,1.4214834046332934,-29.49508456383628,1.634967357290295
2023-08-08 04:00:00,-30.0,0.0,-27.758630633856505,1.2071633599571088,-47.295905122184166,5.9400510865629315,-52.278565572836335,2.7212983583310546,-22.934158792674015,1.0180641053583455,-27.41987116744687,1.3565872145006757,-27.93513233862027,1.5599522252160074
2023-08-08 05:00:00,-30.0,0.0,-26.600238610819417,1.1583920230370863,-42.58515434613345,4.710750776050716,-49.92621107273833,2.352354500098002,-21.93364701465606,1.000511778017955,-26.125217382148925,1.2946537852979443,-26.44649771856082,1.488634620059451
2023-08-08 06:00:00,-30.0,1.0,-25.487701968273047,1.1125366425463719,-39.745294455099156,2.839859891034294,-48.27317362547831,1.6530374472600258,-20.96378834587763,0.9698586687784276,-24.889669526566905,1.2355478555820194,-25.02497476632287,1.4215229522379487
2023-08-08 07:00:00,-29.0,3.0,-24.418333741556594,1.0693682267164537,-36.0616770565343,3.6836173985648557,-46.102515024061404,2.1706586014169034,-20.05370167661606,0.9100866692615714,-23.71052918745145,1.1791403391154565,-23.66555863683323,1.359416129489642
2023-08-08 08:00:00,-26.0,3.0,-23.389653830746205,1.0286799108103883,-33.5552381686725,2.5064388878617976,-44.36882129380561,1.7336937302557942,-19.166496750747626,0.8872049258684342,-22.585221144506917,1.1253080429445301,-22.367639450868264,1.2979191859649637
2023-08-08 09:00:00,-23.0,3.0,-22.399369398205387,0.9902844325408171,-29.094931219461785,4.460306949210718,-41.65553084823647,2.713290445569143,-18.318816147224076,0.8476806035235516,-21.51128774615877,1.0739333983481472,-21.127621027604288,1.2400184232639764
2023-08-08 10:00:00,-20.0,0.0,-21.445357460119297,0.9540119380860905,-23.729902526871964,5.365028692589821,-38.463533198870266,3.1919976493662006,-17.456713089279607,0.8621030579444715,-20.486383542088802,1.0249042040699705,-19.946033593815454,1.181587433788836
2023-08-08 11:00:00,-20.0,-1.0,-21.688531769571735,-0.24317430945243967,-23.404474007403312,0.3254285194686517,-37.53940774266308,0.9241254562071859,-17.181042320166434,0.2756707691131719,-19.508270160815812,0.9781133812729907,-19.616776316060097,0.3292572777553552
2023-08-08 12:00:00,-21.0,3.0,-21.357674552720127,0.3308572168516085,-21.453226095404702,1.9512479119986104,-35.58749489513332,1.951912847529762,-16.315435871200233,0.8656064489662004,-18.574811421134452,0.9334587396813607,-18.5193443624863,1.0974319535737953
2023-08-08 13:00:00,-18.0,2.0,-20.58771493975371,0.7699596129664168,-19.333554920957777,2.1196711744469248,-33.77558059234637,1.8119143027869455,-15.478438859543699,0.836997011656534,-17.683968666735694,0.8908427543987589,-17.463348912907193,1.0559954495791077
2023-08-08 14:00:00,-16.0,2.0,-20.547072575537257,0.0406423642164524,-20.112400664509746,-0.7788457435519689,-33.15782205456789,0.6177585377784851,-14.997177708801589,0.48126115074211023,-16.833796313819843,0.8501723529158512,-16.904777757725913,0.5585711551812804
2023-08-08 15:00:00,-14.0,2.0,-20.359269407907018,0.18780316763024063,-14.725322861785202,5.387077802724544,-29.63505498528923,3.5227670692786575,-14.422036893958872,0.5751408148427162,-16.022437601978158,0.8113587118416838,-16.22793332333356,0.6768444343923528
2023-08-08 16:00:00,-12.0,3.0,-20.454804785895664,-0.09553537798864764,-12.71963776072732,2.005685101057882,-27.864348314793666,1.7707066704955636,-14.131068017214448,0.29096887674442445,-15.248120539063088,0.7743170629150704,-15.894878476434911,0.33305484689864706
2023-08-08 17:00:00,-9.0,0.0,-20.911182953916082,-0.4563781680204174,-12.370561503390341,0.34907625733697856,-27.167883410697094,0.6964649040965725,-14.257766148918517,-0.1266981317040699,-14.909440425149008,0.3386801139140809,-16.016813452899566,-0.12193497646465329
2023-08-08 18:00:00,-9.0,3.0,-21.278158095433042,-0.3669751415169602,-13.329112902621883,-0.958551399231542,-27.03660460128689,0.13127880941020464,-14.281202933106592,-0.0234367841880741,-14.503979347417147,0.4054610777318599,-16.000654248104148,0.016159204795417048
2023-08-08 19:00:00,-6.0,4.0,-20.632385522705675,0.6457725727273677,-14.493784508372055,-1.164671605750172,-26.825435192612353,0.21116940867453593,-13.509474818648577,0.7717281144580136,-13.798985749887066,0.7049935975300802,-15.08583189723407,0.9148223508700777
2023-08-08 20:00:00,-2.0,0.0,-19.741414212113085,0.8909713105925909,-12.881682836244389,1.6121016721276664,-25.422477902283685,1.4029572903286684,-12.759571471471151,0.7499033471774268,-13.126177824309584,0.6728079255774815,-14.193679110862917,0.8921527863711545
2023-08-08 21:00:00,-2.0,-3.0,-18.881412925686952,0.8600012864261333,-12.12226074523831,0.759422091006078,-24.407493587326933,1.0149843149567523,-12.036500372868716,0.7230710986024362,-12.484086170845229,0.6420916534643559,-13.345218087974033,0.8484610228888843
2023-08-08 22:00:00,-5.0,-2.0,-18.05078556266904,0.830627363017911,-10.528481462349779,1.5937792828885318,-23.010477430555884,1.3970161567710484,-11.338429064212528,0.6980713086561878,-11.871308473414388,0.6127776974308423,-12.533900031643826,0.8113180563302063
2023-08-08 23:00:00,-7.0,-3.0,-17.248044291226368,0.8027412714426746,-15.106902535987668,-4.578421073637889,-24.455160627436904,-1.4446831968810194,-10.668317523862328,0.6701115403501998,-11.286506437065398,0.5848020363489893,-11.764684209207214,0.7692158224366117
2023-08-09 00:00:00,-10.0,-4.0,-17.143332079497664,0.10471221172870482,-14.500454502634874,0.6064480333527946,-23.324093823091594,1.1310668043453092,-10.353660042351011,0.3146574815113174,-10.72840286516358,0.5581035719018179,-11.517411068782751,0.24727314042446277
2023-08-09 01:00:00,-14.0,2.0,-16.370511910932752,0.772820168564911,-11.980531538050723,2.5199229645841505,-21.538693155117766,1.7854006679738283,-9.716518642920224,0.6371413994307873,-10.195778870017833,0.5326239951457482,-10.770651345459104,0.7467597233236465
2023-08-09 02:00:00,-12.0,8.0,-15.622725571850676,0.7477863390820753,-11.460069710551814,0.5204618274989095,-20.68561429615903,0.8530788589587353,-9.093005781577213,0.6235128613430111,-9.68747121085287,0.5083076591649636,-10.06310036860644,0.7075509768526638
2023-08-09 03:00:00,-4.0,2.0,-14.898769794868048,0.7239557769826269,-7.94078897998361,3.5192807305682035,-18.46995674986885,2.2156575462901813,-8.48934127942254,0.6036645021546733,-9.202369753313274,0.4851014575395951,-9.387701334061443,0.6753990345449963
2023-08-09 04:00:00,-2.0,-3.0,-14.197517503143278,0.7012522917247701,-10.888528004821572,-2.9477390248379614,-19.24257589220788,-0.7726191423390318,-7.9204642795838875,0.568876999838652,-8.739415044950974,0.4629547083623011,-8.759423377835919,0.6282779562255237
2023-08-09 05:00:00,-5.0,-4.0,-14.144307120948074,0.05321038219520413,-11.147727142804674,-0.2591991379831029,-18.661083413738496,0.5814924784693858,-7.735909157094835,0.18455512248905184,-8.29759600140104,0.44181904354993495,-8.672179664334953,0.08724371350096596
2023-08-09 06:00:00,-9.0,0.0,-13.964196289345933,0.1801108316021407,-9.173384307809384,1.9743428349952907,-17.11213255147421,1.5489508622642845,-7.42532496266647,0.31058419442836527,-7.875947698192477,0.4216483032085627,-8.415320646029015,0.2568590183059383
2023-08-09 07:00:00,-9.0,-4.0,-13.789953592615992,0.17424269672994108,-7.5475463697194325,1.6258379380899513,-15.75756056096501,1.3545719905092017,-7.136697480689044,0.2886274819774257,-7.4735492633713525,0.4023984348211245,-8.156656164850551,0.25866448117846397
2023-08-09 08:00:00,-13.0,4.0,-13.854605618153617,-0.06465202553762328,-5.61830008947147,1.9292462802479626,-14.256348335022832,1.5012122259421776,-7.13312482403,0.0035726566590438824,-7.0895218663337864,0.38402739703756605,-8.218663412088977,-0.062007247238426766
2023-08-09 09:00:00,-9.0,2.0,-13.18546161843237,0.6691439997212459,-6.8963799511367725,-1.2780798616653026,-14.377228304034174,-0.12087996901134268,-6.623402105682735,0.5097227183472652,-6.723026798476464,0.36649506785732267,-7.650871042847182,0.567792369241795
2023-08-09 10:00:00,-7.0,3.0,-13.010154376509247,0.17530724192312314,-12.48073765408131,-5.584357702944537,-16.424362906341344,-2.0471346023071693,-6.371159039048558,0.25224306663417734,-6.373263641472839,0.3497631570036246,-7.4052289113949055,0.24564213145227662
2023-08-09 11:00:00,-4.0,2.0,-12.366427150882638,0.6437272256266091,-13.056655426141884,-0.5759177720605742,-16.262232789883925,0.16213011645741915,-5.850172228437644,0.5209868106109141,-6.0394685191745845,0.3337951222982545,-6.842371981632565,0.5628569297623399
2023-08-09 12:00:00,-2.0,1.0,-12.390293418699203,-0.023866267816564868,-11.418749532621659,1.6379058935202249,-15.006072938912887,1.2561598509710379,-5.795643360634378,0.05452886780326588,-5.720912429320466,0.31855608985411843,-7.031647934022551,-0.18927595238998618
2023-08-09 13:00:00,-1.0,-1.0,-13.712586856158914,-1.3222934374597117,-16.08184278050706,-4.663093247885401,-18.31503907836499,-3.308966139452103,-7.099480419477507,-1.3038370588431296,-7.503411229043964,-1.7824987997234982,-9.151938082149726,-2.1202901481271756
2023-08-09 14:00:00,-2.0,0.0,-14.597330875967389,-0.8847440198084751,-14.78626477536819,1.2955780051388697,-18.393866732982406,-0.0788276546174167,-7.920553375854524,-0.8210729563770178,-8.367579106166996,-0.8641678771230319,-10.466150171617526,-1.3142120894678
2023-08-09 15:00:00,-2.0,4.0,-14.83622634576598,-0.23889546979859033,-9.792413225763264,4.993851549604926,-15.953670306472862,2.4401964265095444,-8.077706477774637,-0.15715310192011284,-8.035355624038807,0.3322234821281882,-10.606841881591524,-0.14069170997399744
2023-08-09 16:00:00,2.0,2.0,-15.07273233576621,-0.23650599000023087,-6.807886328339624,2.98452689742364,-14.320989790321176,1.6326805161516855,-8.248606110807376,-0.17089963303273953,-7.853294158882024,0.18206146515678379,-10.632639391694433,-0.025797510102909094
2023-08-09 17:00:00,4.0,0.0,-15.358044755876934,-0.28531242011072366,1.7268749113566138,8.534761239696238,-10.12887961719598,4.192110173125197,-8.482701729677833,-0.23409561887045666,-7.856864769105549,-0.003570610223524673,-10.688004337535169,-0.055364945840736146
2023-08-09 18:00:00,4.0,-5.0,-14.832188203174635,0.5258565527022986,3.6476862150575187,1.920811303700905,-8.974918647688302,1.1539609695076773,-8.240379673070263,0.24232205660756947,-7.480193765764394,0.37667100334115533,-10.328619722828613,0.3593846147065567
2023-08-09 19:00:00,-1.0,0.0,-14.133005769795867,0.699182433378768,2.9198405628342456,-0.727845652223273,-9.046113224153055,-0.07119457646475347,-8.05725274583951,0.18312692723075324,-7.095863021611251,0.3843307441531427,-10.043713203515555,0.2849065193130571
2023-08-09 20:00:00,-1.0,0.0,-13.793631820350793,0.339373949445074,-2.6069821905361934,-5.526822753370439,-11.272537825422713,-2.226424601269658,-7.8209427158824205,0.23631002995708886,-6.92333990689292,0.17252311471833104,-9.69555305083413,0.3481601526814243
2023-08-09 21:00:00,-1.0,-4.0,-14.533203996905769,-0.7395721765549755,-3.98537102867634,-1.3783888381401468,-11.95781944338749,-0.685281617964776,-8.574092775526227,-0.7531500596438065,-7.63346906294071,-0.7101291560477903,-10.275149804824778,-0.5795967539906484
2023-08-09 22:00:00,-5.0,1.0,-15.408883837306318,-0.875679840400549,-5.953364772661121,-1.9679937439847812,-13.095579140965699,-1.1377596975782094,-9.430703555578743,-0.8566107800525173,-8.46481020559855,-0.8313411426578392,-10.993588200756351,-0.7184383959315721
2023-08-09 23:00:00,-4.0,1.0,-16.471282640857044,-1.062398803550726,-8.187237330314641,-2.2338725576535197,-14.595589283655562,-1.500010142689863,-10.446681617478024,-1.0159780618992802,-9.488352816216775,-1.023542610618225,-11.915081807414207,-0.9214936066578565
2023-08-10 00:00:00,-3.0,-6.0,-17.845013854174972,-1.3737312133179285,-14.962701193902273,-6.775463863587632,-18.525464211309362,-3.9298749276538008,-11.760519612655937,-1.313837995177912,-10.884968338880011,-1.3966155226632362,-13.171655933842212,-1.2565741264280041
2023-08-10 01:00:00,-9.0,-2.0,-18.919907376026693,-1.0748935218517186,-19.924803966813307,-4.9621027729110345,-21.59628837909137,-3.070824167782007,-12.680338825257756,-0.9198192126018192,-11.80967143551876,-0.9247030966387488,-14.23604588384536,-1.064389950003149
2023-08-10 02:00:00,-11.0,2.0,-19.582991043782062,-0.6630836677553692,-21.125075682960087,-1.20027171614678,-22.677243545008295,-1.0809551659169259,-13.11035019006156,-0.43001136480380436,-12.076153984221543,-0.26648254870278265,-14.851826983906316,-0.615781100060955
2023-08-10 03:00:00,-9.0,-2.0,-20.036231178254578,-0.45324013447251554,-20.55345420285404,0.571621480106046,-22.74438529306307,-0.06714174805477313,-13.302561296910573,-0.19221110684901271,-12.00106633665568,0.07508764756586461,-15.158255730427918,-0.30642874652160274
2023-08-10 04:00:00,-11.0,0.0,-20.09013602169662,-0.05390484344204216,-22.010886412159206,-1.4574322093051642,-23.31642247174876,-0.5720371786856902,-13.04900794822328,0.2535533486872917,-11.410340354281951,0.5907259823737278,-14.876196681789153,0.2820590486387642
2023-08-10 05:00:00,-11.0,2.0,-20.444082135342764,-0.3539461136461456,-21.95097006846663,0.05991634369257426,-23.554027764272313,-0.2376052925235541,-13.161047184029085,-0.1120392358058046,-11.27595101028459,0.13438934399736158,-15.143337917536398,-0.26714123574724413
2023-08-10 06:00:00,-9.0,0.0,-20.717465507238412,-0.2733833718956471,-22.32572865280122,-0.37475858433458953,-23.895883009007694,-0.3418552447353811,-13.191434164895462,-0.030386980866377478,-11.031463460082147,0.24448755020244328,-15.27211209903674,-0.12877418150034103
2023-08-10 07:00:00,-9.0,-5.0,-20.49092054906057,0.22654495817784182,-22.692481324105746,-0.3667526713045248,-23.719524287438194,0.17635872156949972,-12.696872860498983,0.4945613043964785,-10.485003581995075,0.5464598780870712,-14.684474993231275,0.5876371058054647
2023-08-10 08:00:00,-14.0,0.0,-20.754514948386387,-0.2635943993258165,-23.599246032771866,-0.9067647086661204,-24.337850320693345,-0.6183260332551512,-12.74708977220279,-0.05021691170380582,-10.327534240098004,0.15746934189707096,-14.937785942238476,-0.2533109490072003
2023-08-10 09:00:00,-14.0,-1.0,-21.008087514864215,-0.25357256647782744,-26.496011858448533,-2.896765825676667,-25.880179724825172,-1.5423294041318272,-12.790520952896351,-0.04343118069356072,-10.190243971026716,0.13729026907128805,-15.185484757505991,-0.24769881526751625
2023-08-10 10:00:00,-15.0,-2.0,-20.357103796603496,0.6509837182607203,-22.640207827118772,3.855804031329761,-23.84378866895017,2.0363910558750007,-12.138545600057883,0.6519753528384686,-9.682189001310057,0.5080549697166579,-14.268697779464873,0.9167869780411186
2023-08-10 11:00:00,-17.0,4.0,-20.50725676128993,-0.15015296468643347,-21.011164952795813,1.629042874322959,-23.14905191959723,0.6947367493529413,-12.100099946521151,0.03844565353673257,-9.389949975173975,0.29223902613608255,-14.399469857461952,-0.13077207799708018
2023-08-10 12:00:00,-13.0,5.0,-20.695255241224924,-0.18799847993499208,-16.826838355928345,4.184326596867468,-21.281844667218156,1.8672072523790746,-12.113749233155152,-0.013649286634001445,-9.194093182641083,0.195856792532892,-14.524729175156697,-0.12525931769474424
2023-08-10 13:00:00,-8.0,6.0,-20.559446135361675,0.13580910586325035,-13.242988154179601,3.583850201748744,-19.228880851860612,2.0529638153575434,-11.759020188194865,0.3547290449602869,-8.731516331594765,0.4625768510463185,-14.058593369794112,0.46613580536258503
2023-08-10 14:00:00,-2.0,1.0,-21.50035223116079,-0.940906095799116,-13.71022889988364,-0.4672407457040393,-20.019041407271835,-0.790160555411223,-12.631025294021503,-0.8720051058266383,-9.797714983748442,-1.0661986521536762,-14.95462223237372,-0.8960288625796087
2023-08-10 15:00:00,-1.0,3.0,-22.432879392981313,-0.932527161820522,-10.940118756517789,2.7701101433658515,-19.272250787786923,0.7467906194849121,-13.451385831966935,-0.8203605379454315,-10.781558927366305,-0.9838439436178639,-15.71604951966755,-0.7614272872938292
2023-08-10 16:00:00,2.0,-3.0,-23.580246041708175,-1.1473666487268632,-15.46054934396253,-4.520430587444741,-21.87982341596643,-2.6075726281795077,-14.450249715209143,-0.998863883242209,-12.036725686513464,-1.2551667591471587,-16.50016596688363,-0.7841164472160798
2023-08-10 17:00:00,-1.0,0.0,-22.582902870426626,0.9973431712815503,-15.204719403339013,0.25582994062351716,-21.608650406112492,0.2711730098539391,-13.698209685102176,0.7520400301069672,-11.444371717530231,0.5923539689832326,-15.601254432097438,0.8989115347861896
2023-08-10 18:00:00,-1.0,-4.0,-21.62221949219218,0.960683378234447,-18.03275418794286,-2.8280347846038474,-22.69467217575518,-1.086021769642688,-12.958445513580605,0.7397641715215708,-10.879060987793864,0.5653107297363674,-14.719470312679615,0.8817841194178222
2023-08-10 19:00:00,-5.0,2.0,-20.69619933499381,0.9260201571983696,-18.80296616441015,-0.7702119764672908,-22.787232517637378,-0.09256034188219786,-12.227747465175078,0.7306980484055262,-10.33955886931627,0.5395021184775928,-13.8398725582413,0.8795977544383144
2023-08-10 20:00:00,-3.0,-1.0,-19.80298884292581,0.8932104920680007,-17.045115302350723,1.7578508620594278,-21.680413938207813,1.1068185794295644,-11.527768716903289,0.6999787482717892,-9.824687099630337,0.5148717696859344,-12.991246300034701,0.848626258206598
2023-08-10 21:00:00,-4.0,3.0,-18.96263773436477,0.84035110856104,-15.771188932969375,1.273926369381348,-20.76124472671776,0.919169211490054,-10.847406310458775,0.6803624064445144,-9.333321208486879,0.4913658911434583,-12.182534649426602,0.8087116506080991
2023-08-10 22:00:00,-1.0,1.0,-18.1292579096613,0.8333798247034692,-14.898776026889982,0.8724129060793935,-20.010655180325234,0.7505895463925256,-10.188067327209819,0.6593389832489563,-8.8643880620328,0.46893314645407846,-11.410977819820811,0.7715568296057906
2023-08-10 23:00:00,0.0,0.0,-17.3239025050329,0.8053554046283978,-13.021864483265293,1.8769115436246882,-18.78287571236006,1.2277794679651741,-9.549711592102847,0.6383557351069709,-8.416863519106965,0.4475245429258361,-10.67400096109911,0.736976858721702
2023-08-11 00:00:00,0.0,,-16.545173748490985,0.7787287565419146,-12.657346508044917,0.36451797522037666,-18.239611065136167,0.5432646472238929,-8.93244860968726,0.6172629824155877,-7.989770194535184,0.4270933245717814,-9.97445491813546,0.6995460429636484
