Timestamp,Observed_DST,Real_dDST_dt,Pred_DST_Equation,Pred_dDST_dt_Equation,Injection_Component,Decay_Component,Pred_DST_Equation_1,Pred_dDST_dt_Equation_1,Injection_Component_1,Decay_Component_1
2001-10-19 00:00:00,0.0,4.0,-2.170820855230854,0.8291791447691457,-1.2751505325218322,2.104329677290978,-2.170820855230854,0.8291791447691457,-1.2751505325218322,2.104329677290978
2001-10-19 01:00:00,4.0,2.0,-1.3773276724505545,0.7934931827802996,-1.2741212168760456,2.067614399656345,-1.3773276724505545,0.7934931827802996,-1.2741212168760456,2.067614399656345
2001-10-19 02:00:00,6.0,-1.0,-0.6098749955721756,0.7674526768783789,-1.2653291457349527,2.0327818226133316,-0.6098749955721756,0.7674526768783789,-1.2653291457349527,2.0327818226133316
2001-10-19 03:00:00,5.0,0.0,0.14475603580211227,0.7546310313742879,-1.2447428328192232,1.999373864193511,0.14475603580211227,0.7546310313742879,-1.2447428328192232,1.999373864193511
2001-10-19 04:00:00,5.0,2.0,0.8456632929523173,0.7009072571502051,-1.265886691709754,1.966793948859959,0.8456632929523173,0.7009072571502051,-1.265886691709754,1.966793948859959
2001-10-19 05:00:00,7.0,1.0,1.4847267881646586,0.6390634952123413,-1.2977097004253195,1.9367731956376608,1.4847267881646586,0.6390634952123413,-1.2977097004253195,1.9367731956376608
2001-10-19 06:00:00,8.0,-4.0,0.4775254963607749,-1.0072012918038837,-2.9168038038700064,1.9096025120661226,0.4775254963607749,-1.0072012918038837,-2.9168038038700064,1.9096025120661226
2001-10-19 07:00:00,4.0,-3.0,-0.7739070003860353,-1.2514324967468102,-3.2039447178814195,1.9525122211346093,-0.7739070003860353,-1.2514324967468102,-3.2039447178814195,1.9525122211346093
2001-10-19 08:00:00,1.0,-1.0,-2.1298005963348228,-1.3558935959487877,-3.3623846734929397,2.006491077544152,-2.1298005963348228,-1.3558935959487877,-3.3623846734929397,2.006491077544152
2001-10-19 09:00:00,0.0,1.0,-3.418005527143925,-1.2882049308091021,-3.3540113796510576,2.0658064488419554,-3.418005527143925,-1.2882049308091021,-3.3540113796510576,2.0658064488419554
2001-10-19 10:00:00,1.0,-5.0,-5.072446330323152,-1.6544408031792273,-3.777401878387833,2.1229610752086057,-5.072446330323152,-1.6544408031792273,-3.777401878387833,2.1229610752086057
2001-10-19 11:00:00,-4.0,-8.0,-7.712187931488616,-2.6397416011654644,-4.8372503280330825,2.197508726867618,-7.712187931488616,-2.6397416011654644,-4.8372503280330825,2.197508726867618
2001-10-19 12:00:00,-12.0,-10.0,-11.777270347701846,-4.0650824162132295,-6.384199244250035,2.319116828036805,-11.777270347701846,-4.0650824162132295,-6.384199244250035,2.319116828036805
2001-10-19 13:00:00,-22.0,-4.0,-15.151323562345468,-3.3740532146436224,-5.886845629375647,2.5127924147320244,-15.151323562345468,-3.3740532146436224,-5.886845629375647,2.5127924147320244
2001-10-19 14:00:00,-26.0,-2.0,-17.231020731233027,-2.0796971688875594,-4.759140066805908,2.6794428979183484,-17.231020731233027,-2.0796971688875594,-4.759140066805908,2.6794428979183484
2001-10-19 15:00:00,-28.0,-4.0,-21.156109882919285,-3.925089151686259,-6.709917202526577,2.784828050840318,-21.156109882919285,-3.925089151686259,-6.709917202526577,2.784828050840318
2001-10-19 16:00:00,-32.0,-11.0,-24.913694749280715,-3.7575848663614315,-6.746848596988436,2.989263730627005,-24.913694749280715,-3.7575848663614315,-6.746848596988436,2.989263730627005
2001-10-19 17:00:00,-43.0,-8.0,-28.17802900454,-3.264334255259285,-6.456092881088542,3.1917586258292565,-28.17802900454,-3.264334255259285,-6.456092881088542,3.1917586258292565
2001-10-19 18:00:00,-51.0,-1.0,-31.343113364114977,-3.1650843595749745,-6.538143042313706,3.3730586827387317,-31.343113364114977,-3.1650843595749745,-6.538143042313706,3.3730586827387317
2001-10-19 19:00:00,-52.0,-4.0,-34.01470932519645,-2.671595961081475,-6.225224220555089,3.553628259473614,-34.01470932519645,-2.671595961081475,-6.225224220555089,3.553628259473614
2001-10-19 20:00:00,-56.0,-1.0,-35.043234416979054,-1.0285250917826056,-4.7382333310677645,3.709708239285159,-35.043234416979054,-1.0285250917826056,-4.7382333310677645,3.709708239285159
2001-10-19 21:00:00,-57.0,6.0,-32.730654805201475,2.31257961177758,-1.4581113885603814,3.7706910003379615,-32.730654805201475,2.31257961177758,-1.4581113885603814,3.7706910003379615
2001-10-19 22:00:00,-51.0,7.0,-30.59433674565495,2.136318059546527,-1.4979544816826997,3.634272541229227,-30.59433674565495,2.136318059546527,-1.4979544816826997,3.634272541229227
2001-10-19 23:00:00,-44.0,4.0,-28.574986965153627,2.019349780501324,-1.4911352655293644,3.5104850460306882,-28.574986965153627,2.019349780501324,-1.4911352655293644,3.5104850460306882
2001-10-20 00:00:00,-40.0,4.0,-26.634520400901177,1.9404665642524486,-1.4549805534711138,3.3954471177235623,-26.634520400901177,1.9404665642524486,-1.4549805534711138,3.3954471177235623
2001-10-20 01:00:00,-36.0,4.0,-24.806051875266636,1.828468525634542,-1.4582400530161044,3.2867085786506465,-24.806051875266636,1.828468525634542,-1.4582400530161044,3.2867085786506465
2001-10-20 02:00:00,-32.0,7.0,-23.1040306874671,1.7020211877995355,-1.4838442797050433,3.1858654675045788,-23.1040306874671,1.7020211877995355,-1.4838442797050433,3.1858654675045788
2001-10-20 03:00:00,-25.0,1.0,-21.527362033560166,1.5766686539069346,-1.5167394922183033,3.093408146125238,-21.527362033560166,1.5766686539069346,-1.5167394922183033,3.093408146125238
2001-10-20 04:00:00,-24.0,-10.0,-24.18219009734759,-2.654828063787424,-5.663803022145544,3.00897495835812,-24.18219009734759,-2.654828063787424,-5.663803022145544,3.00897495835812
2001-10-20 05:00:00,-34.0,-1.0,-24.144459770774624,0.037730326572964046,-3.114087620114913,3.151817946687877,-24.144459770774624,0.037730326572964046,-3.114087620114913,3.151817946687877
2001-10-20 06:00:00,-35.0,6.0,-23.16915513965936,0.9753046311152649,-2.1744600326872567,3.1497646638025216,-23.16915513965936,0.9753046311152649,-2.1744600326872567,3.1497646638025216
2001-10-20 07:00:00,-29.0,5.0,-21.689289227416317,1.4798659122430404,-1.6170548795305786,3.096920791773619,-21.689289227416317,1.4798659122430404,-1.6170548795305786,3.096920791773619
2001-10-20 08:00:00,-24.0,1.0,-21.395926434357364,0.2933627930589551,-2.7242298004852277,3.0175925935441827,-21.395926434357364,0.2933627930589551,-2.7242298004852277,3.0175925935441827
2001-10-20 09:00:00,-23.0,-3.0,-23.4373289918382,-2.041402557480837,-5.043391679383837,3.0019891219029997,-23.4373289918382,-2.041402557480837,-5.043391679383837,3.0019891219029997
2001-10-20 10:00:00,-26.0,-3.0,-23.64811687280362,-0.21078788096541867,-3.3221942846378156,3.111406403672397,-23.64811687280362,-0.21078788096541867,-3.3221942846378156,3.111406403672397
2001-10-20 11:00:00,-29.0,4.0,-22.239840528607626,1.4082763441959922,-1.7145396488169407,3.122815993012933,-22.239840528607626,1.4082763441959922,-1.7145396488169407,3.122815993012933
2001-10-20 12:00:00,-25.0,-3.0,-23.87111803206841,-1.6312775034607814,-4.678262168578308,3.0469846651175265,-23.87111803206841,-1.6312775034607814,-4.678262168578308,3.0469846651175265
2001-10-20 13:00:00,-28.0,-4.0,-26.937677005975566,-3.0665589739071555,-6.201468371442456,3.1349093975353,-26.937677005975566,-3.0665589739071555,-6.201468371442456,3.1349093975353
2001-10-20 14:00:00,-32.0,-3.0,-28.1781949475674,-1.240517941591834,-4.54409796630142,3.303580024709586,-28.1781949475674,-1.240517941591834,-4.54409796630142,3.303580024709586
2001-10-20 15:00:00,-35.0,2.0,-29.450098064931012,-1.2719031173636153,-4.644971143819165,3.37306802645555,-29.450098064931012,-1.2719031173636153,-4.644971143819165,3.37306802645555
2001-10-20 16:00:00,-33.0,5.0,-28.860462153294737,0.5896359116362762,-2.8554290690746953,3.4450649807109714,-28.860462153294737,0.5896359116362762,-2.8554290690746953,3.4450649807109714
2001-10-20 17:00:00,-28.0,3.0,-29.221521504196502,-0.361059350901765,-3.772653052451361,3.411593701549596,-29.221521504196502,-0.361059350901765,-3.772653052451361,3.411593701549596
2001-10-20 18:00:00,-25.0,0.0,-29.90910983942678,-0.6875883352302776,-4.119658543085717,3.4320702078554395,-29.90910983942678,-0.6875883352302776,-4.119658543085717,3.4320702078554395
2001-10-20 19:00:00,-25.0,-3.0,-29.860225709131974,0.04888413029480576,-3.4223502254589793,3.471234355753785,-29.860225709131974,0.04888413029480576,-3.4223502254589793,3.471234355753785
2001-10-20 20:00:00,-28.0,-6.0,-29.601094351757318,0.259131357374657,-3.209311284379456,3.468442641754113,-29.601094351757318,0.259131357374657,-3.209311284379456,3.468442641754113
2001-10-20 21:00:00,-34.0,-2.0,-31.454145951425822,-1.8530515996685035,-5.306714316199764,3.45366271653126,-31.454145951425822,-1.8530515996685035,-5.306714316199764,3.45366271653126
2001-10-20 22:00:00,-36.0,-7.0,-33.86968586242668,-2.415539911000857,-5.975588109183897,3.56004819818304,-33.86968586242668,-2.415539911000857,-5.975588109183897,3.56004819818304
2001-10-20 23:00:00,-43.0,1.0,-32.990175988934936,0.879509873491743,-2.821639704284524,3.701149577776267,-32.990175988934936,0.879509873491743,-2.821639704284524,3.701149577776267
2001-10-21 00:00:00,-42.0,3.0,-32.39465151184855,0.595524477086383,-3.0539319481614964,3.6494564252478794,-32.39465151184855,0.595524477086383,-3.0539319481614964,3.6494564252478794
2001-10-21 01:00:00,-39.0,2.0,-31.891809651920525,0.5028418599280253,-3.1118190551856224,3.6146609151136477,-31.891809651920525,0.5028418599280253,-3.1118190551856224,3.6146609151136477
2001-10-21 02:00:00,-37.0,3.0,-32.6320611441699,-0.7402514922493797,-4.325661971542145,3.585410479292765,-32.6320611441699,-0.7402514922493797,-4.325661971542145,3.585410479292765
2001-10-21 03:00:00,-34.0,3.0,-32.874389472905065,-0.24232832873516186,-3.870840717712109,3.6285123889769473,-32.874389472905065,-0.24232832873516186,-3.870840717712109,3.6285123889769473
2001-10-21 04:00:00,-31.0,6.0,-30.708950819232836,2.165438653672229,-1.4772395043112467,3.642678157983476,-30.708950819232836,2.165438653672229,-1.4772395043112467,3.642678157983476
2001-10-21 05:00:00,-25.0,0.0,-29.18382326226828,1.5251275569645573,-1.9919442742058602,3.5170718311704174,-29.18382326226828,1.5251275569645573,-1.9919442742058602,3.5170718311704174
2001-10-21 06:00:00,-25.0,-1.0,-28.244412608247735,0.9394106540205431,-2.490518735341421,3.429929389361964,-28.244412608247735,0.9394106540205431,-2.490518735341421,3.429929389361964
2001-10-21 07:00:00,-26.0,-1.0,-28.486814637511813,-0.24240202926407672,-3.619199591616335,3.3767975623522584,-28.486814637511813,-0.24240202926407672,-3.619199591616335,3.3767975623522584
2001-10-21 08:00:00,-27.0,-2.0,-29.47502339351018,-0.9882087559983677,-4.378676555374244,3.3904677993758763,-29.47502339351018,-0.9882087559983677,-4.378676555374244,3.3904677993758763
2001-10-21 09:00:00,-29.0,0.0,-29.167878958984094,0.30714443452608586,-3.139339057188848,3.446483491714934,-29.167878958984094,0.30714443452608586,-3.139339057188848,3.446483491714934
2001-10-21 10:00:00,-29.0,2.0,-28.179882436007375,0.9879965229767187,-2.44102761773127,3.429024140707989,-28.179882436007375,0.9879965229767187,-2.44102761773127,3.429024140707989
2001-10-21 11:00:00,-27.0,2.0,-27.686396803201074,0.49348563280630087,-2.879677411417228,3.3731630442235288,-27.686396803201074,0.49348563280630087,-2.879677411417228,3.3731630442235288
2001-10-21 12:00:00,-25.0,2.0,-27.186602137950285,0.49979466525078875,-2.8456386085491068,3.3454332737998955,-27.186602137950285,0.49979466525078875,-2.8456386085491068,3.3454332737998955
2001-10-21 13:00:00,-23.0,2.0,-28.02381515583557,-0.8372130178852859,-4.154678660507476,3.31746564262219,-28.02381515583557,-0.8372130178852859,-4.154678660507476,3.31746564262219
2001-10-21 14:00:00,-21.0,-1.0,-27.40816711248085,0.6156480433547218,-2.748732949163018,3.3643809925177397,-27.40816711248085,0.6156480433547218,-2.748732949163018,3.3643809925177397
2001-10-21 15:00:00,-22.0,13.0,-25.6668089393644,1.74135817311645,-1.5884913703600034,3.3298495434764535,-25.6668089393644,1.74135817311645,-1.5884913703600034,3.3298495434764535
2001-10-21 16:00:00,-9.0,-5.0,-27.382339784669796,-1.715530845305394,-4.948672778363594,3.2331419330582003,-27.382339784669796,-1.715530845305394,-4.948672778363594,3.2331419330582003
2001-10-21 17:00:00,-14.0,-79.0,-47.87731219385227,-20.494972409182473,-23.823377201424265,3.328404792241791,-47.87731219385227,-20.494972409182473,-23.823377201424265,3.328404792241791
2001-10-21 18:00:00,-93.0,-22.0,-77.41218369377154,-29.53487149991927,-34.108320530590554,4.5734490306712825,-77.41218369377154,-29.53487149991927,-34.108320530590554,4.5734490306712825
2001-10-21 19:00:00,-115.0,-55.0,-87.4402399388155,-10.028056245043963,-16.742929273736586,6.714873028692623,-87.4402399388155,-10.028056245043963,-16.742929273736586,6.714873028692623
2001-10-21 20:00:00,-170.0,-17.0,-113.98710510337793,-26.546865164562426,-34.082048844739774,7.5351836801773455,-113.98710510337793,-26.546865164562426,-34.082048844739774,7.5351836801773455
2001-10-21 21:00:00,-187.0,7.0,-106.7009189654993,7.286186137878625,-2.648729373671998,9.934915511550622,-106.7009189654993,7.286186137878625,-2.648729373671998,9.934915511550622
2001-10-21 22:00:00,-180.0,-4.0,-109.99318887989325,-3.2922699143939553,-12.535566144235286,9.24329622984133,-109.99318887989325,-3.2922699143939553,-12.535566144235286,9.24329622984133
2001-10-21 23:00:00,-184.0,7.0,-126.36898392258782,-16.37579504269456,-25.92851027571369,9.552715233019132,-126.36898392258782,-16.37579504269456,-25.92851027571369,9.552715233019132
2001-10-22 00:00:00,-177.0,4.0,-133.23744848138597,-6.868464558798141,-18.035917533462037,11.167452974663895,-133.23744848138597,-6.868464558798141,-18.035917533462037,11.167452974663895
2001-10-22 01:00:00,-173.0,5.0,-124.22014244296665,9.017306038419328,-2.8649285474390687,11.882234585858397,-124.22014244296665,9.017306038419328,-2.8649285474390687,11.882234585858397
2001-10-22 02:00:00,-168.0,10.0,-117.13807064976025,7.082071793206394,-3.8663105614536057,10.94838235466,-117.13807064976025,7.082071793206394,-3.8663105614536057,10.94838235466
2001-10-22 03:00:00,-158.0,-6.0,-113.42723126667684,3.7108393830834165,-6.53089996345959,10.241739346543007,-113.42723126667684,3.7108393830834165,-6.53089996345959,10.241739346543007
2001-10-22 04:00:00,-164.0,4.0,-112.785970600414,0.6412606662628306,-9.239625586984472,9.880886253247303,-112.785970600414,0.6412606662628306,-9.239625586984472,9.880886253247303
2001-10-22 05:00:00,-160.0,4.0,-105.74576734031854,7.040203260095467,-2.778980691015897,9.819183951111365,-105.74576734031854,7.040203260095467,-2.778980691015897,9.819183951111365
2001-10-22 06:00:00,-156.0,1.0,-99.35049553199272,6.39527180832582,-2.7592092529864147,9.154481061312234,-99.35049553199272,6.39527180832582,-2.7592092529864147,9.154481061312234
2001-10-22 07:00:00,-155.0,13.0,-96.40429342078372,2.946202111209005,-5.624658038755594,8.570860149964599,-96.40429342078372,2.946202111209005,-5.624658038755594,8.570860149964599
2001-10-22 08:00:00,-142.0,11.0,-93.17687823316602,3.227415187617699,-5.081047076133475,8.308462263751174,-93.17687823316602,3.227415187617699,-5.081047076133475,8.308462263751174
2001-10-22 09:00:00,-131.0,-11.0,-88.97537440464832,4.201503828517697,-3.8241968409257643,8.025700669443461,-88.97537440464832,4.201503828517697,-3.8241968409257643,8.025700669443461
2001-10-22 10:00:00,-142.0,1.0,-99.48962104057658,-10.514246635928261,-18.179177910550056,7.664931274621795,-99.48962104057658,-10.514246635928261,-18.179177910550056,7.664931274621795
2001-10-22 11:00:00,-141.0,5.0,-100.81521478575964,-1.325593745183058,-9.90894570991775,8.583351964734693,-100.81521478575964,-1.325593745183058,-9.90894570991775,8.583351964734693
2001-10-22 12:00:00,-136.0,-8.0,-106.19901983600617,-5.383805050246531,-14.08663580453186,8.702830754285328,-106.19901983600617,-5.383805050246531,-14.08663580453186,8.702830754285328
2001-10-22 13:00:00,-144.0,15.0,-111.18773233506472,-4.988712499058545,-14.185285975330197,9.196573476271652,-111.18773233506472,-4.988712499058545,-14.185285975330197,9.196573476271652
2001-10-22 14:00:00,-129.0,-12.0,-117.82892697026092,-6.641194635196204,-16.307436664208552,9.666242029012349,-117.82892697026092,-6.641194635196204,-16.307436664208552,9.666242029012349
2001-10-22 15:00:00,-141.0,2.0,-123.63707257442192,-5.808145604160991,-16.11778045022329,10.309634846062298,-123.63707257442192,-5.808145604160991,-16.11778045022329,10.309634846062298
2001-10-22 16:00:00,-139.0,-6.0,-126.04050591713465,-2.4034333427127237,-13.292747050539534,10.88931370782681,-126.04050591713465,-2.4034333427127237,-13.292747050539534,10.88931370782681
2001-10-22 17:00:00,-145.0,10.0,-129.48557408492795,-3.4450681677932877,-14.578892877857983,11.133824710064696,-129.48557408492795,-3.4450681677932877,-14.578892877857983,11.133824710064696
2001-10-22 18:00:00,-135.0,-17.0,-134.73081833976826,-5.245244254840308,-16.73428425004217,11.48903999520186,-134.73081833976826,-5.245244254840308,-16.73428425004217,11.48903999520186
2001-10-22 19:00:00,-152.0,-2.0,-135.67606867703947,-0.9452503372712098,-12.985829994018667,12.040579656747457,-135.67606867703947,-0.9452503372712098,-12.985829994018667,12.040579656747457
2001-10-22 20:00:00,-154.0,-5.0,-125.79037998722137,9.885688689818094,-2.2556594614372814,12.141348151255375,-125.79037998722137,9.885688689818094,-2.2556594614372814,12.141348151255375
2001-10-22 21:00:00,-159.0,4.0,-127.3332319007065,-1.5428519134851229,-12.651103738784608,11.108251825299485,-127.3332319007065,-1.5428519134851229,-12.651103738784608,11.108251825299485
2001-10-22 22:00:00,-155.0,1.0,-119.33010459452865,8.003127306177838,-3.2633344289584403,11.266461735136279,-119.33010459452865,8.003127306177838,-3.2633344289584403,11.266461735136279
2001-10-22 23:00:00,-154.0,-11.0,-118.3900834414221,0.940021153106537,-9.517918632306962,10.4579397854135,-118.3900834414221,0.940021153106537,-9.517918632306962,10.4579397854135
2001-10-23 00:00:00,-165.0,33.0,-110.30039390141845,8.089689540003665,-2.2752593468591322,10.364948886862797,-110.30039390141845,8.089689540003665,-2.2752593468591322,10.364948886862797
2001-10-23 01:00:00,-132.0,8.0,-102.98119686080582,7.319197040612621,-2.262650230198248,9.581847270810869,-102.98119686080582,7.319197040612621,-2.262650230198248,9.581847270810869
2001-10-23 02:00:00,-124.0,-6.0,-98.00999572805402,4.971201132751796,-3.9286316345111536,8.89983276726295,-98.00999572805402,4.971201132751796,-3.9286316345111536,8.89983276726295
2001-10-23 03:00:00,-130.0,5.0,-94.15695167530205,3.853044052751973,-4.597921244218461,8.450965296970434,-94.15695167530205,3.853044052751973,-4.597921244218461,8.450965296970434
2001-10-23 04:00:00,-125.0,0.0,-92.48772821715579,1.6692234581462637,-6.44182623432621,8.111049692472474,-92.48772821715579,1.6692234581462637,-6.44182623432621,8.111049692472474
2001-10-23 05:00:00,-125.0,-2.0,-89.12717761525646,3.3605506018993356,-4.605406223247803,7.965956825147138,-89.12717761525646,3.3605506018993356,-4.605406223247803,7.965956825147138
2001-10-23 06:00:00,-127.0,8.0,-83.67683789867306,5.450339716583402,-2.2274819456338757,7.677821662217278,-83.67683789867306,5.450339716583402,-2.2274819456338757,7.677821662217278
2001-10-23 07:00:00,-119.0,4.0,-78.66858973614313,5.00824816252992,-2.213543296263851,7.221791458793771,-78.66858973614313,5.00824816252992,-2.213543296263851,7.221791458793771
2001-10-23 08:00:00,-115.0,7.0,-74.04953246666327,4.61905726947987,-2.196002042133572,6.815059311613442,-74.04953246666327,4.61905726947987,-2.196002042133572,6.815059311613442
2001-10-23 09:00:00,-108.0,5.0,-69.7605828586717,4.288949607991571,-2.1614341916959097,6.450383799687481,-69.7605828586717,4.288949607991571,-2.1614341916959097,6.450383799687481
2001-10-23 10:00:00,-103.0,3.0,-65.76747306512128,3.993109793550416,-2.127638327992586,6.120748121543002,-65.76747306512128,3.993109793550416,-2.127638327992586,6.120748121543002
2001-10-23 11:00:00,-100.0,0.0,-62.283841499680975,3.4836315654403074,-2.337989400365531,5.821620965805838,-62.283841499680975,3.4836315654403074,-2.337989400365531,5.821620965805838
2001-10-23 12:00:00,-100.0,7.0,-58.82368496542661,3.4601565342543696,-2.1066231335577785,5.566779667812148,-58.82368496542661,3.4601565342543696,-2.1066231335577785,5.566779667812148
2001-10-23 13:00:00,-93.0,8.0,-58.43851775381134,0.3851672116152649,-4.934134294781666,5.319301506396931,-58.43851775381134,0.3851672116152649,-4.934134294781666,5.319301506396931
2001-10-23 14:00:00,-85.0,2.0,-55.122487838125394,3.316029915685942,-1.9760715991505253,5.292101514836467,-55.122487838125394,3.316029915685942,-1.9760715991505253,5.292101514836467
2001-10-23 15:00:00,-83.0,2.0,-52.02779743868128,3.094690399444109,-1.9661215479079226,5.060811947352032,-52.02779743868128,3.094690399444109,-1.9661215479079226,5.060811947352032
2001-10-23 16:00:00,-81.0,4.0,-49.11050066907009,2.9172967696111884,-1.9323256842045995,4.849622453815788,-49.11050066907009,2.9172967696111884,-1.9323256842045995,4.849622453815788
2001-10-23 17:00:00,-77.0,4.0,-46.378816674374804,2.7316839946952847,-1.9229760670887053,4.65466006178399,-46.378816674374804,2.7316839946952847,-1.9229760670887053,4.65466006178399
2001-10-23 18:00:00,-73.0,0.0,-43.802561817777836,2.5762548565969654,-1.8994733598432472,4.475728216440213,-43.802561817777836,2.5762548565969654,-1.8994733598432472,4.475728216440213
2001-10-23 19:00:00,-73.0,-3.0,-41.38493953106157,2.4176222867162678,-1.892568367386096,4.310190654102364,-41.38493953106157,2.4176222867162678,-1.892568367386096,4.310190654102364
2001-10-23 20:00:00,-76.0,1.0,-39.14469995533764,2.2402395757239297,-1.917443495492603,4.157683071216533,-39.14469995533764,2.2402395757239297,-1.917443495492603,4.157683071216533
2001-10-23 21:00:00,-75.0,2.0,-36.985641820063336,2.1590581352743055,-1.8597589311766518,4.018817066450957,-36.985641820063336,2.1590581352743055,-1.8597589311766518,4.018817066450957
2001-10-23 22:00:00,-73.0,-1.0,-34.98915078106127,1.9964910390020643,-1.8907241768540624,3.8872152158561266,-34.98915078106127,1.9964910390020643,-1.8907241768540624,3.8872152158561266
2001-10-23 23:00:00,-74.0,2.0,-33.119694025419626,1.869456755641642,-1.898015162678383,3.767471918320025,-33.119694025419626,1.869456755641642,-1.898015162678383,3.767471918320025
2001-10-24 00:00:00,-72.0,6.0,-31.31014092891529,1.809553096504337,-1.8474929197310292,3.657046016235366,-31.31014092891529,1.809553096504337,-1.8474929197310292,3.657046016235366
2001-10-24 01:00:00,-66.0,7.0,-29.550242128701754,1.7598988002135334,-1.7918240985547436,3.551722898768277,-29.550242128701754,1.7598988002135334,-1.7918240985547436,3.551722898768277
2001-10-24 02:00:00,-59.0,2.0,-27.938048320989918,1.612193807711835,-1.838572184134213,3.450765991846048,-27.938048320989918,1.612193807711835,-1.838572184134213,3.450765991846048
2001-10-24 03:00:00,-57.0,3.0,-26.38806842799756,1.549979892992358,-1.8095797934445603,3.3595596864369184,-26.38806842799756,1.549979892992358,-1.8095797934445603,3.3595596864369184
2001-10-24 04:00:00,-54.0,-2.0,-24.94179434455992,1.4462740834376395,-1.8267506369890703,3.2730247204267098,-24.94179434455992,1.4462740834376395,-1.8267506369890703,3.2730247204267098
2001-10-24 05:00:00,-56.0,-1.0,-23.622423741466772,1.3193706030931474,-1.8739272964269758,3.193297899520123,-23.622423741466772,1.3193706030931474,-1.8739272964269758,3.193297899520123
2001-10-24 06:00:00,-57.0,1.0,-22.318627476185974,1.3037962652807984,-1.8176278847486862,3.1214241500294846,-22.318627476185974,1.3037962652807984,-1.8176278847486862,3.1214241500294846
2001-10-24 07:00:00,-56.0,1.0,-21.060235517182566,1.258391959003408,-1.792810526048622,3.05120248505203,-21.060235517182566,1.258391959003408,-1.792810526048622,3.05120248505203
2001-10-24 08:00:00,-55.0,1.0,-19.840384400712416,1.2198511164701493,-1.7643327931818624,2.9841839096520117,-19.840384400712416,1.2198511164701493,-1.7643327931818624,2.9841839096520117
2001-10-24 09:00:00,-54.0,1.0,-18.656954492493522,1.1834299082188944,-1.7364983825937192,2.9199282908126136,-18.656954492493522,1.1834299082188944,-1.7364983825937192,2.9199282908126136
2001-10-24 10:00:00,-53.0,2.0,-17.519968104016684,1.1369863884768372,-1.721273088666461,2.858259477143298,-17.519968104016684,1.1369863884768372,-1.721273088666461,2.858259477143298
2001-10-24 11:00:00,-51.0,2.0,-16.42462668629912,1.0953414177175613,-1.7042893805109838,2.799630798228545,-16.42462668629912,1.0953414177175613,-1.7042893805109838,2.799630798228545
2001-10-24 12:00:00,-49.0,2.0,-15.37464146829706,1.0499852180020608,-1.693738895141672,2.743724113143733,-15.37464146829706,1.0499852180020608,-1.693738895141672,2.743724113143733
2001-10-24 13:00:00,-47.0,2.0,-14.373429806674867,1.0012116616221924,-1.6894500799508954,2.690661741573088,-14.373429806674867,1.0012116616221924,-1.6894500799508954,2.690661741573088
2001-10-24 14:00:00,-45.0,0.0,-13.413455253094702,0.9599745535801656,-1.6805722325059866,2.6405467860861522,-13.413455253094702,0.9599745535801656,-1.6805722325059866,2.6405467860861522
2001-10-24 15:00:00,-45.0,0.0,-12.485692313349547,0.9277629397451548,-1.6651753859710972,2.592938325716252,-12.485692313349547,0.9277629397451548,-1.6651753859710972,2.592938325716252
2001-10-24 16:00:00,-45.0,2.0,-11.585301340787641,0.9003909725619073,-1.6469479214102947,2.547338893972202,-11.585301340787641,0.9003909725619073,-1.6469479214102947,2.547338893972202
2001-10-24 17:00:00,-43.0,2.0,-10.7209291445485,0.8643721962391417,-1.6390993896111725,2.5034715858503143,-10.7209291445485,0.8643721962391417,-1.6390993896111725,2.5034715858503143
2001-10-24 18:00:00,-41.0,-1.0,-9.868975469089957,0.851953675458542,-1.6097638937062575,2.4617175691647994,-9.868975469089957,0.851953675458542,-1.6097638937062575,2.4617175691647994
2001-10-24 19:00:00,-42.0,0.0,-9.05504459683078,0.8139308722591785,-1.6069761638322524,2.420907036091431,-9.05504459683078,0.8139308722591785,-1.6069761638322524,2.420907036091431
2001-10-24 20:00:00,-42.0,1.0,-8.271849952926152,0.7831946439046267,-1.599041855729315,2.3822364996339416,-8.271849952926152,0.7831946439046267,-1.599041855729315,2.3822364996339416
2001-10-24 21:00:00,-41.0,0.0,-7.51416336202642,0.7576865908997312,-1.587633607321848,2.3453201982215792,-7.51416336202642,0.7576865908997312,-1.587633607321848,2.3453201982215792
2001-10-24 22:00:00,-41.0,1.0,-6.7974060760833,0.7167572859431202,-1.5931232907660426,2.309880576709163,-6.7974060760833,0.7167572859431202,-1.5931232907660426,2.309880576709163
2001-10-24 23:00:00,-40.0,4.0,-6.1248192625582325,0.6725868135250679,-1.6040168813506164,2.2766036948756843,-6.1248192625582325,0.6725868135250679,-1.6040168813506164,2.2766036948756843
2001-10-25 00:00:00,-36.0,4.0,-5.470672819249021,0.6541464433092117,-1.5914506528416397,2.2455970961508513,-5.470672819249021,0.6541464433092117,-1.5914506528416397,2.2455970961508513
2001-10-25 01:00:00,-32.0,2.0,-4.83687198134806,0.6338008379009612,-1.581843706814299,2.21564454471526,-4.83687198134806,0.6338008379009612,-1.581843706814299,2.21564454471526
2001-10-25 02:00:00,-30.0,1.0,-4.220792246312861,0.6160797350351992,-1.5707356754701867,2.186815410505386,-4.220792246312861,0.6160797350351992,-1.5707356754701867,2.186815410505386
2001-10-25 03:00:00,-29.0,0.0,-3.618701765197726,0.6020904811151353,-1.5568828024039765,2.1589732835191118,-3.618701765197726,0.6020904811151353,-1.5568828024039765,2.1589732835191118
2001-10-25 04:00:00,-29.0,1.0,-3.028080455723961,0.5906213094737647,-1.5413144032614559,2.1319357127352205,-3.028080455723961,0.5906213094737647,-1.5413144032614559,2.1319357127352205
2001-10-25 05:00:00,-28.0,1.0,-2.4508210387568257,0.577259416967135,-1.5283192932334015,2.1055787102005366,-2.4508210387568257,0.577259416967135,-1.5283192932334015,2.1055787102005366
2001-10-25 06:00:00,-27.0,1.0,-1.8940602292170656,0.55676080953976,-1.5232156031563766,2.0799764126961366,-1.8940602292170656,0.55676080953976,-1.5232156031563766,2.0799764126961366
2001-10-25 07:00:00,-26.0,6.0,-1.3594424742908036,0.5346177549262621,-1.5208138666495417,2.0554316215758037,-1.3594424742908036,0.5346177549262621,-1.5208138666495417,2.0554316215758037
2001-10-25 08:00:00,-20.0,23.0,-0.856404977413092,0.5030374968777116,-1.528962615512018,2.0320001123897296,-0.856404977413092,0.5030374968777116,-1.528962615512018,2.0320001123897296
2001-10-25 09:00:00,3.0,2.0,-0.8090629854784286,0.047341991934663374,-1.9627333839072085,2.010075375841872,-0.8090629854784286,0.047341991934663374,-1.9627333839072085,2.010075375841872
2001-10-25 10:00:00,5.0,-6.0,-0.7163439611393954,0.09271902433903323,-1.9152990878972145,2.0080181122362477,-0.7163439611393954,0.09271902433903323,-1.9152990878972145,2.0080181122362477
2001-10-25 11:00:00,-1.0,-3.0,-0.611825296353981,0.10451866478541438,-1.8994733598432472,2.0039920246286616,-0.611825296353981,0.10451866478541438,-1.8994733598432472,2.0039920246286616
2001-10-25 12:00:00,-4.0,-1.0,-0.49790159497199715,0.11392370138198382,-1.8855347104732216,1.9994584118552055,-0.49790159497199715,0.11392370138198382,-1.8855347104732216,1.9994584118552055
2001-10-25 13:00:00,-5.0,-1.0,-0.40225182774290924,0.09564976722908791,-1.8988729257165384,1.9945226929456263,-0.40225182774290924,0.09564976722908791,-1.8988729257165384,1.9945226929456263
2001-10-25 14:00:00,-6.0,-1.0,-0.3412348309234523,0.06101699681945694,-1.9293664017229633,1.9903833985424202,-0.3412348309234523,0.06101699681945694,-1.9293664017229633,1.9903833985424202
2001-10-25 15:00:00,-7.0,0.0,-0.2660010870177134,0.07523374390573889,-1.9125113580232096,1.9877451019289485,-0.2660010870177134,0.07523374390573889,-1.9125113580232096,1.9877451019289485
2001-10-25 16:00:00,-7.0,-1.0,-0.17244520447806444,0.09355588253964897,-1.890938617613601,1.98449450015325,-0.17244520447806444,0.09355588253964897,-1.890938617613601,1.98449450015325
2001-10-25 17:00:00,-8.0,-2.0,-0.04947509368525771,0.12297011079280673,-1.85748585912554,1.9804559699183468,-0.04947509368525771,0.12297011079280673,-1.85748585912554,1.9804559699183468
2001-10-25 18:00:00,-10.0,-12.0,-2.0800945558676904,-2.0306194621824325,-4.00577343350499,1.9751539713225574,-2.0800945558676904,-2.0306194621824325,-4.00577343350499,1.9751539713225574
2001-10-25 19:00:00,-22.0,-13.0,-4.6987259454337345,-2.618631389566044,-4.682248125081802,2.063616735515758,-4.6987259454337345,-2.618631389566044,-4.682248125081802,2.063616735515758
2001-10-25 20:00:00,-35.0,-5.0,-5.400627310813682,-0.7019013653799484,-2.8824581091297974,2.180556743749849,-5.400627310813682,-0.7019013653799484,-2.8824581091297974,2.180556743749849
2001-10-25 21:00:00,-40.0,4.0,-4.959501704837557,0.4411256059761257,-1.771323561942829,2.2124491679189546,-4.959501704837557,0.4411256059761257,-1.771323561942829,2.2124491679189546
2001-10-25 22:00:00,-36.0,5.0,-4.508553595253716,0.45094810958384124,-1.741430520063113,2.1923786296469543,-4.508553595253716,0.45094810958384124,-1.741430520063113,2.1923786296469543
2001-10-25 23:00:00,-31.0,2.0,-4.043503441700673,0.4650501535530427,-1.7069055577773578,2.1719557113304004,-4.043503441700673,0.4650501535530427,-1.7069055577773578,2.1719557113304004
2001-10-26 00:00:00,-29.0,3.0,-3.580844202596129,0.4626592391045439,-1.6883349880012932,2.150994227105837,-3.580844202596129,0.4626592391045439,-1.6883349880012932,2.150994227105837
2001-10-26 01:00:00,-26.0,2.0,-3.130531744899585,0.45031245769654427,-1.67992891022737,2.1302413679239143,-3.130531744899585,0.45031245769654427,-1.67992891022737,2.1302413679239143
2001-10-26 02:00:00,-24.0,1.0,-2.6988635200036826,0.4316682248959025,-1.6784707130625058,2.1101389379584083,-2.6988635200036826,0.4316682248959025,-1.6784707130625058,2.1101389379584083
2001-10-26 03:00:00,-23.0,1.0,-2.28084339145469,0.41802012854899284,-1.6729381414664035,2.0909582700153964,-2.28084339145469,0.41802012854899284,-1.6729381414664035,2.0909582700153964
2001-10-26 04:00:00,-22.0,2.0,-1.8796413929344298,0.4012019985202602,-1.6712655035420005,2.0724675020622607,-1.8796413929344298,0.4012019985202602,-1.6712655035420005,2.0724675020622607
2001-10-26 05:00:00,-20.0,-3.0,-1.4983820658498561,0.38125932708457366,-1.673538575593112,2.0547979026776857,-1.4983820658498561,0.38125932708457366,-1.673538575593112,2.0547979026776857
2001-10-26 06:00:00,-23.0,-2.0,-1.187653228455106,0.3107288373947501,-1.7273478744726396,2.0380767118673897,-1.187653228455106,0.3107288373947501,-1.7273478744726396,2.0380767118673897
2001-10-26 07:00:00,-25.0,3.0,-1.8697818478425567,-0.6821286193874507,-2.7066279779704296,2.024499358582979,-1.8697818478425567,-0.6821286193874507,-2.7066279779704296,2.024499358582979
2001-10-26 08:00:00,-22.0,2.0,-2.3812931775404507,-0.5115113296978939,-2.5658759540661134,2.0543646243682194,-2.3812931775404507,-0.5115113296978939,-2.5658759540661134,2.0543646243682194
2001-10-26 09:00:00,-20.0,-2.0,-3.035338160853467,-0.6540449833130162,-2.730948301038983,2.0769033177259666,-3.035338160853467,-0.6540449833130162,-2.730948301038983,2.0769033177259666
2001-10-26 10:00:00,-22.0,0.0,-2.4932243588426095,0.5421138020108573,-1.5637877948611276,2.105901596871985,-2.4932243588426095,0.5421138020108573,-1.5637877948611276,2.105901596871985
2001-10-26 11:00:00,-22.0,0.0,-1.96701167236517,0.5262126864774395,-1.5556390459986513,2.081851732476091,-1.96701167236517,0.5262126864774395,-1.5556390459986513,2.081851732476091
2001-10-26 12:00:00,-22.0,0.0,-1.4505873357073176,0.5164243366578525,-1.542215054451519,2.0586393911093714,-1.4505873357073176,0.5164243366578525,-1.542215054451519,2.0586393911093714
2001-10-26 13:00:00,-22.0,-1.0,-0.9418061775860873,0.5087811581212303,-1.5272042012837992,2.0359853594050294,-0.9418061775860873,0.5087811581212303,-1.5272042012837992,2.0359853594050294
2001-10-26 14:00:00,-23.0,-2.0,-0.4503319493958209,0.4914742281902664,-1.5223149519663135,2.01378918015658,-0.4503319493958209,0.4914742281902664,-1.5223149519663135,2.01378918015658
2001-10-26 15:00:00,-25.0,2.0,-0.09268314894629315,0.35764880044952774,-1.6348147534131028,1.9924635538626305,-0.09268314894629315,0.35764880044952774,-1.6348147534131028,1.9924635538626305
2001-10-26 16:00:00,-23.0,2.0,-0.16489023107685585,-0.0722070821305627,-2.049223208907295,1.9770161267767323,-0.16489023107685585,-0.0722070821305627,-2.049223208907295,1.9770161267767323
2001-10-26 17:00:00,-21.0,3.0,0.31273916674217217,0.477629397819028,-1.5025006257849234,1.9801300236039514,0.31273916674217217,0.477629397819028,-1.5025006257849234,1.9801300236039514
2001-10-26 18:00:00,-18.0,6.0,0.7320320596637799,0.41929289292160776,-1.5402850876156693,1.959577980537277,0.7320320596637799,0.41929289292160776,-1.5402850876156693,1.959577980537277
2001-10-26 19:00:00,-12.0,-2.0,1.0833209841827245,0.35128892451894456,-1.5903355608920375,1.941624485410982,1.0833209841827245,0.35128892451894456,-1.5903355608920375,1.941624485410982
2001-10-26 20:00:00,-14.0,-2.0,1.4162865752513263,0.3329655910686018,-1.5936808367408435,1.9266464278094453,1.4162865752513263,0.3329655910686018,-1.5936808367408435,1.9266464278094453
2001-10-26 21:00:00,-16.0,3.0,1.4738633781649975,0.05757680291367118,-1.8549263641549825,1.9125031670686536,1.4738633781649975,0.05757680291367118,-1.8549263641549825,1.9125031670686536
2001-10-26 22:00:00,-13.0,-2.0,1.556083964394029,0.0822205862290315,-1.8278421953782713,1.9100627816073028,1.556083964394029,0.0822205862290315,-1.8278421953782713,1.9100627816073028
2001-10-26 23:00:00,-15.0,-2.0,1.5707124929948484,0.014628528600819424,-1.8919520448761862,1.9065805734770056,1.5707124929948484,0.014628528600819424,-1.8919520448761862,1.9065805734770056
2001-10-27 00:00:00,-17.0,-2.0,1.7348804453888378,0.1641679523939894,-1.741793406223193,1.9059613586171824,1.7348804453888378,0.1641679523939894,-1.741793406223193,1.9059613586171824
2001-10-27 01:00:00,-19.0,-6.0,1.7079574416660774,-0.026923003722760352,-1.9259421510024672,1.8990191472797069,1.7079574416660774,-0.026923003722760352,-1.9259421510024672,1.8990191472797069
2001-10-27 02:00:00,-25.0,-2.0,-0.13455309092285872,-1.8425105325889362,-3.7426673113991815,1.9001567788102454,-0.13455309092285872,-1.8425105325889362,-3.7426673113991815,1.9001567788102454
2001-10-27 03:00:00,-27.0,0.0,-3.6697991008567135,-3.5352460099338545,-5.514067460002021,1.9788214500681667,-3.6697991008567135,-3.5352460099338545,-5.514067460002021,1.9788214500681667
2001-10-27 04:00:00,-27.0,0.0,-3.6499718004234616,0.01982730043325187,-2.1143963815901943,2.134223682023446,-3.6499718004234616,0.01982730043325187,-2.1143963815901943,2.134223682023446
2001-10-27 05:00:00,-27.0,0.0,-3.3775303705916038,0.2724414298318576,-1.8608943057217975,2.133335735553655,-3.3775303705916038,0.2724414298318576,-1.8608943057217975,2.133335735553655
2001-10-27 06:00:00,-27.0,1.0,-2.9275995655155476,0.4499308050760562,-1.6712226153900929,2.121153420466149,-2.9275995655155476,0.4499308050760562,-1.6712226153900929,2.121153420466149
2001-10-27 07:00:00,-26.0,-1.0,-2.4931650580809475,0.4344345074345999,-1.6666764712878692,2.101110978722469,-2.4931650580809475,0.4344345074345999,-1.6666764712878692,2.101110978722469
2001-10-27 08:00:00,-27.0,0.0,-2.500385293554821,-0.007220235473873515,-2.0890693447376503,2.0818491092637768,-2.500385293554821,-0.007220235473873515,-2.0890693447376503,2.0818491092637768
2001-10-27 09:00:00,-27.0,1.0,-2.15661675169931,0.343768541855511,-1.7383999719243168,2.082168513779828,-2.15661675169931,0.343768541855511,-1.7383999719243168,2.082168513779828
2001-10-27 10:00:00,-26.0,2.0,-3.090434715638772,-0.9338179639394619,-3.0008062341476767,2.0669882702082147,-3.090434715638772,-0.9338179639394619,-3.0008062341476767,2.0669882702082147
2001-10-27 11:00:00,-24.0,-2.0,-3.4670631543642756,-0.37662843872550367,-2.4849820230933717,2.108353584367868,-3.4670631543642756,-0.37662843872550367,-2.4849820230933717,2.108353584367868
2001-10-27 12:00:00,-26.0,0.0,-3.1040984774882694,0.3629646768760062,-1.762188385586474,2.12515306246248,-3.1040984774882694,0.3629646768760062,-1.762188385586474,2.12515306246248
2001-10-27 13:00:00,-26.0,-1.0,-5.443824454512004,-2.3397259770237344,-4.448687866886139,2.108961889862405,-5.443824454512004,-2.3397259770237344,-4.448687866886139,2.108961889862405
2001-10-27 14:00:00,-27.0,1.0,-4.867475040627525,0.5763494138844787,-1.6380700739653862,2.214419487849865,-4.867475040627525,0.5763494138844787,-1.6380700739653862,2.214419487849865
2001-10-27 15:00:00,-26.0,1.0,-4.357623860792867,0.5098511798346581,-1.678351907052221,2.188203086886879,-4.357623860792867,0.5098511798346581,-1.678351907052221,2.188203086886879
2001-10-27 16:00:00,-25.0,1.0,-4.441454896499507,-0.0838310357066403,-2.2489726601000175,2.165141624393377,-4.441454896499507,-0.0838310357066403,-2.2489726601000175,2.165141624393377
2001-10-27 17:00:00,-24.0,3.0,-3.9470949571280514,0.4943599393714555,-1.674565117577684,2.1689250569491394,-3.9470949571280514,0.4943599393714555,-1.674565117577684,2.1689250569491394
2001-10-27 18:00:00,-21.0,3.0,-3.518061083674165,0.4290338734538863,-1.7176275957543006,2.146661469208187,-3.518061083674165,0.4290338734538863,-1.7176275957543006,2.146661469208187
2001-10-27 19:00:00,-18.0,-1.0,-3.0452101510215437,0.47285093265262135,-1.6545820124498778,2.127432945102499,-3.0452101510215437,0.47285093265262135,-1.6545820124498778,2.127432945102499
2001-10-27 20:00:00,-19.0,1.0,-2.5676755544619208,0.47753459655962294,-1.6288062331533077,2.1063408297129307,-2.5676755544619208,0.47753459655962294,-1.6288062331533077,2.1063408297129307
2001-10-27 21:00:00,-18.0,3.0,-2.0916067989394618,0.476068755522459,-1.6090776832757334,2.0851464387981924,-2.0916067989394618,0.476068755522459,-1.6090776832757334,2.0851464387981924
2001-10-27 22:00:00,-15.0,-3.0,-2.000849712518458,0.09075708642100389,-1.973366697657504,2.064123784078508,-2.000849712518458,0.09075708642100389,-1.973366697657504,2.064123784078508
2001-10-27 23:00:00,-18.0,2.0,-2.6570725745151353,-0.6562228619966772,-2.716351004723946,2.060128142727269,-2.6570725745151353,-0.6562228619966772,-2.716351004723946,2.060128142727269
2001-10-28 00:00:00,-16.0,1.0,-4.734871160519379,-2.0777985860042443,-4.166904574145252,2.0891059881410077,-4.734871160519379,-2.0777985860042443,-4.166904574145252,2.0891059881410077
2001-10-28 01:00:00,-15.0,-2.0,-7.328470951521016,-2.593599791001637,-4.7757932170658535,2.1821934260642166,-7.328470951521016,-2.593599791001637,-4.7757932170658535,2.1821934260642166
2001-10-28 02:00:00,-17.0,1.0,-10.187977765774658,-2.8595068142536415,-5.160743078866798,2.301236264613156,-10.187977765774658,-2.8595068142536415,-5.160743078866798,2.301236264613156
2001-10-28 03:00:00,-16.0,-39.0,-15.226969922816302,-5.038992157041643,-7.475140183917975,2.4361480268763316,-15.226969922816302,-5.038992157041643,-7.475140183917975,2.4361480268763316
2001-10-28 04:00:00,-55.0,-33.0,-32.794390054345264,-17.567420131528962,-20.250660658161156,2.6832405266321917,-32.794390054345264,-17.567420131528962,-20.250660658161156,2.6832405266321917
2001-10-28 05:00:00,-88.0,-21.0,-47.40036281564198,-14.605972761296712,-18.243971347703592,3.63799858640688,-47.40036281564198,-14.605972761296712,-18.243971347703592,3.63799858640688
2001-10-28 06:00:00,-109.0,-9.0,-60.326036386532984,-12.925673570891007,-17.467904994602,4.5422314237109935,-60.326036386532984,-12.925673570891007,-17.467904994602,4.5422314237109935
2001-10-28 07:00:00,-118.0,-16.0,-68.05128219161686,-7.72524580508388,-13.15130769828116,5.42606189319728,-68.05128219161686,-7.72524580508388,-13.15130769828116,5.42606189319728
2001-10-28 08:00:00,-134.0,-8.0,-78.07180415655148,-10.02052196493462,-16.012307652614147,5.991785687679528,-78.07180415655148,-10.02052196493462,-16.012307652614147,5.991785687679528
2001-10-28 09:00:00,-142.0,-7.0,-85.17029627949167,-7.0984921229401845,-13.865871029911194,6.767378906971009,-85.17029627949167,-7.0984921229401845,-13.865871029911194,6.767378906971009
2001-10-28 10:00:00,-149.0,-8.0,-90.27876811221154,-5.108471832719866,-12.453832412177608,7.345360579457742,-90.27876811221154,-5.108471832719866,-12.453832412177608,7.345360579457742
2001-10-28 11:00:00,-157.0,11.0,-93.498581460959,-3.219813348747466,-10.99577515842017,7.775961809672704,-93.498581460959,-3.219813348747466,-10.99577515842017,7.775961809672704
2001-10-28 12:00:00,-146.0,16.0,-91.69758150449692,1.8009999564620758,-6.252666248368969,8.053666204831044,-91.69758150449692,1.8009999564620758,-6.252666248368969,8.053666204831044
2001-10-28 13:00:00,-130.0,2.0,-90.075465954003,1.6221155504939313,-6.275616480053092,7.897732030547023,-90.075465954003,1.6221155504939313,-6.275616480053092,7.897732030547023
2001-10-28 14:00:00,-128.0,10.0,-84.26995868957492,5.805507264428072,-1.9530835497279604,7.758590814156032,-84.26995868957492,5.805507264428072,-1.9530835497279604,7.758590814156032
2001-10-28 15:00:00,-118.0,6.0,-79.23732489997948,5.03263378959544,-2.2381071489290205,7.270740938524461,-79.23732489997948,5.03263378959544,-2.2381071489290205,7.270740938524461
2001-10-28 16:00:00,-112.0,5.0,-76.69342139817593,2.5439035018035527,-4.316750880046304,6.860654381849857,-76.69342139817593,2.5439035018035527,-4.316750880046304,6.860654381849857
2001-10-28 17:00:00,-107.0,2.0,-76.77122793083815,-0.07780653266222615,-6.735698789973877,6.657892257311651,-76.77122793083815,-0.07780653266222615,-6.735698789973877,6.657892257311651
2001-10-28 18:00:00,-105.0,1.0,-77.49312110945259,-0.7218931786144367,-7.385941926448317,6.66404874783388,-77.49312110945259,-0.7218931786144367,-7.385941926448317,6.66404874783388
2001-10-28 19:00:00,-104.0,0.0,-75.2003138923672,2.2928072170853797,-4.428497434935728,6.721304652021107,-75.2003138923672,2.2928072170853797,-4.428497434935728,6.721304652021107
2001-10-28 20:00:00,-104.0,-5.0,-71.3529115047598,3.8474023876073984,-2.692897968532014,6.540300356139412,-71.3529115047598,3.8474023876073984,-2.692897968532014,6.540300356139412
2001-10-28 21:00:00,-109.0,3.0,-68.91290468149111,2.440006823268695,-3.802113859783961,6.242120683052656,-68.91290468149111,2.440006823268695,-3.802113859783961,6.242120683052656
2001-10-28 22:00:00,-106.0,10.0,-64.77295488068911,4.139949800802007,-1.916671508758263,6.05662130956027,-64.77295488068911,4.139949800802007,-1.916671508758263,6.05662130956027
2001-10-28 23:00:00,-96.0,13.0,-60.949788984846485,3.823165895842628,-1.9251204746840942,5.748286370526722,-60.949788984846485,3.823165895842628,-1.9251204746840942,5.748286370526722
2001-10-29 00:00:00,-83.0,4.0,-57.456920251422396,3.49286873342409,-1.977830013378744,5.470698746802834,-57.456920251422396,3.49286873342409,-1.977830013378744,5.470698746802834
2001-10-29 01:00:00,-79.0,6.0,-55.41685518263574,2.0400650687866553,-3.183032604295995,5.22309767308265,-55.41685518263574,2.0400650687866553,-3.183032604295995,5.22309767308265
2001-10-29 02:00:00,-73.0,7.0,-52.207445163538694,3.2094100190970485,-1.8717247255589198,5.0811347446559685,-52.207445163538694,3.2094100190970485,-1.8717247255589198,5.0811347446559685
2001-10-29 03:00:00,-66.0,-1.0,-49.17409384330843,3.03335132023027,-1.8284076921320715,4.8617590123623415,-49.17409384330843,3.03335132023027,-1.8284076921320715,4.8617590123623415
2001-10-29 04:00:00,-67.0,-8.0,-46.832655916296474,2.341437927011953,-2.3174294107645204,4.658867337776473,-46.832655916296474,2.341437927011953,-2.3174294107645204,4.658867337776473
2001-10-29 05:00:00,-75.0,-7.0,-49.73733539082869,-2.904679474532214,-7.409892328636232,4.505212854104018,-49.73733539082869,-2.904679474532214,-7.409892328636232,4.505212854104018
2001-10-29 06:00:00,-82.0,9.0,-46.898392876424005,2.8389425144046845,-1.857271418366001,4.696213932770686,-46.898392876424005,2.8389425144046845,-1.857271418366001,4.696213932770686
2001-10-29 07:00:00,-73.0,3.0,-44.20298430347305,2.6954085729509516,-1.8140830493948763,4.509491622345828,-44.20298430347305,2.6954085729509516,-1.8140830493948763,4.509491622345828
2001-10-29 08:00:00,-70.0,4.0,-41.67603410310581,2.526950200367241,-1.8087649185583126,4.335715118925553,-41.67603410310581,2.526950200367241,-1.8087649185583126,4.335715118925553
2001-10-29 09:00:00,-66.0,6.0,-39.29611801714485,2.379916085960963,-1.795984249289797,4.17590033525076,-39.29611801714485,2.379916085960963,-1.795984249289797,4.17590033525076
2001-10-29 10:00:00,-60.0,0.0,-37.826593842544725,1.4695241746001262,-2.558604540044768,4.028128714644894,-37.826593842544725,1.4695241746001262,-2.558604540044768,4.028128714644894
2001-10-29 11:00:00,-60.0,-1.0,-37.12625661485049,0.7003372276942361,-3.2378763702006017,3.938213597894838,-37.12625661485049,0.7003372276942361,-3.2378763702006017,3.938213597894838
2001-10-29 12:00:00,-61.0,1.0,-38.188684683606226,-1.0624280687557328,-4.958147535365127,3.895719466609394,-38.188684683606226,-1.0624280687557328,-4.958147535365127,3.895719466609394
2001-10-29 13:00:00,-60.0,-6.0,-40.19972868394366,-2.0110440003374372,-5.9713184619049,3.960274461567463,-40.19972868394366,-2.0110440003374372,-5.9713184619049,3.960274461567463
2001-10-29 14:00:00,-66.0,-1.0,-39.07686828103599,1.122860402907667,-2.961061028066245,4.083921430973912,-39.07686828103599,1.122860402907667,-2.961061028066245,4.083921430973912
2001-10-29 15:00:00,-67.0,0.0,-37.26330558979152,1.8135626912444698,-2.2010864739598093,4.014649165204279,-37.26330558979152,1.8135626912444698,-2.2010864739598093,4.014649165204279
2001-10-29 16:00:00,-67.0,-2.0,-37.925669818336765,-0.6623642285452438,-4.566381230413592,3.904017001868348,-37.925669818336765,-0.6623642285452438,-4.566381230413592,3.904017001868348
2001-10-29 17:00:00,-69.0,0.0,-37.536146140620524,0.38952367771623786,-3.554720131818915,3.944243809535153,-37.536146140620524,0.38952367771623786,-3.554720131818915,3.944243809535153
2001-10-29 18:00:00,-69.0,2.0,-36.62991767619491,0.9062284644256176,-3.014333758831695,3.9205622232573125,-36.62991767619491,0.9062284644256176,-3.014333758831695,3.9205622232573125
2001-10-29 19:00:00,-67.0,-1.0,-34.469236201209945,2.1606814749849597,-1.7050613672453236,3.8657428422302833,-34.469236201209945,2.1606814749849597,-1.7050613672453236,3.8657428422302833
2001-10-29 20:00:00,-68.0,4.0,-32.35016635262968,2.1190698485802653,-1.6175266492015639,3.736596497781829,-32.35016635262968,2.1190698485802653,-1.6175266492015639,3.736596497781829
2001-10-29 21:00:00,-64.0,10.0,-30.38281567910642,1.9673506735232553,-1.6447177375110906,3.612068411034346,-30.38281567910642,1.9673506735232553,-1.6447177375110906,3.612068411034346
2001-10-29 22:00:00,-54.0,6.0,-29.0897284862456,1.2930871928608214,-2.2052581057656377,3.498345298626459,-29.0897284862456,1.2930871928608214,-2.2052581057656377,3.498345298626459
2001-10-29 23:00:00,-48.0,0.0,-28.966959228360267,0.12276925788533477,-3.3018195645865154,3.42458882247185,-28.966959228360267,0.12276925788533477,-3.3018195645865154,3.42458882247185
2001-10-30 00:00:00,-48.0,0.0,-28.29715351678137,0.6698057115788951,-2.7478213136373077,3.417627025216203,-28.29715351678137,0.6698057115788951,-2.7478213136373077,3.417627025216203
2001-10-30 01:00:00,-48.0,-4.0,-28.187320565698766,0.1098329510826046,-3.269936578762848,3.3797695298454524,-28.187320565698766,0.1098329510826046,-3.269936578762848,3.3797695298454524
2001-10-30 02:00:00,-52.0,-2.0,-27.996261747214426,0.19105881848434159,-3.1825230620286944,3.373581880513036,-27.996261747214426,0.19105881848434159,-3.1825230620286944,3.373581880513036
2001-10-30 03:00:00,-54.0,2.0,-27.925426745341124,0.07083500187330305,-3.2919967234600374,3.3628317253333404,-27.925426745341124,0.07083500187330305,-3.2919967234600374,3.3628317253333404
2001-10-30 04:00:00,-52.0,3.0,-27.80158054453125,0.12384620080987307,-3.23500426682178,3.3588504676316533,-27.80158054453125,0.12384620080987307,-3.23500426682178,3.3588504676316533
2001-10-30 05:00:00,-49.0,0.0,-28.03370158013036,-0.23212103559910702,-3.584016434307545,3.351895398708438,-28.03370158013036,-0.23212103559910702,-3.584016434307545,3.351895398708438
2001-10-30 06:00:00,-49.0,-5.0,-28.673184756544735,-0.6394831764143749,-4.00442014766727,3.364936971252895,-28.673184756544735,-0.6394831764143749,-4.00442014766727,3.364936971252895
2001-10-30 07:00:00,-54.0,1.0,-29.597993413762257,-0.9248086572175218,-4.325805557497129,3.4009969002796074,-29.597993413762257,-0.9248086572175218,-4.325805557497129,3.4009969002796074
2001-10-30 08:00:00,-53.0,0.0,-30.757021207590668,-1.1590277938284128,-4.612513835034716,3.453486041206303,-30.757021207590668,-1.1590277938284128,-4.612513835034716,3.453486041206303
2001-10-30 09:00:00,-53.0,2.0,-31.76478970303817,-1.0077684954474995,-4.527604733546835,3.5198362380993355,-31.76478970303817,-1.0077684954474995,-4.527604733546835,3.5198362380993355
2001-10-30 10:00:00,-51.0,0.0,-31.94921482032836,-0.1844251172901923,-3.7624656144591717,3.5780404971689794,-31.94921482032836,-0.1844251172901923,-3.7624656144591717,3.5780404971689794
2001-10-30 11:00:00,-51.0,2.0,-30.739906399477277,1.2093084208510851,-2.37943532273145,3.588743743582535,-30.739906399477277,1.2093084208510851,-2.37943532273145,3.588743743582535
2001-10-30 12:00:00,-49.0,2.0,-29.155925823637165,1.5839805758401129,-1.9348713082687778,3.5188518841088907,-29.155925823637165,1.5839805758401129,-1.9348713082687778,3.5188518841088907
2001-10-30 13:00:00,-47.0,-3.0,-28.017918835293692,1.1380069883434718,-2.2903385833403322,3.428345571683804,-28.017918835293692,1.1380069883434718,-2.2903385833403322,3.428345571683804
2001-10-30 14:00:00,-50.0,1.0,-27.39468033489865,0.623238500395042,-2.7408109250619312,3.3640494254569733,-27.39468033489865,0.623238500395042,-2.7408109250619312,3.3640494254569733
2001-10-30 15:00:00,-49.0,6.0,-26.587395572371776,0.807284762526872,-2.521810306898158,3.32909506942503,-26.587395572371776,0.807284762526872,-2.521810306898158,3.32909506942503
2001-10-30 16:00:00,-43.0,6.0,-25.274408496732388,1.3129870756393884,-1.971102763758114,3.2840898393975024,-25.274408496732388,1.3129870756393884,-1.971102763758114,3.2840898393975024
2001-10-30 17:00:00,-37.0,1.0,-24.02378927081955,1.2506192259128397,-1.960927207742268,3.2115464336551076,-24.02378927081955,1.2506192259128397,-1.960927207742268,3.2115464336551076
2001-10-30 18:00:00,-36.0,-1.0,-22.519340238132024,1.5044490326875233,-1.638753238803561,3.1432022714910843,-22.519340238132024,1.5044490326875233,-1.638753238803561,3.1432022714910843
2001-10-30 19:00:00,-37.0,-3.0,-21.409788013488647,1.109552224643376,-1.9524085003509766,3.0619607249943526,-21.409788013488647,1.109552224643376,-1.9524085003509766,3.0619607249943526
2001-10-30 20:00:00,-40.0,-1.0,-20.18533924065522,1.2244487728334263,-1.7782767126572376,3.002725485490664,-20.18533924065522,1.2244487728334263,-1.7782767126572376,3.002725485490664
2001-10-30 21:00:00,-41.0,2.0,-19.212971282498064,0.9723679581571565,-1.9656599000370956,2.938027858194252,-19.212971282498064,0.9723679581571565,-1.9656599000370956,2.938027858194252
2001-10-30 22:00:00,-39.0,0.0,-18.356216963496042,0.856754319002023,-2.0303973507479545,2.8871516697499775,-18.356216963496042,0.856754319002023,-2.0303973507479545,2.8871516697499775
2001-10-30 23:00:00,-39.0,3.0,-17.64280900983288,0.7134079536631623,-2.1292849029407113,2.8426928566038736,-17.64280900983288,0.7134079536631623,-2.1292849029407113,2.8426928566038736
2001-10-31 00:00:00,-36.0,5.0,-16.831313621584684,0.8114953882481972,-1.9944404248061967,2.805935813054394,-16.831313621584684,0.8114953882481972,-1.9944404248061967,2.805935813054394
2001-10-31 01:00:00,-31.0,4.0,-15.762780661327584,1.0685329602570994,-1.6958828135404178,2.7644157737975172,-15.762780661327584,1.0685329602570994,-1.6958828135404178,2.7644157737975172
2001-10-31 02:00:00,-27.0,3.0,-14.992957824950029,0.7698228363775552,-1.9403936607703574,2.7102164971479126,-14.992957824950029,0.7698228363775552,-1.9403936607703574,2.7102164971479126
2001-10-31 03:00:00,-24.0,1.0,-14.183048421710657,0.8099094032393719,-1.8615918632223267,2.6715012664616986,-14.183048421710657,0.8099094032393719,-1.8615918632223267,2.6715012664616986
2001-10-31 04:00:00,-23.0,-1.0,-13.481959553169808,0.7010888685408476,-1.9299818169476404,2.631070685488488,-13.481959553169808,0.7010888685408476,-1.9299818169476404,2.631070685488488
2001-10-31 05:00:00,-24.0,-2.0,-12.9847818621009,0.4971776910689081,-2.0991436496484255,2.5963213407173336,-12.9847818621009,0.4971776910689081,-2.0991436496484255,2.5963213407173336
2001-10-31 06:00:00,-26.0,-2.0,-12.59611518197016,0.3886666801307417,-2.1831521285464826,2.5718188086772242,-12.59611518197016,0.3886666801307417,-2.1831521285464826,2.5718188086772242
2001-10-31 07:00:00,-28.0,3.0,-12.19097320918552,0.4051419727846386,-2.1476029833375487,2.5527449561221873,-12.19097320918552,0.4051419727846386,-2.1476029833375487,2.5527449561221873
2001-10-31 08:00:00,-25.0,2.0,-11.794186268104266,0.3967869410812539,-2.136151207827977,2.532938148909231,-11.794186268104266,0.3967869410812539,-2.136151207827977,2.532938148909231
2001-10-31 09:00:00,-23.0,1.0,-11.5796923289643,0.2144939391399645,-2.299120638479248,2.5136145776192125,-11.5796923289643,0.2144939391399645,-2.299120638479248,2.5136145776192125
2001-10-31 10:00:00,-22.0,0.0,-11.43353625838112,0.14615607058318192,-2.3570434367211552,2.503199507304337,-11.43353625838112,0.14615607058318192,-2.3570434367211552,2.503199507304337
2001-10-31 11:00:00,-22.0,3.0,-11.205851334160435,0.22768492422068354,-2.2684301452488382,2.4961150694695218,-11.205851334160435,0.22768492422068354,-2.2684301452488382,2.4961150694695218
2001-10-31 12:00:00,-19.0,4.0,-10.826472584398775,0.37937874976166075,-2.1057200384473402,2.485098788209001,-10.826472584398775,0.37937874976166075,-2.1057200384473402,2.485098788209001
2001-10-31 13:00:00,-15.0,13.0,-10.456527710412413,0.3699448739863631,-2.096852214595914,2.466797088582277,-10.456527710412413,0.3699448739863631,-2.096852214595914,2.466797088582277
2001-10-31 14:00:00,-2.0,-3.0,-11.199403700421739,-0.7428759900093254,-3.191891620115123,2.4490156301057975,-11.199403700421739,-0.7428759900093254,-3.191891620115123,2.4490156301057975
2001-10-31 15:00:00,-5.0,-3.0,-12.664488978743602,-1.465085278321864,-3.949872459690406,2.484787181368542,-12.664488978743602,-1.465085278321864,-3.949872459690406,2.484787181368542
2001-10-31 16:00:00,-8.0,-1.0,-13.804340027997856,-1.1398510492542542,-3.6959463096025265,2.5560952603482723,-13.804340027997856,-1.1398510492542542,-3.6959463096025265,2.5560952603482723
2001-10-31 17:00:00,-9.0,-2.0,-14.493486262488215,-0.6891462344903583,-3.301417617289979,2.6122713827996207,-14.493486262488215,-0.6891462344903583,-3.301417617289979,2.6122713827996207
2001-10-31 18:00:00,-11.0,-4.0,-13.450071222404228,1.0434150400839877,-1.6031162301605533,2.646531270244541,-13.450071222404228,1.0434150400839877,-1.6031162301605533,2.646531270244541
2001-10-31 19:00:00,-15.0,-14.0,-19.206440519848634,-5.7563692974444045,-8.351115591093814,2.594746293649409,-19.206440519848634,-5.7563692974444045,-8.351115591093814,2.594746293649409
2001-10-31 20:00:00,-29.0,-16.0,-25.09785154604082,-5.891411026192185,-8.7782224959374,2.886811469745214,-25.09785154604082,-5.891411026192185,-8.7782224959374,2.886811469745214
2001-10-31 21:00:00,-45.0,-15.0,-33.59923660000111,-8.501385053960295,-11.703238397207494,3.2018533432471985,-33.59923660000111,-8.501385053960295,-11.703238397207494,3.2018533432471985
2001-10-31 22:00:00,-60.0,-21.0,-41.88580931226366,-8.286572712262544,-11.971787940595396,3.6852152283328534,-41.88580931226366,-8.286572712262544,-11.971787940595396,3.6852152283328534
2001-10-31 23:00:00,-81.0,0.0,-48.600341308996285,-6.714531996732626,-10.903585161951888,4.189053165219262,-48.600341308996285,-6.714531996732626,-10.903585161951888,4.189053165219262
2001-11-01 00:00:00,-81.0,,-53.699789173123136,-5.0994478641268515,-9.720424951858675,4.6209770877318235,-53.699789173123136,-5.0994478641268515,-9.720424951858675,4.6209770877318235
