Timestamp,Observed_DST,Real_dDST_dt,Pred_DST_Equation,Pred_dDST_dt_Equation,Injection_Component,Decay_Component,Pred_DST_Burton,Pred_dDST_dt_Burton,Pred_DST_OBM,Pred_dDST_dt_OBM,Pred_DST_DDM1,Pred_dDST_dt_DDM1,Pred_DST_DDM2,Pred_dDST_dt_DDM2,Pred_DST_DDM3,Pred_dDST_dt_DDM3
2002-07-31 00:00:00,3.0,-2.0,6.231252191356134,0.23125219135613448,-0.0,0.23125219135613448,4.683617416411657,-1.316382583588343,5.492370993922339,-0.5076290060776607,5.758596234463931,-0.24140376553606951,5.768908,-0.23109200000000008,5.667024587219374,-0.33297541278062553
2002-07-31 01:00:00,1.0,-3.0,6.197662658691161,-0.033589532664972915,-0.26077029361473675,0.22718076094976383,4.22291880498797,-0.4606986114236875,5.29266959920059,-0.19970139472174964,5.220194598556828,-0.5384016359071027,5.548366239504199,-0.2205417604958,5.031596786186452,-0.6354278010329215
2002-07-31 02:00:00,-2.0,-2.0,6.425432552905337,0.22776989421417632,-0.0,0.22776989421417632,0.8146133828897035,-3.408305422098266,3.7305710548887596,-1.56209854431183,5.098494508779093,-0.12170008977773511,5.337893059460811,-0.21047318004338877,4.7971177961763365,-0.2344789900101159
2002-07-31 03:00:00,-4.0,-2.0,6.649222500144015,0.22378994723867782,-0.0,0.22378994723867782,-0.3541100216168047,-1.1687234045065082,3.1618799227741263,-0.5686911321146333,4.995422919346508,-0.10307158943258538,5.137028790408146,-0.20086426905266497,4.585151879119085,-0.21196591705725204
2002-07-31 04:00:00,-6.0,1.0,6.869136209142878,0.21991370899886345,-0.0,0.21991370899886345,-1.1622126118544713,-0.8081025902376666,2.7296833462482955,-0.4321965765258309,4.9017459315333305,-0.0936769878131769,4.9453347485651715,-0.1916940418429749,4.392173034763094,-0.19297884435599028
2002-07-31 05:00:00,-5.0,3.0,7.085273808841831,0.2161375996989522,-0.0,0.2161375996989522,-2.589803856691031,-1.4275912448365595,1.9891523456313571,-0.7405310006169383,4.838015390506757,-0.06373054102657355,4.7623922777543894,-0.18294247081078208,4.2203734672411795,-0.17179956752191472
2002-07-31 06:00:00,-2.0,1.0,7.297732001778975,0.21245819293714405,-0.0,0.21245819293714405,-1.769559237262044,0.820244619428987,2.2625225993872995,0.27337025375594237,4.7372403267927075,-0.10077506371404998,4.587801835064632,-0.17459044268975732,4.055601103137363,-0.16477236410381685
2002-07-31 07:00:00,-1.0,-1.0,7.506604209653304,0.20887220787432853,-0.0,0.20887220787432853,-0.2803195435137482,1.4892396937482957,2.828347378463473,0.5658247790761735,4.580390668536476,-0.15684965825623148,4.4211821182568665,-0.16661971680776566,3.8889105282860887,-0.1666905748512741
2002-07-31 08:00:00,-2.0,-2.0,7.7119807115191525,0.2053765018658485,-0.0,0.2053765018658485,-2.4141685011346112,-2.133848957620863,1.7178593131704076,-1.1104880652930653,4.490747330276937,-0.08964333825953924,4.262169233007285,-0.15901288524958135,3.751346661433078,-0.13756386685301103
2002-07-31 09:00:00,-4.0,0.0,7.913948775044412,0.2019680635252594,-0.0,0.2019680635252594,-3.99481574942428,-1.5806472482896687,0.852935015000849,-0.8649242981695586,4.443618188335884,-0.04712914194105361,4.110415898168955,-0.15175333483832976,3.6335059171786344,-0.11784074425444357
2002-07-31 10:00:00,-4.0,4.0,8.112592781235762,0.19864400619134887,-0.0,0.19864400619134887,-3.6457517908345807,0.3490639585896993,0.8685206669171937,0.015585651916344645,4.380337116539751,-0.0632810717961329,3.9655906873163342,-0.14482521085262068,3.522006051214252,-0.11149986596438205
2002-07-31 11:00:00,0.0,3.0,8.210337074345583,0.09774429310982137,-0.09765726866199635,0.19540156177181772,-1.529300213321516,2.1164515775130646,1.6848176914109647,0.8162970244937711,4.137717519902903,-0.24261959663684823,3.8273773049161974,-0.13821338240013703,3.278829004863718,-0.24317704635053417
2002-07-31 12:00:00,3.0,-8.0,4.2390705316942165,-3.9712665426513665,-4.165082429394166,0.19381588674279973,-7.006185848335274,-5.476885635013758,-4.60132978855146,-6.286147479962425,-0.7784895732914636,-4.916207093194367,-1.6192360650992628,-5.44661337001546,-1.518321003025592,-4.79715000788931
2002-07-31 13:00:00,-5.0,-5.0,0.012194812133461852,-4.226875719560755,-4.490316898846071,0.263441179285317,-16.41851830509795,-9.412332456762677,-12.76676183667745,-8.16543204812599,-5.602362395401076,-4.823872822109612,-6.96525276866539,-5.346016703566127,-6.2650029440756985,-4.746681941050107
2002-07-31 14:00:00,-10.0,-6.0,-4.975521380463258,-4.98771619259672,-5.336979549265887,0.34926335666916764,-25.72546304957573,-9.306944744477779,-21.233559752015235,-8.466797915337786,-10.92642344668874,-5.324061051287664,-12.821562219967225,-5.8563094513018354,-11.414004101794658,-5.14900115771896
2002-07-31 15:00:00,-16.0,-5.0,-9.201002945856384,-4.2254815653931255,-4.69155342752257,0.466071862129445,-33.45601042173476,-7.73054737215903,-28.114050211354755,-6.880490459339519,-15.035009695853933,-4.108586249165192,-17.28291778776813,-4.461355567800907,-15.465316114579583,-4.051312012784924
2002-07-31 16:00:00,-21.0,1.0,-11.942117159048621,-2.741114213192237,-3.319305317904411,0.5781911047121742,-37.9567447389891,-4.5007343172543415,-32.34852747563652,-4.234477264281768,-17.25226506658915,-2.217255370735216,-19.537622243316186,-2.2547044555480564,-17.787123470729792,-2.321807356150211
2002-07-31 17:00:00,-20.0,5.0,-11.2847369876692,0.6573801713794214,-0.0,0.6573801713794214,-35.64505694088264,2.311687798106462,-31.926523812276162,0.42200366336036055,-16.370215648015858,0.8820494185732937,-18.602823468063164,0.9347987752530205,-16.79692774286197,0.990195727867822
2002-07-31 18:00:00,-15.0,3.0,-10.646811226011724,0.6379257616574753,-0.0,0.6379257616574753,-33.10251318062274,2.542543760259896,-31.19339394161814,0.733129870658022,-15.51875625309536,0.8514593949204985,-17.71070185587573,0.8921216121874352,-15.83621440828033,0.9607133345816412
2002-07-31 19:00:00,-12.0,2.0,-10.027484781063125,0.6193264449485991,-0.0,0.6193264449485991,-30.266746182136004,2.83576699848674,-30.153430258830404,1.0399636827877359,-14.69837603808632,0.8203802150090392,-16.859309029952858,0.851392825922872,-14.912996903146958,0.9232175051333726
2002-07-31 20:00:00,-10.0,0.0,-9.425952123291736,0.6015326577713879,-0.0,0.6015326577713879,-27.09218302313013,3.1745631590058743,-28.814038826655235,1.3393914321751694,-13.90687958067508,0.7914964574112398,-16.046785564395744,0.8125234655571131,-14.031438378825426,0.8815585243215314
2002-07-31 21:00:00,-10.0,0.0,-8.841453737104516,0.5844983861872204,-0.0,0.5844983861872204,-25.462895675852213,1.6292873472779164,-28.06529605839011,0.7487427682651244,-13.144141899091624,0.7627376815834552,-15.271356923256656,0.7754286411390885,-13.183037960616296,0.84840041820913
2002-07-31 22:00:00,-10.0,-1.0,-8.273272872721034,0.5681808643834823,-0.0,0.5681808643834823,-23.072849942483952,2.390045733368261,-26.868495324419424,1.1968007339706865,-12.407179932999506,0.7369619660921166,-14.531329584985835,0.7400273382708207,-12.372861867747137,0.810176092869159
2002-07-31 23:00:00,-11.0,-1.0,-7.720732569963847,0.5525403027571866,-0.0,0.5525403027571866,-22.81474012939038,0.25810981309357217,-26.57072054948122,0.2977747749382047,-11.699732909953001,0.7074470230465055,-13.82508734381233,0.7062422411735054,-11.591680006305523,0.7811818614416128
2002-08-01 00:00:00,-12.0,-2.0,-7.18319292772438,0.5375396422394668,-0.0,0.5375396422394668,-21.619954201572064,1.194785927818316,-25.777283438090635,0.7934371113905847,-11.017266168572045,0.6824667413809569,-13.151087779981022,0.6739995638313064,-10.843906719808622,0.7477732864969009
2002-08-01 01:00:00,-14.0,2.0,-6.678239167992925,0.504953759731455,-0.018190572270173695,0.5231443320016287,-20.28317587038179,1.3367783311902741,-24.86058890076837,0.9166945373222646,-10.356701377061679,0.6605647915103648,-12.507858891136935,0.6432288888440865,-10.129252219778182,0.7146545000304397
2002-08-01 02:00:00,-12.0,2.0,-6.750040913138224,-0.07180174514529925,-0.5816013880635276,0.5097996429182283,-19.030819354711525,1.2523565156702645,-23.770584052652254,1.0900048481161164,-9.954503740876406,0.402197636185273,-11.893995877499803,0.6138630136371318,-9.86538243964464,0.2638697801335424
2002-08-01 03:00:00,-10.0,0.0,-7.125334014048217,-0.3752931009099938,-0.8869797730185608,0.511686672108567,-16.38650538878818,2.6443139659233452,-22.184563677394067,1.5860203752581867,-9.897458166390564,0.05704557448584263,-11.308158073807808,0.5858378036919942,-10.018008151195513,-0.152625711550874
2002-08-01 04:00:00,-10.0,14.0,-6.833488563105693,0.29184545094252423,-0.22976106620550032,0.5216065171480245,-16.510177435260882,-0.12367204647270214,-21.8148211951644,0.3697424822296682,-9.268975119376481,0.6284830470140832,-10.749066021329899,0.5590920524779104,-9.342308583265556,0.6756995679299563
2002-08-01 05:00:00,4.0,-11.0,-10.590095143590494,-3.7566065804848012,-4.270490728978379,0.5138841484935773,-18.03348987933604,-1.5233124440751595,-24.99064471059426,-3.1758235154298617,-13.067466241640847,-3.7984911222643656,-15.030555552340855,-4.281489531010957,-13.362578279309394,-4.020269696043838
2002-08-01 06:00:00,-7.0,-13.0,-16.224596252557742,-5.634501108967249,-6.252187263609406,0.6176861546421565,-29.60215148276219,-11.568661603426147,-34.034302704091466,-9.043657993497206,-18.728079038335707,-5.66061279669486,-21.421047843662933,-6.390492291322077,-19.043907709386566,-5.681329430077171
2002-08-01 07:00:00,-20.0,7.0,-15.433328918724003,0.7912673338337394,-0.0,0.7912673338337394,-24.122386079639977,5.479765403122212,-31.614542726440988,2.419759977650479,-17.834359248480883,0.8937197898548233,-20.40026343856552,1.0207844050974109,-18.08685655888963,0.957051150496939
2002-08-01 08:00:00,-13.0,5.0,-14.66773366990217,0.765595248821833,-0.0,0.765595248821833,-20.945562442998444,3.176823636641533,-30.1090852731633,1.505457453277689,-16.976195915734124,0.858163332746759,-19.426081771580765,0.9741816669847544,-17.167757936361095,0.9190986225285322
2002-08-01 09:00:00,-8.0,4.0,-13.926574622509165,0.7411590473930042,-0.0,0.7411590473930042,-19.090862340765877,1.8547001022325666,-29.09274780201323,1.0163374711500701,-16.138612666879904,0.8375832488542191,-18.496375248293283,0.9297065232874824,-16.266005486945854,0.9017524494152411
2002-08-01 10:00:00,-4.0,-17.0,-18.858978248270628,-4.932403625761464,-5.650283978098708,0.7178803523372436,-18.802266926798488,0.2885954139673892,-30.968463353496112,-1.8757155514828838,-20.60686150618759,-4.468248839307687,-23.060458588059376,-4.564083339766094,-20.064268948930973,-3.79826346198512
2002-08-01 11:00:00,-21.0,-13.0,-27.640210425275257,-8.781232177004629,-9.661021123230475,0.8797889462258455,-30.21065371703633,-11.408386790237842,-39.91993477652181,-8.951471423025701,-28.663038323367445,-8.056176817179852,-31.137054251653787,-8.07659566359441,-26.691314368527085,-6.6270454195961115
2002-08-01 12:00:00,-34.0,-17.0,-41.78696129330753,-14.14675086803227,-15.355501115491187,1.2087502474589167,-52.139055387244234,-21.928401670207904,-55.663131816242995,-15.743197039721181,-41.506095606564216,-12.843057283196767,-43.74744775132717,-12.610393499673384,-37.10209865170767,-10.410784283180584
2002-08-01 13:00:00,-51.0,1.0,-48.52610433772118,-6.739143044413655,-8.587516751833903,1.8483737074202473,-62.48069568447539,-10.341640297231159,-62.51307355571937,-6.849941739476378,-46.11930425024384,-4.613208643679624,-48.74641319694713,-4.998965445619955,-41.42739649972568,-4.3252978480180095
2002-08-01 14:00:00,-50.0,7.0,-49.400142917737256,-0.8740385800160748,-3.074698611451177,2.200660031435102,-54.81395257572859,7.6667431087468,-59.51502405779958,2.9980494979197942,-44.346368713069374,1.7729355371744693,-47.696600499263944,1.0498126976831852,-40.72011452638159,0.707281973344088
2002-08-01 15:00:00,-43.0,-1.0,-47.15154314230648,2.2485997754307787,-0.0,2.2485997754307787,-46.978291800100884,7.835660775627709,-56.6305771340509,2.8844469237486763,-42.39928757566456,1.947081137404818,-45.47623595456062,2.2203645447033207,-39.25156600244567,1.4685485239359206
2002-08-01 16:00:00,-44.0,10.0,-45.0252308279032,2.126312314403278,-0.0,2.126312314403278,-43.09005089597781,3.888240904123073,-55.20967344803135,1.4209036860195496,-40.484196139435625,1.9150914362289313,-43.357239599726505,2.118996354834117,-37.61242550113695,1.6391405013087235
2002-08-01 17:00:00,-34.0,5.0,-43.01141050865991,2.013820319243294,-0.0,2.013820319243294,-31.677574342468944,11.412476553508867,-50.04000142568114,5.169672022350213,-38.76843037834173,1.7157657610938934,-41.33498358662653,2.022256013099974,-36.36078730190214,1.2516381992348071
2002-08-01 18:00:00,-29.0,5.0,-41.10131205254577,1.9100984561141372,-0.0,1.9100984561141372,-24.912916151621097,6.764658190847847,-46.765056303368496,3.2749451223126442,-37.176137951854535,1.5922924264871947,-39.40505134621022,1.929932240416309,-35.24814655335847,1.1126407485436747
2002-08-01 19:00:00,-24.0,2.0,-39.287059296327385,1.8142527562183866,-0.0,1.8142527562183866,-22.085201725673347,2.8277144259477502,-45.10149707309742,1.6635592302710762,-35.59920242087608,1.5769355309784514,-37.56322794280804,1.8418234034021792,-34.0055792670631,1.2425672862953658
2002-08-01 20:00:00,-22.0,5.0,-37.56155844837356,1.7255008479538232,-0.0,1.7255008479538232,-18.546741991215946,3.538459734457401,-42.950798749225235,2.1506983238721844,-34.08085987516784,1.5183425457082427,-35.805490868791274,1.7577370740167666,-32.75898655378488,1.2465927132782204
2002-08-01 21:00:00,-17.0,-1.0,-35.91840286298886,1.6431555853846946,-0.0,1.6431555853846946,-17.223986112965804,1.3227558782501418,-41.68930427442995,1.2614944747952848,-32.58067473027198,1.5001851448958556,-34.12800125949111,1.6774896093001663,-31.419573191889043,1.3394133618958357
2002-08-01 22:00:00,-18.0,21.0,-34.351791442612004,1.5666114203768597,-0.0,1.5666114203768597,-15.551180829645332,1.6728052833204714,-40.165054829045026,1.5242494453849247,-31.123646275461095,1.4570284548108858,-32.52709550919049,1.6009057503006179,-30.061315110722607,1.3582580811664369
2002-08-01 23:00:00,3.0,-27.0,-33.59254192652011,0.7592495160918884,-0.7360834877539149,1.4953330038458033,-2.0278619892148484,13.523318840430484,-32.866130660253795,7.298924168791231,-30.10251788917019,1.0211283862909049,-31.362910519965027,1.1641849892254599,-29.58389379834955,0.4774213123730562
2002-08-02 00:00:00,-24.0,-27.0,-44.650800402281774,-11.058258475761658,-12.519643817386005,1.461385341624347,-39.76686167282705,-37.7389996836122,-55.18397604428198,-22.317845384028182,-40.67758693982306,-10.57506905065287,-42.82002357100561,-11.457113051040587,-39.11146337085928,-9.527569572509734
2002-08-02 01:00:00,-51.0,-10.0,-54.42351649893973,-9.772716096657957,-11.767043839148828,1.9943277424908705,-67.16548995276574,-27.39862827993869,-71.70957348262046,-16.52559743833848,-49.758983156593956,-9.081396216770901,-53.2519265963266,-10.431903025320983,-48.07446202053649,-8.9629986496772
2002-08-02 02:00:00,-61.0,-9.0,-63.16813350474178,-8.744617005802048,-11.278757227262128,2.534140221460079,-86.51906922602213,-19.353579273256386,-83.2327936456932,-11.52322016307275,-57.42004574996844,-7.661062593374485,-62.00236306715143,-8.750436470824829,-55.71931847919476,-7.644856458658273
2002-08-02 03:00:00,-70.0,-24.0,-72.40394811300852,-9.235814608266748,-12.307723497720621,3.0719088894538733,-100.81141871283856,-14.292349486816434,-91.73469968837352,-8.501906042680318,-65.03139349227082,-7.611347742302386,-70.30885509333893,-8.306492026187499,-62.90494603087496,-7.185627551680198
2002-08-02 04:00:00,-94.0,-8.0,-80.52119113745132,-8.117243024442795,-11.81327143025133,3.6960284058085358,-103.37381622668731,-2.562397513848751,-93.7115213211005,-1.9768216327269812,-70.23231180444108,-5.200918312170265,-75.84179053970902,-5.532935446370091,-67.57238874491364,-4.667442714038673
2002-08-02 05:00:00,-102.0,17.0,-76.22900960399267,4.292181533458666,-0.0,4.292181533458666,-92.441818308741,10.931997917946305,-90.46893620196226,3.2425851191382407,-66.9426831277282,3.2896286767128746,-72.33648971067772,3.5053008290312944,-64.63160527826147,2.940783466652163
2002-08-02 06:00:00,-85.0,14.0,-72.25760855918702,3.971401044805649,-0.0,3.971401044805649,-80.451393920373,11.990424388368012,-86.11573953059207,4.353196671370199,-63.827469906337534,3.1152132213906665,-68.9912193598999,3.345270350777824,-61.776335254059134,2.8552700242023374
2002-08-02 07:00:00,-71.0,5.0,-68.57191889958064,3.685689659606378,-0.0,3.685689659606378,-68.01289131382947,12.438502606543523,-81.03383816444551,5.081901366146553,-60.8521835394213,2.9752863669162393,-65.79867347992594,3.1925458799739657,-59.10248288588583,2.6738523681733075
2002-08-02 08:00:00,-66.0,8.0,-65.1418446140644,3.4300742855162403,-0.0,3.4300742855162403,-61.27836253217117,6.734528781658298,-78.13729492551987,2.896543238925645,-58.05583130148301,2.79635223793829,-62.75187961067442,3.046793869251516,-56.41822354963456,2.684259336251266
2002-08-02 09:00:00,-58.0,12.0,-61.94140606193153,3.2004385521328627,-0.0,3.2004385521328627,-53.5500618569349,7.7283006752362695,-74.4234492368451,3.713845688674766,-55.401997692041455,2.653833609441553,-59.84418361171063,2.907695998963788,-53.827091416909916,2.591132132724648
2002-08-02 10:00:00,-46.0,6.0,-58.948055313670785,2.9933507482607453,-0.0,2.9933507482607453,-43.03817304663653,10.511888810298373,-69.1341305328462,5.289318703998902,-52.84345541602165,2.55854227601981,-57.06923512972914,2.774948481981495,-51.46880238568725,2.35828903122267
2002-08-02 11:00:00,-40.0,-11.0,-56.14212438528682,2.8059309283839635,-0.0,2.8059309283839635,-34.66435051222576,8.37382253441077,-64.58580751807048,4.548323014775718,-50.413300169785444,2.430155246236205,-54.42097372950175,2.6482614002273843,-49.31076222208618,2.1580401636010667
2002-08-02 12:00:00,-51.0,-7.0,-53.50637709987937,2.635747285407446,-0.0,2.635747285407446,-33.10378049872921,1.5605700134965517,-62.973704409952845,1.612103108117637,-48.102112085176614,2.311188084608828,-51.89361565800114,2.527358071500613,-47.068230237465855,2.2425319846203275
2002-08-02 13:00:00,-58.0,9.0,-51.02564247494533,2.4807346249340414,-0.0,2.4807346249340414,-36.78593859205847,-3.6821580933292637,-63.61626821948198,-0.6425638095291362,-46.06003509155946,2.04207699361715,-49.4816412127931,2.411974445208035,-44.74992146149842,2.318308775967438
2002-08-02 14:00:00,-49.0,5.0,-48.68651277857677,2.3391296963685573,-0.0,2.3391296963685573,-25.816244827319633,10.969693764738839,-57.406184465120596,6.210083754361385,-43.96140120996134,2.0986338815981256,-47.179782687110425,2.301858525682674,-42.65390855145285,2.0960129100455682
2002-08-02 15:00:00,-44.0,-11.0,-48.8895630700221,-0.20305029144533115,-2.4124697911034536,2.2094194996581225,-25.10978481364503,0.7064600136746009,-55.63602190116307,1.770162563957527,-42.255158037006176,1.7062431729551624,-45.178457863743546,2.0013248233668777,-41.31902689513366,1.3348816563191903
2002-08-02 16:00:00,-55.0,6.0,-49.52540415982335,-0.6358410898012536,-2.85637356380559,2.220532474004336,-30.519193499725596,-5.409408686080564,-57.037964407628046,-1.4019425064649766,-41.45436010421469,0.800797932791484,-43.96749514226646,1.2109627214770853,-40.762067633029545,0.5569592621041188
2002-08-02 17:00:00,-49.0,4.0,-50.019527451571946,-0.4941232917485965,-2.7496357832095195,2.255512491460923,-32.542803301355114,-2.0236098016295188,-56.99098348029776,0.04698092733028858,-40.645663196434136,0.8086969077805568,-42.744170920939936,1.2233242213265187,-40.16969260034314,0.5923750326864046
2002-08-02 18:00:00,-45.0,-2.0,-52.04134060269511,-2.0218131511231623,-4.304697995844718,2.2828848447215555,-37.427352144765024,-4.88454884340991,-58.97594948003501,-1.9849659997372555,-41.59447975021977,-0.9488165537856332,-43.73264739357014,-0.9884764726302036,-41.31974813040178,-1.1500555300586353
2002-08-02 19:00:00,-47.0,-6.0,-55.299669782463916,-3.2583291797688068,-5.654933725824017,2.39660454605521,-46.2760712509997,-8.848719106234675,-63.440930075422344,-4.464980595387331,-43.96553435130215,-2.3710546010823816,-46.45030336598296,-2.7176559724128246,-43.880437692574795,-2.560689562173016
2002-08-02 20:00:00,-53.0,-8.0,-60.007485571360654,-4.707815788896737,-7.293506157806794,2.5856903689100568,-55.73885276686674,-9.462781515867043,-68.71044857589564,-5.269518500473296,-47.768192713299186,-3.8026583619970338,-50.778933904249186,-4.328630538266223,-47.677248285299555,-3.7968105927247606
2002-08-02 21:00:00,-61.0,-8.0,-64.60913965121595,-4.601654079855303,-7.473225420664542,2.8715713408092394,-59.58223888732401,-3.843386120457268,-71.05323203567977,-2.3427834597841297,-50.94374988606191,-3.1755571727627196,-54.30215514712374,-3.5232212428745573,-50.62028064250054,-2.9430323572009813
2002-08-02 22:00:00,-69.0,13.0,-65.25738855048468,-0.6482488992687228,-3.813737749600427,3.1654888503317045,-64.08226716106343,-4.500028273739417,-72.95909019436897,-1.905858158689199,-50.279910615016405,0.6638392710455037,-53.40422634732761,0.8979287997961316,-50.18604229614251,0.43423834635802616
2002-08-02 23:00:00,-56.0,6.0,-65.70213120625456,-0.44474265576988614,-3.652787136244857,3.208044480474971,-50.69802538140513,13.384241779658296,-66.46536530028703,6.493724894081936,-48.694480785591445,1.58542982942496,-52.39435529946081,1.0098710478667923,-49.16762031141873,1.018421984723783
2002-08-03 00:00:00,-50.0,-7.0,-67.24353735886456,-1.5414061526099907,-4.778811020770614,3.237404868160623,-54.29343591222508,-3.5954105308199473,-67.98700558962751,-1.521640289340482,-48.69972568022591,-0.005244894634463537,-52.62382160831827,-0.229466308857464,-49.30370327314389,-0.13608296172515533
2002-08-03 01:00:00,-57.0,5.0,-67.54511349791736,-0.3015761390527967,-3.6417743972162766,3.34019825816348,-57.343427393202916,-3.0499914809778375,-69.14549658870254,-1.1584909990750276,-47.82953986208269,0.8701858181432185,-51.59044165289788,1.0333799554203902,-48.604952926767375,0.6987503463765102
2002-08-03 02:00:00,-52.0,-3.0,-66.24900856627698,1.2961049316403708,-2.064392762067463,3.360497693707834,-53.185082093362496,4.15834529984042,-66.70471925665419,2.4407773320483557,-45.64858962527078,2.18095023681191,-49.192308268242726,2.3981333846551514,-46.398480831850435,2.2064720949169385
2002-08-03 03:00:00,-55.0,2.0,-65.14860827015897,1.1004002961180168,-2.173290884566437,3.273691180684454,-50.44557305712328,2.7395090362392125,-64.86796918418025,1.836750072473933,-43.62816579178748,2.0204238334833002,-46.903658905410616,2.288649362832113,-44.54236072762789,1.856120104222549
2002-08-03 04:00:00,-53.0,0.0,-64.10772040961604,1.0408878605429361,-2.15999567506586,3.200883535608796,-45.58322950817799,4.86234354894529,-61.98673997101868,2.881229213161575,-41.704239732151294,1.923926059636188,-44.719495197291835,2.1841637081187804,-42.79441143142523,1.7479492962026528
2002-08-03 05:00:00,-53.0,4.0,-63.68586375532853,0.42185665428750463,-2.710910394323662,3.1327670486111665,-42.207884138060045,3.375345370117948,-59.87127681761132,2.1154631534073616,-40.487534795274804,1.216704936876492,-43.345103779547955,1.374391417743881,-41.71376460457222,1.0806468268530098
2002-08-03 06:00:00,-49.0,2.0,-65.52568651362748,-1.839822758298948,-4.945191810341811,3.105369052042863,-46.62338830232399,-4.415504164263943,-62.02807633926966,-2.1567995216583427,-41.862530642274336,-1.3749958469995334,-44.82518068851869,-1.4800769089707353,-42.987611347699975,-1.273846743127756
2002-08-03 07:00:00,-47.0,2.0,-64.0896489176318,1.4360375959956755,-1.7897029927364094,3.225740588732085,-41.88244622694859,4.740942075375401,-59.14121477820693,2.88686156106273,-39.94807791999266,1.9144527222816745,-42.735907513142166,2.089273175376529,-41.017962503190006,1.9696488445099671
2002-08-03 08:00:00,-45.0,4.0,-60.958058011180185,3.1315909064516196,-0.0,3.1315909064516196,-31.06356886803457,10.818877358914019,-53.83018740556368,5.311027372643252,-38.17008137223827,1.7779965477543909,-40.7420177019233,1.9938898112188652,-39.35096876803169,1.6669937351583137
2002-08-03 09:00:00,-41.0,0.0,-58.02694493259551,2.9311130785846764,-0.0,2.9311130785846764,-31.90175175958407,-0.8381828915495007,-53.679519381391955,0.15066802417172198,-36.423348565094706,1.7467328071435648,-38.83915663706235,1.902861064860951,-37.50671586420591,1.844252903825784
2002-08-03 10:00:00,-41.0,-2.0,-55.27746759726532,2.7494773353301913,-0.0,2.7494773353301913,-27.793818881425437,4.107932878158632,-51.098091184332674,2.5814281970592816,-34.75460338504093,1.6687451800537776,-37.02316850582741,1.8159881312349486,-35.73347280104153,1.7732430631643774
2002-08-03 11:00:00,-43.0,-1.0,-54.63977241071901,0.6376951865463112,-1.946682464566599,2.58437765111291,-24.629965094968043,3.163853786457395,-48.621325940417165,2.4767652439155086,-33.4130500044227,1.3415533806182325,-35.485240326042174,1.5379281797852309,-34.515106222352195,1.2183665786893376
2002-08-03 12:00:00,-44.0,5.0,-52.09295660763982,2.546815803079189,-0.0,2.546815803079189,-19.100413306281425,5.529551788686618,-45.25866336436817,3.362662576048997,-31.90626408681484,1.5067859176078595,-33.82237138698309,1.6628689390590803,-32.98922944592672,1.5258767764254737
2002-08-03 13:00:00,-39.0,8.0,-50.02696613209298,2.065990475546843,-0.33355346722279183,2.399543942769635,-15.373378303150421,3.7270350031310038,-42.46997462982805,2.7886887345401163,-30.47832767885826,1.4279364079565793,-32.23541881703748,1.586952569945618,-31.551157679396784,1.4380717665299332
2002-08-03 14:00:00,-31.0,2.0,-47.743667954360966,2.2832981777320147,-0.0,2.2832981777320147,-12.007363144284266,3.366015158866155,-39.95046656455635,2.519508065271701,-29.12849711563022,1.3498305632280396,-30.72091674167727,1.5145020753602063,-30.200760038547603,1.3503976408491796
2002-08-03 15:00:00,-29.0,2.0,-45.585485233278746,2.1581827210822184,-0.0,2.1581827210822184,-11.637201994590221,0.3701611496940451,-38.75703904724122,1.1934275173151292,-27.807833702287596,1.3206634133426243,-29.27555751689025,1.4453592247870226,-28.826590492892368,1.3741695456552352
2002-08-03 16:00:00,-27.0,7.0,-43.54232143380735,2.0431637994713943,-0.0,2.0431637994713943,-12.665137361448283,-1.0279353668580615,-38.17129820597461,0.5857408412666132,-26.515151298360454,1.2926824039271427,-27.89618450534777,1.3793730115424796,-27.42136574406108,1.4052247488312877
2002-08-03 17:00:00,-20.0,2.0,-41.6051445693167,1.9371768644906526,-0.0,1.9371768644906526,-8.069063561696447,4.596073799751835,-34.97987171677235,3.1914264892022572,-25.30881419070162,1.2063371076588336,-26.579785182368298,1.316399322979471,-26.156609476599613,1.2647562674614667
2002-08-03 18:00:00,-18.0,5.0,-39.765849839810144,1.8392947295065571,-0.0,1.8392947295065571,-5.341825833795744,2.727237727900704,-32.63674290943513,2.343128807337223,-24.17757243862947,1.1312417520721534,-25.323484556620233,1.2563006257480647,-24.98808073494035,1.168528741659261
2002-08-03 19:00:00,-13.0,-5.0,-38.01714308458366,1.7487067552264886,-0.0,1.7487067552264886,-1.7900845281761306,3.551741305619613,-29.913540581757125,2.7232023276780026,-23.149868358620125,1.0277040800093429,-24.124538891194977,1.1989456654252564,-23.964253098305186,1.023827636635165
2002-08-03 20:00:00,-18.0,-3.0,-36.63265783420563,1.3844852503780265,-0.28021638541907296,1.6647016357970994,-0.6219490553964064,1.1681354727797242,-28.200546383355125,1.7129941984020007,-22.170645151889286,0.9792232067308388,-22.980329711337195,1.1442091798577816,-22.983268524275033,0.9809845740301535
2002-08-03 21:00:00,-21.0,5.0,-35.03299812824752,1.5996597059581121,-0.0,1.5996597059581121,-0.7489856560093386,-0.1270366006129322,-27.191478056180962,1.0090683271741625,-21.207428763735905,0.963216388153382,-21.888358085745264,1.0919716255919312,-21.992301459413216,0.9909670648618181
2002-08-03 22:00:00,-16.0,6.0,-33.506875178555276,1.5261229496922473,-0.0,1.5261229496922473,0.37127914969096665,1.1202648057003053,-25.626688560406635,1.5647894957743276,-20.29508529290543,0.9123434708304736,-20.846239168952362,1.042118916792901,-21.05383620544307,0.9384652539701468
2002-08-03 23:00:00,-10.0,-1.0,-32.04929570864718,1.4575794699080948,-0.0,1.4575794699080948,1.4256448573784795,1.0543657076875128,-24.113644992800687,1.5130435676059477,-19.433109428968603,0.861975863936828,-19.851696992868888,0.9945421760834756,-20.1681118660253,0.8857243394177698
2002-08-04 00:00:00,-11.0,-5.0,-30.65571086969615,1.3935848389510281,-0.0,1.3935848389510281,0.4295056290326045,-0.996139228345875,-23.567464984249355,0.5461800085513318,-18.568377251399525,0.8647321775690773,-18.902559496111,0.9491374967578871,-19.25395062400721,0.9141612420180896
2002-08-04 01:00:00,-16.0,-13.0,-29.321967670975962,1.3337431987201904,-0.0,1.3337431987201904,-0.42445656150695754,-0.853962190539562,-22.983101044951262,0.5843639392980933,-17.711210255840523,0.8571669955590031,-17.99675378025947,0.905805715851527,-18.332206880543996,0.921743743463213
2002-08-04 02:00:00,-29.0,-6.0,-34.925920936425854,-5.603953265449892,-6.8816542719844565,1.2777010065345646,-14.51199413982426,-14.087537578317303,-32.35292415390299,-9.369823108951728,-23.500661879775627,-5.789451623935106,-24.371572586886916,-6.374818806627444,-23.614899371683507,-5.282692491139509
2002-08-04 03:00:00,-35.0,-13.0,-40.67580155819522,-5.749880621769363,-7.271142991997264,1.521262370227901,-21.685902240109613,-7.173908100285352,-37.96444819195442,-5.611524038051428,-28.886610712529016,-5.385948832753389,-30.0998744366901,-5.7283018498031835,-28.212860013735874,-4.597960642052368
2002-08-04 04:00:00,-48.0,-10.0,-45.290727634157875,-4.614926075962654,-6.408163389983451,1.7932373140207976,-28.831937711051957,-7.146035470942344,-42.85528180178254,-4.890833609828121,-32.721601208785266,-3.8349904962562475,-34.281055930511315,-4.181181493821211,-31.567630397404507,-3.3547703836686327
2002-08-04 05:00:00,-58.0,1.0,-48.01808408306023,-2.7273564489023565,-4.7550557796449135,2.027699330742557,-33.33236644219247,-4.5004287311405164,-45.78019477226589,-2.924912970483348,-34.432850457708135,-1.711249248922866,-36.296711982192946,-2.0156560516816295,-33.2264173240259,-1.6587869266213953
2002-08-04 06:00:00,-57.0,11.0,-46.86444443107503,1.1536396519852032,-1.0193935815894504,2.1730332335746536,-31.116371281885446,2.2159951603070276,-44.228026937715036,1.5521678345508505,-32.86979818914362,1.5630522685645103,-34.59679623786471,1.699915744328239,-31.732874215197437,1.4935431088284667
2002-08-04 07:00:00,-46.0,3.0,-44.75349951932498,2.110944911750049,-0.0,2.110944911750049,-25.76396534915843,5.352405932727017,-41.60173950746363,2.626287430251409,-31.38809936820267,1.4816988209409525,-32.97448819194067,1.6223080459240393,-30.330437268191048,1.4024369470063893
2002-08-04 08:00:00,-43.0,1.0,-42.75383476996017,1.9996647493648139,-0.0,1.9996647493648139,-21.96495814246009,3.799007206698338,-39.52925289251348,2.0724866149501437,-29.972021758087887,1.4160776101147825,-31.426244754199043,1.5482434377416305,-28.978305325714363,1.3521319424766838
2002-08-04 09:00:00,-42.0,-2.0,-40.85680495990583,1.8970298100543446,-0.0,1.8970298100543446,-17.68003131463736,4.28492682782273,-37.103730123983944,2.4255227685295395,-28.634319550809078,1.3377022072788107,-29.948684590127552,1.4775601640714897,-27.71510900014511,1.2631963255692535
2002-08-04 10:00:00,-44.0,6.0,-39.05464307201636,1.8021618878894692,-0.0,1.8021618878894692,-16.41713784085464,1.2628934737827215,-35.962858899987836,1.1408712239961076,-27.330816565688938,1.3035029851201412,-28.538580736152557,1.4101038539749946,-26.43863189765224,1.2764771024928698
2002-08-04 11:00:00,-38.0,1.0,-37.340351034885295,1.7142920371310644,-0.0,1.7142920371310644,-12.860932625943533,3.556205214911106,-33.68626348504846,2.2765954149393792,-26.100566896205912,1.2302496694830265,-27.19285355201136,1.3457271841411982,-25.249342964542073,1.1892889331101655
2002-08-04 12:00:00,-37.0,5.0,-35.707606438479985,1.632744596405308,-0.0,1.632744596405308,-12.572746544894338,0.2881860810491954,-32.848036883244134,0.8382266018043225,-24.896890565475786,1.2036763307301257,-25.908563994875866,1.2842895571354935,-24.045307413779458,1.2040355507626153
2002-08-04 13:00:00,-32.0,3.0,-34.15068255689573,1.5569238815842528,-0.0,1.5569238815842528,-9.782060375917776,2.7906861689765616,-30.812513940901503,2.035522942342631,-23.75766229680798,1.1392282686678077,-24.682907200538402,1.2256567943374634,-22.917632379760285,1.127675034019172
2002-08-04 14:00:00,-29.0,0.0,-32.664379508435424,1.4863030484603106,-0.0,1.4863030484603106,-8.178607096124955,1.6034532797928218,-29.288501457647875,1.5240124832536281,-22.667406916533114,1.0902553802748658,-23.513206357641103,1.1697008428973,-21.8349101087923,1.0827222709679842
2002-08-04 15:00:00,-29.0,3.0,-31.243964779368284,1.4204147290671398,-0.0,1.4204147290671398,-7.2710746732495135,0.9075324228754411,-28.061527373344624,1.2269740843032508,-21.616389014259877,1.0510179022732362,-22.396906861570308,1.116299496070793,-20.781717336926533,1.0531927718657688
2002-08-04 16:00:00,-26.0,1.0,-29.88512165414239,1.3588431252258932,-0.0,1.3588431252258932,-4.077760494871185,3.193314178378328,-25.770979681212957,2.2905476921316676,-20.646469636667756,0.9699193775921189,-21.331570735248206,1.0653361263221013,-19.834578988466937,0.947138348459597
2002-08-04 17:00:00,-25.0,1.0,-28.58390434899164,1.3012173051507512,-0.0,1.3012173051507512,-4.802461496328023,-0.7247010014568378,-25.275358823921607,0.49562085729134964,-19.684874474337157,0.9615951623306,-20.314871304636796,1.016699430611411,-18.869625288341656,0.9649537001252817
2002-08-04 18:00:00,-24.0,0.0,-27.33669885113233,1.2472054978593121,-0.0,1.2472054978593121,-3.424600239625164,1.3778612567028592,-23.814796914111025,1.4605619098105826,-18.772628948055385,0.9122455262817721,-19.344588117325603,0.9702831873111925,-17.958244294290715,0.9113809940509414
2002-08-04 19:00:00,-24.0,-7.0,-26.140188632345552,1.1965102187867778,-0.0,1.1965102187867778,-2.6175119368945623,0.8070883027306017,-22.623069467921127,1.1917274461898977,-17.899825314426312,0.8728036336290734,-18.418602093105438,0.9259860242201653,-17.085414980939902,0.8728293133508114
2002-08-04 20:00:00,-31.0,3.0,-24.99132454162588,1.148864090719675,-0.0,1.148864090719675,-5.069202239868989,-2.451690302974427,-22.939704117380813,-0.31663464945968656,-17.01593346155364,0.8838918528726714,-17.534890895937117,0.8837111971683215,-16.175891328236602,0.909523652703301
2002-08-04 21:00:00,-28.0,1.0,-23.887298292921457,1.1040262487044201,-0.0,1.1040262487044201,-4.391367516990677,0.6778347228783126,-21.832876249560474,1.1068278678203392,-16.16898914634133,0.8469443152123068,-16.69152451720764,0.8433663787294785,-15.307429799423893,0.86846152881271
2002-08-04 22:00:00,-27.0,2.0,-22.825519055631506,1.0617792372899524,-0.0,1.0617792372899524,-4.014976869335456,0.3763906476552208,-20.881933274939314,0.9509429746211602,-15.354726323995195,0.8142628223461372,-15.88666106062772,0.8048634565799198,-14.474273573715287,0.8331562257086071
2002-08-04 23:00:00,-25.0,4.0,-21.803592731269994,1.0219263243615109,-0.0,1.0219263243615109,-4.019904309716608,-0.004927440381152337,-20.12580108543648,0.7561321895028357,-14.567771967736185,0.78695435625901,-15.118542719564982,0.7681183410627387,-13.66976739313969,0.8045061805755975
2002-08-05 00:00:00,-21.0,4.0,-20.819303562561082,0.9842891687089105,-0.0,0.9842891687089105,-3.8922109296109433,0.127693380105665,-19.3300302821655,0.7957708032709796,-13.809160215256966,0.7586117524792177,-14.38549193802737,0.7330507815376115,-12.896414151175106,0.7733532419645837
2002-08-05 01:00:00,-17.0,2.0,-19.870597773596835,0.948705788964249,-0.0,0.948705788964249,-1.9971876661162753,1.895023263494668,-17.744742521613418,1.585287760552081,-13.103548448410509,0.7056117668464571,-13.68590774691246,0.6995841911149107,-12.18476770409313,0.7116464470819761
2002-08-05 02:00:00,-15.0,0.0,-18.955568983474738,0.9150287901220976,-0.0,0.9150287901220976,-0.3690453617404863,1.628142304375789,-16.305531655924767,1.4392108656886506,-12.452272438777097,0.6512760096334125,-13.01826226752108,0.6676454793913792,-11.533358875352784,0.651408828740345
2002-08-05 03:00:00,-15.0,0.0,-18.07244517257729,0.8831238108974493,-0.0,0.8831238108974493,0.018222618315075323,0.3872679800555616,-15.460514379056184,0.8450172768685835,-11.83135224407107,0.620920194706028,-12.381097374699014,0.6371648928220671,-10.913581506980771,0.6197773683720136
2002-08-05 04:00:00,-15.0,1.0,-17.219577011596677,0.8528681609806112,-0.0,0.8528681609806112,0.417573768242697,0.39935114992762166,-14.6342747009643,0.8262396780918841,-11.24073244214585,0.5906198019252196,-11.773021512319112,0.6080758623799024,-10.325268394340833,0.5883131126399379
2002-08-05 05:00:00,-14.0,1.0,-16.39542738954711,0.824149622049566,-0.0,0.824149622049566,3.0404078457927177,2.6228340775500207,-12.810779535171037,1.823495165793263,-10.73897193017354,0.5017605119723101,-11.192706654148921,0.5803148581701897,-9.832805022354863,0.4924633719859692
2002-08-05 06:00:00,-13.0,-2.0,-15.59856199916052,0.7968653903865901,-0.0,0.7968653903865901,4.751218860151269,1.7108110143585513,-11.430683913438225,1.3800956217328118,-10.30871582533507,0.4302561048384682,-10.638885403466405,0.5538212506825165,-9.418227458552327,0.4145775638025364
2002-08-05 07:00:00,-15.0,1.0,-14.827640856893538,0.7709211422669808,-0.0,0.7709211422669808,1.4194374622286574,-3.3317813979226116,-12.39171928631624,-0.9610353728780154,-9.794984069665754,0.513731755669318,-10.11034822508936,0.5285371783770445,-8.907933023372438,0.5102944351798886
2002-08-05 08:00:00,-14.0,0.0,-14.081410650829653,0.7462302060638852,-0.0,0.7462302060638852,1.2917260147412222,-0.12771144748743524,-11.904236256042779,0.4874830302734612,-9.297016596312053,0.4979674733536998,-9.605940803773365,0.5044074213159957,-8.413670260830898,0.49426276254154017
2002-08-05 09:00:00,-14.0,2.0,-13.35869782348835,0.7227128273413033,-0.0,0.7227128273413033,0.22989409307201925,-1.061831921669203,-11.869249339036541,0.034986917006238016,-8.792480032068214,0.5045365642438394,-9.124561523209016,0.48137928056434853,-7.914231596961519,0.49943866386937835
2002-08-05 10:00:00,-12.0,3.0,-12.658402308322573,0.7002955151657771,-0.0,0.7002955151657771,0.8802304087229018,0.6503363156508826,-11.07027044811213,0.7989788909244115,-8.322228162007855,0.47025187006035973,-8.66515906011266,0.4594024630963558,-7.449244044051002,0.46498755291051724
2002-08-05 11:00:00,-9.0,1.0,-11.979491848802903,0.67891045951967,-0.0,0.67891045951967,1.3866994439289613,0.5064690352060595,-10.359540771346904,0.7107296767652258,-7.8826722394530195,0.43955592255483594,-8.226730088156136,0.4384289719565242,-7.014909227672931,0.4343348163780717
2002-08-05 12:00:00,-8.0,-1.0,-11.320996837705717,0.6584950110971863,-0.0,0.6584950110971863,2.457553876825422,1.0708544328964607,-9.410981658238725,0.9485591131081783,-7.489382297201719,0.39328994225130026,-7.80831708672097,0.4184130014351669,-6.625751832705692,0.3891573949672388
2002-08-05 13:00:00,-9.0,-1.0,-10.682005621754962,0.6389912159507545,-0.0,0.6389912159507545,0.9870871681153304,-1.4704667087100916,-9.650971265942024,-0.2399896077032988,-7.071783995387163,0.4175983018145568,-7.409006249691374,0.3993108370295959,-6.215603912912772,0.4101479197929204
2002-08-05 14:00:00,-10.0,-3.0,-10.061660223290056,0.6203453984649063,-0.0,0.6203453984649063,-0.073601547085822,-1.0606887152011524,-9.722800960436524,-0.07182969449450027,-6.644924182691506,0.42685981269565715,-7.027925489718902,0.38108075997247237,-5.80065798471987,0.41494592819290166
2002-08-05 15:00:00,-13.0,1.0,-9.459152436294083,0.6025077869959735,-0.0,0.6025077869959735,-0.8363758601248072,-0.7627743130389852,-9.677159907730148,0.04564105270637597,-6.217693170176028,0.42723101251547824,-6.664242533600099,0.3636829561188031,-5.389744367602708,0.41091361711716234
2002-08-05 16:00:00,-12.0,0.0,-8.873720259041649,0.5854321772524339,-0.0,0.5854321772524339,0.5417103037268873,1.3780861638516946,-8.666507716198822,1.0106521915313262,-5.839174419703377,0.3785187504726506,-6.3171631046075,0.3470794289925987,-5.022242183158518,0.36750218444418986
2002-08-05 17:00:00,-12.0,0.0,-8.370747879296271,0.502972379745378,-0.066103249376803,0.569075629122181,0.005238024676955888,-0.5364722790499314,-8.547559534147528,0.11894818205129454,-5.462464323408883,0.37671009629449365,-5.985929187804215,0.33123391680328496,-4.659924280535269,0.36231790262324914
2002-08-05 18:00:00,-12.0,3.0,-7.81553985166838,0.5552080276278918,-0.0,0.5552080276278918,-1.5315202188039123,-1.5367582434808682,-8.911821627035787,-0.36426209288825895,-5.066060051272428,0.3964042721364548,-5.66981737455358,0.3161118132506353,-4.287510653632748,0.37241362690252106
2002-08-05 19:00:00,-9.0,-1.0,-8.457445087228306,-0.6419052355599266,-1.1820040850856957,0.540098849525769,-1.994872426642715,-0.4633522078388026,-9.0531969948726,-0.14137536783681348,-5.77505219024734,-0.7089921389749123,-6.093616661857239,-0.4237992873036591,-5.12751989456632,-0.8400092409335722
2002-08-05 20:00:00,-10.0,-1.0,-9.570065759405546,-1.11262067217724,-1.6702068529541192,0.5575861807768792,-2.9268228141716968,-0.9319503875289818,-9.870240191409714,-0.8170431965371137,-6.9815811160321894,-1.2065289257848493,-7.179484413927364,-1.0858677520701245,-6.421537846496884,-1.2940179519305635
2002-08-05 21:00:00,-11.0,0.0,-9.287290869323742,0.28277489008180307,-0.3057822361433728,0.5885571262251759,-1.894643901014291,1.0321789131574057,-9.126035920149064,0.7442042712606494,-6.569794175062549,0.41178694096964,-6.808882209416586,0.3706022045107775,-6.069982864400457,0.3515549820964269
2002-08-05 22:00:00,-11.0,4.0,-8.706684408914258,0.5806064604094844,-0.0,0.5806064604094844,-0.5942592727398619,1.3003846282744291,-8.289018911982563,0.8370170081665016,-6.199844067480562,0.36995010758198754,-6.455199422360213,0.35368278705637324,-5.691830244399212,0.3781526200012452
2002-08-05 23:00:00,-7.0,2.0,-8.14223314611145,0.5644512628028094,-0.0,0.5644512628028094,0.6713100549054687,1.2655693276453306,-7.467922851380877,0.8210960606016862,-5.873174341954098,0.32666972552646495,-6.1176636162116935,0.33753580614851963,-5.354686856738811,0.3371433876604019
2002-08-06 00:00:00,-5.0,-2.0,-7.593269053661788,0.5489640924496612,-0.0,0.5489640924496612,0.024105080440641302,-0.6472049744648274,-7.5272928736530975,-0.05937002227222088,-5.534663654484051,0.33851068747004676,-5.795537619126708,0.3221259970849861,-5.0098429809730955,0.3448438757657153
2002-08-06 01:00:00,-7.0,-3.0,-9.207222643460883,-1.6139535897990946,-2.1480620878171455,0.5341084980180508,-5.760685405236178,-5.784790485676819,-11.134935018779856,-3.607642145126759,-7.2900914288094825,-1.7554277743254314,-7.562645500698792,-1.7671078815720842,-6.886880713674704,-1.8770377327016083
2002-08-06 02:00:00,-10.0,-1.0,-9.291261961374717,-0.08403931791383479,-0.6624043548923593,0.5783650369785245,-5.70715351982949,0.05353188540668796,-10.870813085115293,0.2641219336645637,-7.216972823581289,0.07311860522819402,-7.174550517406714,0.3880949832920775,-6.895080486179767,-0.008199772505062736
2002-08-06 03:00:00,-11.0,-1.0,-9.737647328104485,-0.4463853667297685,-1.0271031063967195,0.5807177396669511,-5.573094901652254,0.1340586181772352,-10.71638191964121,0.1544311654740831,-7.558992600233285,-0.3420197766519966,-7.221027000472586,-0.04647648306587171,-7.329506666710321,-0.4344261805305542
2002-08-06 04:00:00,-12.0,0.0,-9.367286436829325,0.3703608912751605,-0.2229335730216575,0.593294464296818,-6.456167189404688,-0.8830722877524337,-10.922699438813783,-0.20631751917257368,-7.055736735704258,0.5032558645290275,-6.848528216947061,0.3724987835255251,-6.818834885676242,0.5106717810340788
2002-08-06 05:00:00,-12.0,2.0,-8.78443625801592,0.5828501788134054,-0.0,0.5828501788134054,-1.7191523491308445,4.737014840273844,-8.561990453363165,2.360708985450618,-6.660714924827317,0.3950218108769407,-6.493035437009793,0.35549277993726847,-6.4033527638569945,0.4154821218192478
2002-08-06 06:00:00,-10.0,1.0,-8.217834792115124,0.5666014659007963,-0.0,0.5666014659007963,-1.2449900742395812,0.4741622748912633,-8.151908413610213,0.4100820397529521,-6.283855930515112,0.37685899431220504,-6.153772271123863,0.3392631658859293,-6.007559549705162,0.3957932141518322
2002-08-06 07:00:00,-9.0,-1.0,-7.666808869168014,0.5510259229471102,-0.0,0.5510259229471102,-4.49255291397586,-3.247562839736279,-9.44653220888231,-1.2946237952720967,-5.841582881574573,0.4422730489405388,-5.8299977749238145,0.32377449620004817,-5.564836961754122,0.44272258795103936
2002-08-06 08:00:00,-10.0,-1.0,-7.3780225433239055,0.28878632584410846,-0.24730042314095532,0.5360867489850638,-5.039549761832255,-0.5469968478563949,-9.474398518314288,-0.02786630943197821,-5.411596060935682,0.42998682063889176,-5.521004831007109,0.3089929439167056,-5.19546684441463,0.36937011733949154
2002-08-06 09:00:00,-11.0,-1.0,-6.951096546198835,0.42692599712507046,-0.10141329756884282,0.5283392946939133,-5.2243175666944115,-0.18476780486215638,-9.349620617671679,0.1247779006426093,-4.979901794447221,0.4316942664884605,-5.226118604603036,0.2948862264040737,-4.773424202426668,0.4220426419879626
2002-08-06 10:00:00,-12.0,3.0,-6.553005697467249,0.39809084873158634,-0.11889833468625348,0.5169891834178398,-5.6354023562038495,-0.41108478950943805,-9.328443909607467,0.021176708064212235,-4.554043210886775,0.4258585835604465,-4.944695069746279,0.2814235348567562,-4.363892235888608,0.40953196653805957
2002-08-06 11:00:00,-9.0,-1.0,-6.046488986147021,0.5065167113202282,-0.0,0.5065167113202282,-5.121122149621451,0.5142802065823986,-8.894253311573511,0.43419059803395577,-4.148864106235958,0.4051791046508162,-4.676119602736343,0.26857546700993606,-3.9757192402537602,0.38817299563484803
2002-08-06 12:00:00,-10.0,3.0,-5.553142167947725,0.4933468181992959,-0.0,0.4933468181992959,-3.7510505231866667,1.3700716264347843,-8.069452191681991,0.8248011198915197,-3.78043137643225,0.3684327298037086,-4.419805639810959,0.25631396292538455,-3.6180684028150965,0.35765083743866377
2002-08-06 13:00:00,-7.0,0.0,-5.072456043650815,0.48068612429690966,-0.0,0.48068612429690966,-1.7504725911171164,2.0005779320695503,-6.958420509311602,1.1110316823703892,-3.466618886092658,0.3138124903395919,-4.175193396101876,0.2446122437090834,-3.3026845941972294,0.315383808617867
2002-08-06 14:00:00,-7.0,0.0,-4.603947411067006,0.46850863258380965,-0.0,0.46850863258380965,-2.2148292936233673,-0.46435670250625094,-6.984182035586819,-0.025761526275217328,-3.15130656558466,0.3153123205079978,-3.9417486430752504,0.2334447530266257,-2.9920431786402775,0.3106414155569517
2002-08-06 15:00:00,-7.0,-1.0,-4.1471574228406425,0.45678998822636313,-0.0,0.45678998822636313,-2.2215159385666112,-0.006686644943243891,-6.804357948493969,0.17982408709285025,-2.8456699380471404,0.30563662753751963,-3.7189615417865896,0.22278710128866086,-2.6935014196494245,0.29854175899085317
2002-08-06 16:00:00,-8.0,-2.0,-3.7016500674297212,0.4455073554109214,-0.0,0.4455073554109214,-3.347629097787493,-1.126113159220882,-7.14402734521133,-0.33966939671736096,-2.525181084178115,0.32048885386902515,-3.506345529402096,0.21261601238449357,-2.3921389220766014,0.3013624975728229
2002-08-06 17:00:00,-10.0,0.0,-3.267010762597845,0.4346393048318765,-0.0,0.4346393048318765,-3.3366981217668297,0.010930976020663508,-6.966662433828269,0.17736491138306132,-2.2153899603506213,0.3097911238274936,-3.303436256554602,0.20290927284749372,-2.103408847452238,0.2887300746243635
2002-08-06 18:00:00,-10.0,2.0,-2.8428450517981183,0.42416571079972665,-0.0,0.42416571079972665,-3.863208510746098,-0.5265103889792684,-7.041894540826831,-0.07523210699856264,-1.9051051461504835,0.31028481420013765,-3.1097905732132967,0.19364568334130516,-1.8209625817241104,0.2824462657281277
2002-08-06 19:00:00,-8.0,4.0,-2.4287773947589932,0.4140676570391252,-0.0,0.4140676570391252,-3.000908364513915,0.8623001462321831,-6.484762949636613,0.5571315911902186,-1.6232831057749242,0.2818220403755593,-2.924985560852403,0.18480501236089375,-1.5602085429899024,0.26075403873420805
2002-08-06 20:00:00,-4.0,1.0,-2.024450044412031,0.40432735034696227,-0.0,0.40432735034696227,-2.682704214627371,0.3182041498865438,-6.183502178220082,0.30126077141653074,-1.3581885715383795,0.2650945342365446,-2.7486176088050818,0.17636795204732136,-1.3143994593183088,0.24580908367159351
2002-08-06 21:00:00,-3.0,0.0,-1.6295220030432769,0.3949280413687538,-0.0,0.3949280413687538,-1.219440068447959,1.4632641461794123,-5.361978924046907,0.821523254173175,-1.1380974827214732,0.22009108881690628,-2.5803015327853362,0.16831607601974574,-1.0997253348588947,0.21467412445941414
2002-08-06 22:00:00,-3.0,-2.0,-1.2436680512137417,0.38585395182953525,-0.0,0.38585395182953525,-0.3910508446294436,0.8283892238185153,-4.8380413106207545,0.5239376134261526,-0.9482109154917968,0.1898865672296763,-2.4196697336527846,0.16063179913255166,-0.9079397908139686,0.19178554404492607
2002-08-06 23:00:00,-5.0,-1.0,-0.8665778435893644,0.3770902076243773,-0.0,0.3770902076243773,-0.0795140212230514,0.3115368234063922,-4.557401962005743,0.2806393486150114,-0.7739402151230073,0.17427070036878958,-2.266371394583061,0.153298339069724,-0.7297635713969912,0.17817621941697742
2002-08-07 00:00:00,-6.0,,-0.5967344767536208,0.2698433668357436,-0.09877941039894875,0.36862277723469233,0.861063196943757,0.9405772181668084,-3.99001144474191,0.5673905172638332,-0.7051777856207039,0.06876242950230338,-2.120071714890475,0.14629967969258573,-0.6550304564711773,0.07473311492581394
