Timestamp,Observed_DST,Real_dDST_dt,Pred_DST_Equation,Pred_dDST_dt_Equation,Injection_Component,Decay_Component,Pred_DST_Equation_1,Pred_dDST_dt_Equation_1,Injection_Component_1,Decay_Component_1,Pred_DST_Equation_2,Pred_dDST_dt_Equation_2,Injection_Component_2,Decay_Component_2,Pred_DST_Equation_3,Pred_dDST_dt_Equation_3,Injection_Component_3,Decay_Component_3,Pred_DST_Equation_4,Pred_dDST_dt_Equation_4,Injection_Component_4,Decay_Component_4,Pred_DST_Equation_5,Pred_dDST_dt_Equation_5,Injection_Component_5,Decay_Component_5,Pred_DST_Equation_6,Pred_dDST_dt_Equation_6,Injection_Component_6,Decay_Component_6,Pred_DST_Equation_7,Pred_dDST_dt_Equation_7,Injection_Component_7,Decay_Component_7
2000-10-02 00:00:00,-17.0,0.0,-13.114564245080693,0.8854357549193067,-0.8192942208394044,1.704729975758711,-12.953220402798134,1.046779597201865,-1.5751960432685943,2.6219756404704593,-12.998832963271473,1.001167036728526,-1.3415450112841498,2.3427120480126757,-13.02015908411582,0.9798409158841801,-1.450784331171992,2.430625247056172,-13.027121704204676,0.9728782957953241,-1.057701286858632,2.030579582653956,-13.011899619613256,0.9881003803867443,-1.2688562224637134,2.2569566028504577,-13.04246422213183,0.957535777868169,-1.3633990300494716,2.3209348079176406,-13.114564245080693,0.8854357549193067,-0.8192942208394044,1.704729975758711
2000-10-02 01:00:00,-17.0,0.0,-12.263555123204236,0.8510091218764566,-0.8158143172658108,1.6668234391422674,-11.951458615607597,1.001761787190537,-1.5685054915709824,2.5702672787615195,-12.0402374706991,0.9585954925723725,-1.3358468784764739,2.2944423710488464,-12.080988294858768,0.9391707892570518,-1.4446222108370208,2.3837930000940726,-12.085754972218986,0.9413667319856893,-1.045198733134061,1.9865654651197504,-12.065341117334762,0.9465585022784944,-1.2634668309720904,2.210025333250585,-12.12378266832905,0.9186815538027808,-1.3576080735942408,2.2762896273970217,-12.263555123204236,0.8510091218764566,-0.8158143172658108,1.6668234391422674
2000-10-02 02:00:00,-17.0,1.0,-11.454488404233365,0.8090667189708718,-0.821725691926082,1.6307924108969538,-11.010064559347281,0.9413940562603165,-1.5798708518265416,2.521264908086858,-11.137067782210673,0.9031696884884268,-1.3455263989510517,2.2486960874394786,-11.196745997312895,0.8842422975458728,-1.4550899152521963,2.339332212798069,-11.187300487729841,0.8984544844891442,-1.0459815625064572,1.9444360469956015,-11.172433422711842,0.89290769462292,-1.2726218870315786,2.1655295816544986,-11.257364373996879,0.866418294332171,-1.3674452752649855,2.2338635695971565,-11.454488404233365,0.8090667189708718,-0.821725691926082,1.6307924108969538
2000-10-02 03:00:00,-16.0,2.0,-10.6878554426991,0.7666329615342659,-0.8302693013407382,1.596902262875004,-10.13071622750854,0.8793483318387407,-1.5962970140072175,2.475645345845958,-10.290567519030489,0.8465002631801841,-1.3595160455237436,2.2060163087039277,-10.36911040641549,0.8276355908974042,-1.470218710689979,2.297854301587383,-10.336195474947674,0.8511050127821673,-1.053543206009695,1.9046482187918623,-10.334316361425785,0.8381170612860573,-1.2858535340911408,2.123970595377198,-10.444810393619077,0.8125539803778015,-1.3816628157928919,2.1942167961706933,-10.6878554426991,0.7666329615342659,-0.8302693013407382,1.596902262875004
2000-10-02 04:00:00,-14.0,6.0,-9.939399507003776,0.748455935695324,-0.8166619860850195,1.5651179217803435,-9.267442751583307,0.8632734759252338,-1.5701352413434777,2.4334087172687116,-9.461416694295126,0.8291508247353625,-1.337234885186036,2.1663857099213986,-9.555865811428202,0.8132445949872893,-1.4461232401493853,2.2593678351366746,-9.505751663521513,0.8304438114261605,-1.0368927921966709,1.8673366036228314,-9.513767888099991,0.820548473325794,-1.2647796314636397,2.0853281047894336,-9.646471697243015,0.7983386963760628,-1.35901869119231,2.1573573875683727,-9.939399507003776,0.748455935695324,-0.8166619860850195,1.5651179217803435
2000-10-02 05:00:00,-8.0,2.0,-9.28960852368289,0.6497909833208854,-0.8846044386923945,1.5343954220132798,-8.511941079686038,0.7555016718972691,-1.6367960192065958,2.392297691103865,-8.73758786862794,0.7238288256671861,-1.404086777566515,2.127915603233701,-8.842720492918788,0.7131453185094141,-1.5087218578204211,2.221867176329835,-8.771442345408504,0.7343093181130087,-1.0969771932896482,1.8312865114026569,-8.797394273825503,0.7163736142744872,-1.3314657020693126,2.0478393163438,-8.945204883325758,0.7012668139172578,-1.4201800773504771,2.121446891267735,-9.28960852368289,0.6497909833208854,-0.8846044386923945,1.5343954220132798
2000-10-02 06:00:00,-6.0,-7.0,-8.617841642024072,0.6717668816588178,-0.8362029830751991,1.507969864734017,-7.763039959772149,0.7489011199138884,-1.6077052624146846,2.356606382328573,-8.012206087953665,0.7253817806742751,-1.3692320924906785,2.0946138731649535,-8.134205812546533,0.7085146803722562,-1.4807259158765327,2.189240596248789,-8.010850174826478,0.7605921705820256,-1.0391102312356446,1.7997024018176702,-8.077049373492846,0.7203449003326572,-1.2950431375319855,2.0153880378646427,-8.246590538067156,0.698614345258602,-1.3915371389793754,2.0901514842379774,-8.617841642024072,0.6717668816588178,-0.8362029830751991,1.507969864734017
2000-10-02 07:00:00,-13.0,-6.0,-8.536792857610939,0.08104878441313246,-1.399843120491468,1.4808919049046005,-7.571132797370707,0.19190716240144257,-2.1295844771251633,2.321491639526606,-7.868456648426304,0.14374943952736063,-1.917754745567254,2.0615041850946145,-7.953890731049232,0.1803150814973009,-1.9767497666383533,2.1570648481356542,-7.877393891791297,0.13345628303518065,-1.633821196845088,1.7672774798802686,-7.942619312034125,0.1344300614587206,-1.8485881390684007,1.9830182005271213,-8.068981674813582,0.17760886325357506,-1.8815968199224646,2.0592056831760397,-8.536792857610939,0.08104878441313246,-1.399843120491468,1.4808919049046005
2000-10-02 08:00:00,-19.0,-6.0,-10.685125174513914,-2.148332316902975,-3.625973846035837,1.4776415291328622,-9.629358154059135,-2.0582253566884288,-4.370761210454138,2.312535853765709,-10.13838811158823,-2.269931463161925,-4.324905592447402,2.0549741292854766,-10.00053591894703,-2.046645187897798,-4.19555941934842,2.148914231450622,-9.996576351625961,-2.119182459834663,-3.880800941493329,1.7616184816586657,-10.264085416288527,-2.3214661042544025,-4.298472493426826,1.9770063891724237,-10.094300521594901,-2.025318846781319,-4.076693969037591,2.0513751222562724,-10.685125174513914,-2.148332316902975,-3.625973846035837,1.4776415291328622
2000-10-02 09:00:00,-25.0,0.0,-12.129016099732961,-1.4438909252190468,-3.0088962219701707,1.5650052967511239,-10.957587556448079,-1.3282294023889447,-3.7377196821184637,2.409490279729519,-11.62041064339886,-1.48202253181063,-3.641321752388352,2.159299220577722,-11.313781476873093,-1.3132455579260625,-3.555578654756706,2.2423330968306434,-11.402692511111077,-1.4061161594851164,-3.258667214755341,1.8525510552702247,-11.775157399612322,-1.511071983323795,-3.5931781070120232,2.082106123688228,-11.396420671760628,-1.3021201501657278,-3.443673953439907,2.141553803274179,-12.129016099732961,-1.4438909252190468,-3.0088962219701707,1.5650052967511239
2000-10-02 10:00:00,-25.0,1.0,-14.180781268295865,-2.0517651685629033,-3.676897348308281,1.625132179745378,-12.921392034376845,-1.963804477928766,-4.436919065799217,2.4731145878704512,-13.79697877080005,-2.176568127401192,-4.4053742062102526,2.2288060788090607,-13.281315039716493,-1.967533562843399,-4.270856444742631,2.3033228818992324,-13.41826870867726,-2.015576197566184,-3.929725515319426,1.914149317753242,-13.992075362279813,-2.216917962667492,-4.36889723357275,2.151979270905258,-13.348236530517312,-1.9518158587566825,-4.152371871715105,2.2005560129584225,-14.180781268295865,-2.0517651685629033,-3.676897348308281,1.625132179745378
2000-10-02 11:00:00,-24.0,6.0,-15.904272130601692,-1.7234908623058274,-3.4360126870785797,1.7125218247727523,-14.558656649685254,-1.6372646153084083,-4.205967717268596,2.5687031019601876,-15.61591300937458,-1.8189342385745286,-4.151817325501987,2.332883086927458,-14.917155938131316,-1.6358408984148225,-4.032071517293282,2.3962306188784597,-15.10571597354135,-1.6874472648640904,-3.6916506952202317,2.0042034303561413,-15.840585438681192,-1.8485100764013795,-4.105088325584398,2.2565782491830184,-14.973427776770782,-1.6251912462534706,-3.915690410727003,2.2904991644735326,-15.904272130601692,-1.7234908623058274,-3.4360126870785797,1.7125218247727523
2000-10-02 12:00:00,-18.0,2.0,-18.329231533329946,-2.4249594027282537,-4.212657448984674,1.7876980462564205,-16.628824797030997,-2.070168147345743,-4.719950818722782,2.649782671377039,-17.876251378557434,-2.2603383691828536,-4.682019081741646,2.4216807125587922,-16.97623014834811,-2.0590742102167963,-4.53394841385521,2.474874203638414,-17.466829387331376,-2.361113413790027,-4.442302366668911,2.081188952878884,-18.145688387430816,-2.305102948749625,-4.65079555617238,2.345692607422755,-17.015304533153078,-2.041876756382297,-4.408642138597213,2.366765382214916,-18.329231533329946,-2.4249594027282537,-4.212657448984674,1.7876980462564205
2000-10-02 13:00:00,-16.0,-2.0,-18.98079040857912,-0.6515588752491752,-2.5477645790446997,1.8962057037955244,-16.915472127924843,-0.286647330893846,-3.040751041358718,2.754103710464872,-18.217845122189146,-0.3415937436317127,-2.8759318834937195,2.534338139862007,-17.256284794157555,-0.2800546458094417,-2.8557245742725503,2.5756699284631086,-18.028926764080055,-0.5620973767486799,-2.753441456062859,2.191344079314179,-18.501427184468934,-0.3557387970381183,-2.8149752573278097,2.4592364602896915,-17.29959591555983,-0.28429138240675256,-2.748647409026447,2.4643560266196944,-18.98079040857912,-0.6515588752491752,-2.5477645790446997,1.8962057037955244
2000-10-02 14:00:00,-18.0,-4.0,-19.48315394915414,-0.5023635405750175,-2.4282688667679992,1.9259053261929817,-17.205832732451267,-0.2903606045264233,-3.05906795192441,2.768707347397987,-18.564030661692446,-0.3461855395033,-2.897771816162012,2.551586276658712,-17.541395228276876,-0.28511043411932313,-2.8746450091881934,2.5895345750688703,-18.472864052771097,-0.44393728869104265,-2.661924002197951,2.2179867135069085,-18.85949781747477,-0.35807063300583764,-2.8350689582715973,2.4769983252657597,-17.589257265121987,-0.2896613495621563,-2.7677613247543573,2.478099975192201,-19.48315394915414,-0.5023635405750175,-2.4282688667679992,1.9259053261929817
2000-10-02 15:00:00,-22.0,-5.0,-24.3053357075747,-4.822181758420559,-6.77114359041459,1.9489618319940307,-22.033048416676856,-4.827215684225591,-7.610755215490915,2.783539531265324,-23.84207677889596,-5.278046117203516,-7.84717206412604,2.569125946922524,-22.58367525921997,-5.042280030943093,-7.645967779142311,2.6036877481992184,-23.270614464706618,-4.797750411935521,-7.0368929160327145,2.239142504097193,-24.26358833860459,-5.404090521129816,-7.899031680632928,2.494941159503112,-22.588522215571373,-4.999264950449386,-7.491407791893549,2.4921428414441626,-24.3053357075747,-4.822181758420559,-6.77114359041459,1.9489618319940307
2000-10-02 16:00:00,-27.0,-7.0,-28.594536474406418,-4.289200766831719,-6.466460739809326,2.1772599729776076,-26.249766573395853,-4.216718156718995,-7.252646186335869,3.0359280296168736,-28.449278965807064,-4.6072021869111035,-7.451183586184209,2.8439813992731056,-26.96057870110232,-4.376903441882353,-7.2372683095060575,2.8603648676237037,-27.52349301603958,-4.2528785513329606,-6.727064211047123,2.4741856597141623,-28.971419517749048,-4.707831179144458,-7.481433210226672,2.773602031082213,-26.933910741003224,-4.345388525431849,-7.08614887069682,2.740760345264971,-28.594536474406418,-4.289200766831719,-6.466460739809326,2.1772599729776076
2000-10-02 17:00:00,-34.0,2.0,-29.284842029127457,-0.6903055547210406,-3.081253115493836,2.3909475607727955,-26.734271203626907,-0.4845046302310556,-3.7498628616410548,3.265358231409999,-29.001675129720212,-0.5523961639131469,-3.647714055569412,3.095317891656265,-27.430982572592587,-0.4704038714902654,-3.563356158927074,3.0929522874368085,-28.155781259426696,-0.6322882433871149,-3.3246296844717187,2.692341441084604,-29.536171847542334,-0.5647523297932855,-3.5931338731399833,3.028381543346698,-27.417794464131116,-0.4838837231278932,-3.4503447453897427,2.9664610222618495,-29.284842029127457,-0.6903055547210406,-3.081253115493836,2.3909475607727955
2000-10-02 18:00:00,-32.0,5.0,-29.923442631267033,-0.6386006021395763,-3.0648734417367915,2.4262728395972153,-27.24715814064152,-0.5128869370146121,-3.805142137029236,3.292255200014624,-29.583788156094368,-0.5821130263741567,-3.7082801461791486,3.126167119804992,-27.931881163455653,-0.5008985908630654,-3.6193889948408846,3.118490403977819,-28.7500234995584,-0.5942422401317016,-3.3198044707678243,2.7255622306361227,-30.128302850463466,-0.5921310029211311,-3.6518278655702825,3.0596968626491514,-27.93157115828383,-0.5137766941527158,-3.5059232882290914,2.9921465940763756,-29.923442631267033,-0.6386006021395763,-3.0648734417367915,2.4262728395972153
2000-10-02 19:00:00,-27.0,1.0,-29.797644415606392,0.1257982156606401,-2.3333846549627757,2.459182870623416,-27.003903699165363,0.2432544414761577,-3.0775935584318113,3.320847999907969,-29.349727670283215,0.23406048581115346,-2.9247809677952366,3.15884145360639,-27.682151550435197,0.2497296130204565,-2.8960698889486465,3.145799501969103,-28.57864179158026,0.17138170797813768,-2.585588037168194,2.7569697451463315,-29.897399266983353,0.23090358348011497,-2.8617997170197462,3.092703300499861,-27.70224129279321,0.2293298654906195,-2.790210276467254,3.0195401419578736,-29.797644415606392,0.1257982156606401,-2.3333846549627757,2.459182870623416
2000-10-02 20:00:00,-26.0,-4.0,-31.02418489137174,-1.226540475765347,-3.679222850333929,2.4526823745685817,-28.15813737089777,-1.1542336717324058,-4.461505130932293,3.3072714591998875,-30.628804609758344,-1.2790769394751291,-4.424760026267715,3.145683086792586,-28.83958875802518,-1.1574372075899815,-4.289606516142803,3.1321693085528217,-29.770011403393134,-1.191369611812874,-3.9392628484172985,2.7478932366044244,-31.190864948924695,-1.2934656819413428,-4.37327694290649,3.0798112609651476,-28.864893978242243,-1.1626526854490309,-4.169949993112803,3.0072973076637717,-31.02418489137174,-1.226540475765347,-3.679222850333929,2.4526823745685817
2000-10-02 21:00:00,-30.0,-6.0,-32.52102103927675,-1.4968361479050096,-4.013265739854927,2.5164295919499176,-29.580392891689314,-1.4222555207915466,-4.794194263530207,3.37193874273866,-32.19244202157616,-1.5636374118178167,-4.781562428476898,3.217925016659081,-30.27163812127779,-1.4320493632526077,-4.627640631647946,3.1955912683953382,-31.234484175557853,-1.4644727721647195,-4.275771450776609,2.811298678611889,-32.775789878307265,-1.5849249293825673,-4.737301314365774,3.1523763849832065,-30.299153232283928,-1.434259254041684,-4.503881646408478,3.0696223923667936,-32.52102103927675,-1.4968361479050096,-4.013265739854927,2.5164295919499176
2000-10-02 22:00:00,-36.0,-6.0,-33.26323128731787,-0.7422102480411259,-3.3375432103561704,2.5953329623150445,-30.236273771540944,-0.6558808798516296,-4.108364220434271,3.452483340582641,-32.91024648826731,-0.7178044666911458,-4.025157442265894,3.3073529755747484,-30.91376745560037,-0.6421293343225836,-3.917069786335186,3.2749404520126024,-31.9479538031541,-0.7134696275962482,-3.6036993392870342,2.890229711690786,-33.50361771977951,-0.7278278414722443,-3.9702725871078646,3.2424447456356202,-30.950649861785145,-0.6514966295012163,-3.7988844913330184,3.147387861831802,-33.26323128731787,-0.7422102480411259,-3.3375432103561704,2.5953329623150445
2000-10-02 23:00:00,-42.0,-4.0,-33.50711032988637,-0.2438790425685018,-2.878788162303387,2.634909119734885,-30.394367288539353,-0.158093516998409,-3.6480407220155575,3.4899472050171485,-33.08969459792588,-0.1794481096585674,-3.5282644156689904,3.348816306010423,-31.058587980639665,-0.144820525039294,-3.4556570600723218,3.3108365350330278,-32.16190573160429,-0.21395192845019118,-3.14303155191383,2.9290796234636387,-33.68956641700211,-0.1859486972226021,-3.470179614700273,3.2842309174776707,-31.109880351407142,-0.15923048962199893,-3.3422637597130285,3.1830332700910295,-33.50711032988637,-0.2438790425685018,-2.878788162303387,2.634909119734885
2000-10-03 00:00:00,-46.0,6.0,-34.258445162337836,-0.7513348324514593,-3.3993134449050886,2.6479786124536293,-31.005152010619508,-0.610784722080155,-4.109792454990092,3.4990077329099374,-33.748923506292854,-0.6592289083669742,-4.0184512303481705,3.3592223219811963,-31.652323066285998,-0.5937350856463319,-3.91269436468235,3.3189592790360183,-32.882334320477256,-0.7204285888729607,-3.661208892369939,2.9407803034969784,-34.367398039898646,-0.6778316228965369,-3.972781164119719,3.294949541223182,-31.71142984717427,-0.6015494957671286,-3.7933252843371355,3.191775788570007,-34.258445162337836,-0.7513348324514593,-3.3993134449050886,2.6479786124536293
2000-10-03 01:00:00,-40.0,-7.0,-38.03180770518636,-3.7733625428485253,-6.461808478652862,2.6884459358043364,-33.86647276925474,-2.8613207586352365,-6.39544364456757,3.5341228859323337,-36.740718620392514,-2.991795114099658,-6.3893840383897755,3.3975889242901176,-34.449724358138766,-2.797401291852766,-6.149766228796148,3.3523649369433817,-36.610935308352126,-3.728600987874869,-6.7089518425374175,2.9803508546625483,-37.37473981710401,-3.0073417772053608,-6.341511352647515,3.3341695754421545,-34.48045427778037,-2.7690244306060947,-5.993936381730266,3.224911951124171,-38.03180770518636,-3.7733625428485253,-6.461808478652862,2.6884459358043364
2000-10-03 02:00:00,-47.0,-4.0,-43.98036061200525,-5.948552906818892,-8.84487503035485,2.896322123535957,-38.527470692197625,-4.660997922942881,-8.361957989690973,3.700960066748092,-41.62458561155725,-4.883866991164735,-8.458313898100991,3.5744469069362563,-39.05706713065117,-4.607342772512405,-8.11935019217288,3.5120074196604745,-42.518231043673936,-5.907295735321814,-9.096671369522127,3.1893756342003137,-42.27311560775818,-4.8983757906541685,-8.409351788111467,3.5109759974572983,-39.038199282813764,-4.557745005033397,-7.93739454184501,3.3796495368116126,-43.98036061200525,-5.948552906818892,-8.84487503035485,2.896322123535957
2000-10-03 03:00:00,-51.0,-3.0,-48.06011679670317,-4.079756184697921,-7.319505900194419,3.239749715496498,-41.577032661999,-3.049561969801373,-7.030533213403495,3.980971243602122,-44.79099105319115,-3.1664054416338994,-7.039199787585336,3.8727943459514362,-42.037978600145586,-2.980911469494414,-6.763945598357389,3.783034128862975,-46.56342021694452,-4.045189173270586,-7.580228382648012,3.535039209377426,-45.43551684053839,-3.1624012327802133,-6.971139316662434,3.8087380838822207,-41.9932550621436,-2.9550557793298333,-6.597295134644205,3.6422393553143717,-48.06011679670317,-4.079756184697921,-7.319505900194419,3.239749715496498
2000-10-03 04:00:00,-54.0,-1.0,-45.58966341228387,2.4704533844193026,-1.0159533868958242,3.4864067713151266,-39.360630488612856,2.216402173386146,-1.953297990487499,4.169700163873645,-42.38193960155437,2.4090514516367776,-1.6635625679025627,4.0726140195393405,-39.873248947194575,2.164729652951009,-1.7990231316406338,3.963752784591643,-44.06702667744678,2.4963935394977383,-1.2856052446934914,3.78199878419123,-43.00153188366292,2.4339849568754737,-1.573425936503141,4.007410893378615,-39.86617632495705,2.1270787371865403,-1.6906623128014902,3.8177410499880304,-45.58966341228387,2.4704533844193026,-1.0159533868958242,3.4864067713151266
2000-10-03 05:00:00,-55.0,-7.0,-49.17497257185932,-3.5853091595754507,-6.921274705915935,3.3359655463404843,-42.559155511034675,-3.1985250224218156,-7.23062428772618,4.032099265304365,-45.73784007594972,-3.355900474395351,-7.276031208649859,3.9201307342545078,-43.0335918577018,-3.160342910507225,-6.9924391226896265,3.8320962121824014,-47.66654913754985,-3.5995224601030658,-7.228130932172833,3.6286084720697676,-46.338475531094254,-3.3369436474313336,-7.190995620395171,3.854051972963837,-43.001511167803685,-3.1353348428466314,-6.826331601599816,3.6909967587531844,-49.17497257185932,-3.5853091595754507,-6.921274705915935,3.3359655463404843
2000-10-03 06:00:00,-62.0,-2.0,-50.28199342875568,-1.1070208568963622,-4.662404567540851,3.555383710644489,-43.47464922110051,-0.9154937100658405,-5.146905171065577,4.231411460999737,-46.65487885200159,-0.9170387760518688,-5.050380982293042,4.133342206241173,-43.901243495050664,-0.8676516373488621,-4.892703087137266,4.025051449788404,-48.77416602032831,-1.1076168827784612,-4.958408751223472,3.850791868445011,-47.24165837206189,-0.9031828409676379,-4.968247624536656,4.065064783569018,-43.87326702221219,-0.8717558544085056,-4.750322380572262,3.8785665261637567,-50.28199342875568,-1.1070208568963622,-4.662404567540851,3.555383710644489
2000-10-03 07:00:00,-64.0,-1.0,-53.41301356409155,-3.1310201353358686,-6.7555645980443195,3.624544462708451,-46.4346796971351,-2.960030476034591,-7.249374844806587,4.289344368771996,-49.78143175949342,-3.126552907491832,-7.319139780110265,4.192586872618433,-46.8614937864971,-2.9602502914464326,-7.039105531002414,4.078855239555981,-51.918072404029154,-3.1439063837008443,-7.064395035977457,3.9204886522766125,-50.35630951561955,-3.114651143557656,-7.237796053910467,4.123144910352811,-46.81716312643893,-2.9438961042267393,-6.875440907048207,3.931544802821468,-53.41301356409155,-3.1310201353358686,-6.7555645980443195,3.624544462708451
2000-10-03 08:00:00,-65.0,-10.0,-59.29262435946667,-5.879610795375118,-9.703371450591302,3.823760655216184,-52.07463187282771,-5.639952175692603,-10.119304428782174,4.479352253089571,-55.77763401673631,-5.996202257242883,-10.39394678418321,4.397744526940327,-52.659705117237976,-5.798211330740877,-10.06332258515298,4.265111254412103,-57.8204530396439,-5.902380635614748,-10.024104804546315,4.121724168931567,-56.363430496664975,-6.007120981045425,-10.33371685709409,4.326595876048666,-52.57160630262285,-5.7544431761839165,-9.867550115795067,4.113106939611151,-59.29262435946667,-5.879610795375118,-9.703371450591302,3.823760655216184
2000-10-03 09:00:00,-75.0,5.0,-64.31455031193174,-5.021925952465072,-9.234186603080897,4.212260650615825,-56.88705060681306,-4.812418733985356,-9.665203745357687,4.8527850113723305,-60.89060802101644,-5.112974004280134,-9.917887353589668,4.804913349309534,-57.61288118615981,-4.953176068921834,-9.59515365102863,4.641977582106796,-62.85350023113333,-5.03304719148943,-9.546174465126262,4.513127273636831,-61.47676335129943,-5.113332854634455,-9.846154446215625,4.732821591581169,-57.49710760058185,-4.925501297959,-9.405343195554476,4.479841897595476,-64.31455031193174,-5.021925952465072,-9.234186603080897,4.212260650615825
2000-10-03 10:00:00,-70.0,-2.0,-69.89116621394457,-5.576615902012827,-10.135585118726386,4.5589692167135585,-62.285042442724546,-5.397991835911484,-10.581236859336553,5.183245023425068,-66.62655711770246,-5.735949096686018,-10.902293232777165,5.166344136091147,-63.23479807211987,-5.621916885960062,-10.598470701746596,4.976553815786533,-68.43975872880692,-5.586258497673592,-10.44716263765356,4.860904139979969,-67.22623156658527,-5.749468215285842,-10.84243272626919,5.0929645109833475,-63.089784297806226,-5.592676697224376,-10.398862255340603,4.806185558116227,-69.89116621394457,-5.576615902012827,-10.135585118726386,4.5589692167135585
2000-10-03 11:00:00,-72.0,-6.0,-76.68983931525452,-6.798673101309947,-11.75871124829469,4.9600381469847425,-68.93472047412163,-6.649678031397083,-12.216544570151235,5.5668665387541525,-73.6804399516134,-7.053882833910937,-12.641292816625581,5.587409982714644,-70.27014918111539,-7.035351108995509,-12.405758493101313,5.370407384105804,-75.24493222452178,-6.805173495714849,-12.067193631351046,5.262020135636197,-74.31950866786354,-7.093277101278268,-12.606959919014754,5.513682817736486,-70.0868372266792,-6.997052928872969,-12.187695088804679,5.19064215993171,-76.68983931525452,-6.798673101309947,-11.75871124829469,4.9600381469847425
2000-10-03 12:00:00,-78.0,16.0,-80.14039124638288,-3.450551931128361,-8.922418086894437,5.471866155766076,-72.33752631012963,-3.402805836007996,-9.461073275541292,6.058267439533296,-77.28891116613855,-3.608471214525146,-9.736307263340779,6.127836048815633,-73.8385584778676,-3.5684092967522147,-9.452818100471667,5.884408803719452,-78.68636028172156,-3.4414280571997917,-9.213570138575175,5.772142081375383,-77.8959793725585,-3.576470704694951,-9.632208831707024,6.055738127012073,-73.66298636555389,-3.576149138874695,-9.268617110178349,5.692467971303654,-80.14039124638288,-3.450551931128361,-8.922418086894437,5.471866155766076
2000-10-03 13:00:00,-62.0,-2.0,-82.5557626079742,-2.4153713615913244,-8.156619939765843,5.741248578174519,-74.6824105080622,-2.344884197932574,-8.66265170356255,6.317767505629977,-79.75403325089216,-2.4651220847536166,-8.879061157341946,6.413939072588329,-76.27405094331128,-2.4354924654436916,-8.589585962172047,6.154093496728355,-81.08979880053325,-2.4034385188116882,-8.442536765708825,6.039098246897137,-80.32159586607334,-2.425616493514843,-8.76429804507313,6.338681551558286,-76.11944385535173,-2.456457489797847,-8.414345604930109,5.957888115132262,-82.5557626079742,-2.4153713615913244,-8.156619939765843,5.741248578174519
2000-10-03 14:00:00,-64.0,0.0,-81.53857080059234,1.0171918073818667,-4.916474425316433,5.933666232698299,-73.72374995565178,0.9586605524104233,-5.54109629002489,6.499756842435313,-78.67311196803443,1.0809212828577275,-5.5322214255796505,6.613142708437378,-75.27158296023703,1.002467983074256,-5.339158581896659,6.341626564970915,-80.05440229522884,1.0353965053044076,-5.193718495983657,6.229115001288065,-79.21176693874082,1.109828927332516,-5.4244254635239635,6.534254390856479,-75.17607891756151,0.9433649377902258,-5.200344111100343,6.143709048890568,-81.53857080059234,1.0171918073818667,-4.916474425316433,5.933666232698299
2000-10-03 15:00:00,-64.0,2.0,-76.66439712230289,4.874173678289452,-0.9780726176206235,5.852246295910075,-69.12322325063676,4.600526705015022,-1.824515043488222,6.425041748503244,-73.70959040194428,4.963521566090149,-1.5618981322275631,6.525419698317712,-70.68874491948317,4.5828380407538525,-1.6812575971666948,6.264095637920548,-75.13178852942195,4.922613765806889,-1.2242815379598113,6.1468953037667005,-74.2471043581682,4.964662580572624,-1.4797396670315452,6.444402247604169,-70.68593803748483,4.4901408800766776,-1.5818689843357394,6.072009864412417,-76.66439712230289,4.874173678289452,-0.9780726176206235,5.852246295910075
2000-10-03 16:00:00,-62.0,12.0,-72.1572665064233,4.507130615879587,-0.9627733220275728,5.46990393790716,-64.90177548727148,4.221447763365279,-1.8510526363393744,6.072500399704653,-69.15595267872294,4.553637723221337,-1.5764834101237177,6.130121133345055,-66.47786660240766,4.210878317075505,-1.7048532926754296,5.915731609750934,-70.60552644581662,4.526262083605335,-1.237205749404676,5.763467833010011,-69.6880925806549,4.559011777513307,-1.4910649793491038,6.050076756862411,-66.55159140461373,4.134346632871104,-1.602164619280527,5.73651125215163,-72.1572665064233,4.507130615879587,-0.9627733220275728,5.46990393790716
2000-10-03 17:00:00,-50.0,3.0,-67.98706290648543,4.170203599937864,-0.9576426949639413,5.127846294901805,-60.9852046041513,3.9165708831201784,-1.841188361400587,5.7577592445207655,-64.94570642339393,4.210246255329007,-1.5680823168816314,5.778328572210639,-62.56920727251948,3.9086593298881835,-1.6957681152584845,5.604427445146668,-66.41171223448112,4.19381421133551,-1.227994022510071,5.421808233845581,-65.47227708427408,4.215815496380816,-1.483119081637095,5.69893457801791,-62.70919015827533,3.8424012463384063,-1.5936266706606352,5.436027916999041,-67.98706290648543,4.170203599937864,-0.9576426949639413,5.127846294901805
2000-10-03 18:00:00,-47.0,2.0,-64.10852050665979,3.878542399825642,-0.9426523411084609,4.821194740934103,-57.32433348984226,3.660871114309037,-1.8123675233185652,5.4732386376276025,-61.02692964912708,3.918776774266851,-1.5435365140177957,5.462313288284647,-58.91543533096595,3.653771941553533,-1.6692235968924536,5.322995538445986,-62.50353069432879,3.9081815401523254,-1.206378230189407,5.1145597703417325,-61.54861304795592,3.9236640363181663,-1.4599032413654869,5.383567277683653,-59.11386116696028,3.5953289913150535,-1.5686810120842563,5.1640100033993095,-64.10852050665979,3.878542399825642,-0.9426523411084609,4.821194740934103
2000-10-03 19:00:00,-45.0,3.0,-60.47412908336745,3.6343914232923322,-0.9100840127914949,4.544475436083827,-53.86027244184496,3.464061047997295,-1.7497508215332205,5.213811869530516,-57.340977552320325,3.6859520968067487,-1.4902078351767247,5.176159931983474,-55.46051604121745,3.454919289748495,-1.6115524706805415,5.066471760429036,-58.82767685868967,3.67585383563912,-1.1604503386883445,4.836304174327465,-57.85995799836227,3.6886550495936508,-1.4094640645849104,5.098119114178561,-55.712538807489494,3.401322359470784,-1.514483599105814,4.915805958576598,-60.47412908336745,3.6343914232923322,-0.9100840127914949,4.544475436083827
2000-10-03 20:00:00,-42.0,6.0,-57.066832761766065,3.4072963216013847,-0.8853008533667349,4.29259717496812,-50.58824285870616,3.2720295831388,-1.7021020847636874,4.974131667902488,-53.87657090935873,3.4644066429615887,-1.449626902168211,4.9140335451298,-52.19844716754439,3.262068873673069,-1.567667113679559,4.829735987352628,-55.370716010070325,3.456960848619348,-1.1247312205498008,4.581692069169149,-54.39418149726874,3.465776501093531,-1.3710819238977727,4.836858424991304,-52.499158410604494,3.213380396885002,-1.4732415951201638,4.686621992005166,-57.066832761766065,3.4072963216013847,-0.8853008533667349,4.29259717496812
2000-10-03 21:00:00,-36.0,4.0,-53.85790226210175,3.20893049966431,-0.8540486424269614,4.0629791420912715,-47.477341227031154,3.1109016316750067,-1.642015783940901,4.752917415615908,-50.60115282479006,3.2754180845686727,-1.398453286376197,4.67387137094487,-49.09936055368351,3.0990866138608735,-1.5123265329789501,4.611413146839824,-52.09224470088924,3.278471309181083,-1.0700523759137184,4.3485236850948015,-51.11921740347403,3.274964093794708,-1.322681042617233,4.597645136411941,-49.44526535360639,3.053893056998108,-1.4212343515703025,4.475127408568411,-53.85790226210175,3.20893049966431,-0.8540486424269614,4.0629791420912715
2000-10-03 22:00:00,-32.0,6.0,-50.878702075476134,2.9792001866256177,-0.8732996474526749,3.8524998340782926,-44.609106855260485,2.8682343717706713,-1.679028259037307,4.547262630807978,-47.578784809610326,3.0223680151797367,-1.4299756492802,4.452343664459937,-46.237100724308526,2.8622598293749837,-1.5464156986781832,4.408675528053167,-49.06226892069824,3.029975780191001,-1.1030440595453044,4.133019839736305,-48.09453633822493,3.024681065249108,-1.352495432727944,4.377176497977052,-46.61988040194901,2.8253849516573792,-1.4532702196527654,4.278655171310144,-50.878702075476134,2.9792001866256177,-0.8732996474526749,3.8524998340782926
2000-10-03 23:00:00,-26.0,-5.0,-48.13937884899179,2.739323226484347,-0.9227767380054358,3.6620999644897827,-42.0215811372187,2.5875257180417788,-1.774154179968742,4.361679898010521,-44.83707471160266,2.7417100980076654,-1.5109914093277996,4.252701507335465,-43.64565010693551,2.5914506173730105,-1.6340284095946362,4.225479026967647,-46.28219399557843,2.780074925119804,-1.1586450420202599,3.938719967140064,-45.345289537977266,2.749246800247663,-1.4291215245767928,4.178368324824456,-44.054674556015925,2.565205845933087,-1.5356057415611113,4.100811587494198,-48.13937884899179,2.739323226484347,-0.9227767380054358,3.6620999644897827
2000-10-04 00:00:00,-31.0,5.0,-45.580035333410244,2.5593435155815447,-0.9319449454974034,3.4912884610789483,-39.61578531357064,2.405795823648061,-1.7917812104028352,4.197577034050896,-42.28751922035752,2.5495554912451452,-1.5260037976864846,4.07555928893163,-41.232944765373325,2.412705341562189,-1.6502632266310029,4.062968568193192,-43.71292285581727,2.569271139761161,-1.1952890590547387,3.7645601988158996,-42.786937525303614,2.5583520126736508,-1.4433204983143384,4.001672510987989,-41.66292278110723,2.391751774908701,-1.5508626845297,3.942614459438401,-45.580035333410244,2.5593435155815447,-0.9319449454974034,3.4912884610789483
2000-10-04 01:00:00,-26.0,-2.0,-43.183108221224906,2.39692711218534,-0.9384586111607968,3.335385723346137,-37.372267412449396,2.2435179011212467,-1.8043045507599045,4.047822451881151,-39.90997520252638,2.377544017831137,-1.536669533454699,3.914213551285836,-38.980210440250026,2.2527343251232974,-1.6617974518733853,3.9145317769966828,-41.29746969631315,2.4154531595041187,-1.1916546351360233,3.607107794640142,-40.39967138293078,2.3872661423728356,-1.4534083336704537,3.8406744760432896,-39.426707438669006,2.23621534243822,-1.5617021671253886,3.7979175095636086,-43.183108221224906,2.39692711218534,-0.9384586111607968,3.335385723346137
2000-10-04 02:00:00,-28.0,-4.0,-40.9184322205176,2.264676000707301,-0.927929672143257,3.192605672850558,-35.245708436652244,2.12655897579715,-1.784061343059437,3.910620318856587,-37.66271466507253,2.2472605374538572,-1.5194290290622432,3.7666895665161,-36.84493310190036,2.135277338349667,-1.6431530877829592,3.778430426132626,-39.01483807565463,2.282631620658523,-1.1795175957976982,3.462149216456221,-38.143349073401765,2.2563223095290104,-1.437101969670158,3.693424279199168,-37.30581103479515,2.120896403873859,-1.5441808116967415,3.6650772155706,-40.9184322205176,2.264676000707301,-0.927929672143257,3.192605672850558
2000-10-04 03:00:00,-32.0,-3.0,-38.77824903138043,2.1401831891371716,-0.9203898810671375,3.0605730702043092,-33.23251903399954,2.013189402652708,-1.7695651477146104,3.7827545503673186,-35.53994318171555,2.122771483356976,-1.5070830746456116,3.6298545580025876,-34.82308657503671,2.0218465268636496,-1.629801827057188,3.6516483539208378,-36.86063826385478,2.1541998117998458,-1.1736938981388207,3.3278937099386665,-36.011877403993125,2.1314716694086417,-1.4254249547716409,3.5568966241802826,-35.29617248654432,2.0096385482508285,-1.5316337393770747,3.5412722876279035,-38.77824903138043,2.1401831891371716,-0.9203898810671375,3.0605730702043092
2000-10-04 04:00:00,-35.0,-2.0,-36.83087731723252,1.9473717141479159,-0.990989216470978,2.938360930618894,-31.39458367350366,1.837935360495876,-1.8257284816749622,3.663663842170838,-33.60352908732411,1.9364140943914367,-1.5665107206135034,3.50292481500494,-32.97226841439825,1.8508181606384608,-1.6827772182069578,3.5335953788454186,-34.89220532420317,1.9684329396516158,-1.2351940804490595,3.2036270201006753,-34.06675855855287,1.9451188454402555,-1.4851663555628951,3.4302852010031506,-33.45438148538107,1.841791001163252,-1.5841335829204537,3.4259245840837056,-36.83087731723252,1.9473717141479159,-0.990989216470978,2.938360930618894
2000-10-04 05:00:00,-37.0,-4.0,-39.4132309849315,-2.5823536676989822,-5.411676302101928,2.829322634402946,-33.47502885776508,-2.08044518426142,-5.637048752636468,3.556603568375048,-35.834244727874264,-2.23071564055015,-5.619823998728421,3.3891083581782713,-34.9669982546584,-1.9947298402601472,-5.421958914959877,3.4272290746997296,-37.44598568475219,-2.553780360549021,-5.645924212657006,3.0921438521079847,-36.26321033902507,-2.1964517804722052,-5.513197411482183,3.316745631009978,-35.41263247498648,-1.9582509896054092,-5.280139060262509,3.3218880706570997,-39.4132309849315,-2.5823536676989822,-5.411676302101928,2.829322634402946
2000-10-04 06:00:00,-41.0,0.0,-43.897102059892234,-4.483871074960732,-7.458231962812408,2.9743608878516765,-37.741378583445425,-4.266349725680342,-7.944258391911667,3.6779086662313247,-40.44437286886333,-4.610128140989071,-8.130515646317999,3.520387505328929,-39.2883892165135,-4.321390961855104,-7.863325035746644,3.5419340738915404,-41.920216522032916,-4.4742308372807305,-7.711390125317133,3.2371592880364024,-40.83088435432198,-4.567674015296912,-8.012769304696308,3.4450952893993954,-39.67847910421686,-4.26584662923038,-7.698403564561205,3.432556935330825,-43.897102059892234,-4.483871074960732,-7.458231962812408,2.9743608878516765
2000-10-04 07:00:00,-41.0,-16.0,-50.587786086619715,-6.690684026727481,-9.925494243910796,3.2348102171833153,-43.85718337326513,-6.115804789819707,-10.048835492209061,3.933030702389354,-46.96224924260067,-6.517876373737339,-10.317477843722079,3.79960146998474,-45.47654902217991,-6.188159805666411,-9.9850670018353,3.7969071961688896,-48.57267375774103,-6.652457235708116,-10.151694938810824,3.4992377031027075,-47.281379115100634,-6.4504947607786525,-10.170303918420279,3.7198091576416266,-45.78854009201354,-6.110060987796679,-9.789976332674803,3.679915344878124,-50.587786086619715,-6.690684026727481,-9.925494243910796,3.2348102171833153
2000-10-04 08:00:00,-57.0,-6.0,-56.52744894019718,-5.939662853577467,-9.583429038899242,3.643766185321775,-49.36747511056932,-5.510291737304195,-9.82395974041595,4.313668003111754,-52.84490000814805,-5.88265076554738,-10.095189424200065,4.212538658652685,-51.080598440943575,-5.604049418763668,-9.781503699223475,4.1774542804598065,-54.48897313411304,-5.916299376372011,-9.82406261609849,3.907763239726478,-53.12767919154149,-5.846300076440857,-9.972008728607769,4.125708652166912,-51.329928282537146,-5.541388190523606,-9.590589920363426,4.04920172983982,-56.52744894019718,-5.939662853577467,-9.583429038899242,3.643766185321775
2000-10-04 09:00:00,-63.0,3.0,-63.45879522118157,-6.9313462809843855,-10.95855492009018,4.027208639105794,-55.8610480386144,-6.493572928045077,-11.165245900503042,4.671672972457965,-59.736795272073465,-6.891895263925414,-11.49541100557125,4.603515741645837,-57.70395970831677,-6.623361267373198,-11.161120965341153,4.537759697967955,-61.376973150534766,-6.888000016421731,-11.17802568722365,4.290025670801919,-60.02412158285626,-6.896442391314769,-11.408185012039166,4.511742620724396,-57.88289390837352,-6.552965625836369,-10.952349580041666,4.399383954205297,-63.45879522118157,-6.9313462809843855,-10.95855492009018,4.027208639105794
2000-10-04 10:00:00,-60.0,-11.0,-69.64900081511124,-6.190205593929667,-10.689125297331499,4.498919703401832,-62.130665616415996,-6.269617577801598,-11.38149599741828,5.111878419616683,-66.44320339137118,-6.706408119297724,-11.790045441240826,5.083637321943102,-64.30845294478391,-6.604493236467133,-11.58730820810461,4.9828149716374766,-67.56030339004482,-6.183330239510059,-10.940870497582537,4.757540258072479,-66.78124172075559,-6.7571201378993235,-11.746429194731691,4.989309056832368,-64.4322597793088,-6.54936587093528,-11.381596532794129,4.832230661858849,-69.64900081511124,-6.190205593929667,-10.689125297331499,4.498919703401832
2000-10-04 11:00:00,-71.0,-3.0,-75.50988796079174,-5.860887145680506,-10.803157681681748,4.942270536001242,-68.25265747058711,-6.121991854171109,-11.67769700835019,5.555705154179081,-73.00086367192439,-6.557660280553203,-12.131355408554313,5.57369512800111,-70.88820382624534,-6.579750881461434,-12.02708066464152,5.447329783180086,-73.42898979195542,-5.868686401910593,-11.066503518179884,5.197817116269291,-73.46379470549739,-6.682552984741805,-12.163077544936295,5.48052456019449,-70.96722336814396,-6.534963588835162,-11.820092689898894,5.285129101063732,-75.50988796079174,-5.860887145680506,-10.803157681681748,4.942270536001242
2000-10-04 12:00:00,-74.0,-19.0,-81.24491673296316,-5.735028772171418,-11.11626198167981,5.381233209508391,-74.28230104273544,-6.029643572148324,-12.036551163122677,6.006907590974353,-79.42715209366203,-6.42628842173764,-12.50097365630251,6.074685234564869,-77.35537698091473,-6.467173154669386,-12.397859182601259,5.930686027931873,-79.16432576346696,-5.73533597151154,-11.369045197459718,5.633709225948178,-80.10110924687272,-6.637314541375336,-12.626312740809126,5.988998199433791,-77.3959212527363,-6.42869788459234,-12.18594656076922,5.75724867617688,-81.24491673296316,-5.735028772171418,-11.11626198167981,5.381233209508391
2000-10-04 13:00:00,-93.0,23.0,-85.43879165118074,-4.193874918217579,-10.022720645164185,5.828845726946605,-78.82497561690678,-4.542674574171349,-11.01119558478856,6.468521010617211,-84.3159418792662,-4.888789785604182,-11.475342418336819,6.586552632732637,-82.40168859367799,-5.046311612763259,-11.472102588207893,6.425790975444634,-83.38690951058241,-4.222583747115447,-10.29923566623029,6.076651919114843,-85.17937310554714,-5.078263858674412,-11.594618059172554,6.516354200498141,-82.43108527873841,-5.035164026002104,-11.276559999785647,6.2413959737835425,-85.43879165118074,-4.193874918217579,-10.022720645164185,5.828845726946605
2000-10-04 14:00:00,-70.0,-17.0,-91.35782416725925,-5.919032516078523,-12.08652383053374,6.167491314455217,-84.8563031158767,-6.031327498969914,-12.858908995963636,6.827581496993722,-90.67630864603069,-6.360366766764482,-13.350186953712516,6.989820186948034,-88.83873188629023,-6.437043292612249,-13.26294751531512,6.825904222702872,-89.33928098787892,-5.952371477296514,-12.36584774177477,6.413476264478256,-91.69945921019655,-6.520086104649403,-13.454948147730727,6.934862043081324,-88.83693757328477,-6.405852294546363,-13.040096060615669,6.634243766069306,-91.35782416725925,-5.919032516078523,-12.08652383053374,6.167491314455217
2000-10-04 15:00:00,-87.0,-14.0,-99.59787901886058,-8.240054851601329,-14.901764455287498,6.66170960368617,-93.29854445281347,-8.44224133693677,-15.76153501873116,7.31929368179439,-99.4887925486287,-8.812483902598,-16.34489302841511,7.532409125817111,-97.91560249135789,-9.076870605067658,-16.430694379426782,7.353823774359124,-97.62026043656806,-8.280979448689141,-15.184690266792963,6.903710818103822,-100.70541790605776,-9.005958695861203,-16.49724734336243,7.491288647501229,-97.85686163153059,-9.019924058245813,-16.17128655365277,7.151362495406957,-99.59787901886058,-8.240054851601329,-14.901764455287498,6.66170960368617
2000-10-04 16:00:00,-101.0,-9.0,-106.8276716480005,-7.229792629139921,-14.611230376471315,7.381437747331394,-100.43556945166479,-7.137024998851322,-15.173296346077215,8.036271347225894,-106.88150247379818,-7.392709925169486,-15.710407123245682,8.317697198076196,-105.35297507685844,-7.437372585500556,-15.56902509970062,8.131652514200063,-104.87771123638743,-7.257450799819372,-14.873206894734324,7.615756094914952,-108.24258003788668,-7.537162131828927,-15.832331332210444,8.295169200381517,-105.25831142904916,-7.401449797518567,-15.313852847982,7.912403050463433,-106.8276716480005,-7.229792629139921,-14.611230376471315,7.381437747331394
2000-10-04 17:00:00,-110.0,-12.0,-112.4146195672031,-5.586947919202601,-13.630272813909928,8.043324894707327,-106.13217847294041,-5.6966090212756235,-14.365137086843529,8.668528065567905,-112.77200223948051,-5.890499765682339,-14.896995567577676,9.006495801895337,-111.37983518291703,-6.026860106058598,-14.82498731637774,8.798127210319143,-110.51145409893358,-5.633742862546153,-13.902264686900269,8.268521824354115,-114.2980579609173,-6.055477923030617,-15.054907339794632,8.999429416764015,-111.27466582347978,-6.016354394430623,-14.581979587383156,8.565625192952533,-112.4146195672031,-5.586947919202601,-13.630272813909928,8.043324894707327
2000-10-04 18:00:00,-122.0,-19.0,-117.14850270041865,-4.7338831332155475,-13.308156283704626,8.574273150489079,-111.07470014303507,-4.942521670094656,-14.132881688526805,9.190360018432148,-117.8641400698626,-5.092137830382082,-14.667079251870337,9.574941421488255,-116.65786031831257,-5.278025135395534,-14.635481332114875,9.35745619671934,-115.29991053367645,-4.788456434742873,-13.582203018691114,8.793746583948241,-119.55004266961285,-5.251984708695543,-14.83801281034937,9.586028101653827,-116.55529880937684,-5.280632985897059,-14.396324419187025,9.115691433289966,-117.14850270041865,-4.7338831332155475,-13.308156283704626,8.574273150489079
2000-10-04 19:00:00,-141.0,-2.0,-119.94158160926717,-2.793078908848523,-11.830510482369707,9.037431573521184,-114.15176738495396,-3.077067241918879,-12.73253821308537,9.65547097116649,-121.01590157500915,-3.151761505146556,-13.232122509305686,10.08036100415913,-119.98943286641553,-3.3315725481029546,-13.193017730360538,9.861445182257583,-118.14975049253464,-2.849839958858185,-12.102720764483166,9.252880805624981,-122.82382248305413,-3.2737798134412817,-13.383567729186728,10.109787915745446,-119.91554727390445,-3.3602484645276096,-12.972845210204516,9.612596745676907,-119.94158160926717,-2.793078908848523,-11.830510482369707,9.037431573521184
2000-10-04 20:00:00,-143.0,4.0,-120.79505409271002,-0.8534724834428502,-10.169890523778989,9.316418040336139,-115.22348154326795,-1.0717141583139949,-11.022548035891441,9.950833877577447,-122.0641737332004,-1.0482721581912493,-11.447973468380669,10.39970131018942,-121.12286701087658,-1.1334341444610416,-11.319810410446808,10.186376265985766,-119.052103732088,-0.9023532395533653,-10.434032440974624,9.531679201421259,-123.93898288388213,-1.1151604008280067,-11.558477639874031,10.443317239046024,-121.10117499221917,-1.185627718314727,-11.12128761061326,9.935659892298533,-120.79505409271002,-0.8534724834428502,-10.169890523778989,9.316418040336139
2000-10-04 21:00:00,-139.0,21.0,-120.42263231801022,0.3724217746998093,-9.030091237593666,9.402513012293475,-115.03713382106952,0.18634772219842688,-9.868403140914186,10.054750863112613,-121.79542892965593,0.2687448035444806,-10.23827226750248,10.507017071046961,-120.89952174158152,0.22334526929504683,-10.074776483654395,10.298121752949442,-118.71959540238214,0.3325083297058651,-9.288310200690633,9.620818530396498,-123.70900779653287,0.2299750873492563,-10.328189458616455,10.558164545965711,-120.94143569229556,0.1597392999236078,-9.891184319765305,10.050923619688913,-120.42263231801022,0.3724217746998093,-9.030091237593666,9.402513012293475
2000-10-04 22:00:00,-118.0,-2.0,-119.58275758271088,0.8398747352993361,-8.525021126343852,9.364895861643188,-114.36928267301836,0.6678511480511506,-9.36879204835974,10.03664319641089,-121.03225253407555,0.763176395580377,-9.71627569911762,10.479452094697997,-120.17158191201176,0.7279398295697703,-9.548114045576435,10.276053875146205,-117.91759909347104,0.8019963089111055,-8.785926980328798,9.587923289239903,-122.97860815819078,0.7303996383420852,-9.804029000011083,10.534428638353168,-120.27736821757887,0.6640674747166813,-9.37128794756245,10.035355422279132,-119.58275758271088,0.8398747352993361,-8.525021126343852,9.364895861643188
2000-10-04 23:00:00,-120.0,-4.0,-118.27997706808246,1.3027805146284175,-7.977558997143057,9.280339511771475,-113.1664353702899,1.202847302728454,-8.769033923739755,9.97188122646821,-119.70206054373476,1.3301919903407988,-9.071179002929169,10.401370993269968,-118.83989920656211,1.331682705449646,-8.872610558924833,10.20429326437448,-116.63979809896068,1.277800994510363,-8.231012135331156,9.508813129841519,-121.6660925203438,1.3125156378469836,-9.146705015576565,10.459220653423548,-119.00927715461731,1.2680910629615525,-8.702673669908352,9.970764732869904,-118.27997706808246,1.3027805146284175,-7.977558997143057,9.280339511771475
2000-10-05 00:00:00,-124.0,2.0,-116.31489625524867,1.9650808128337882,-7.1848569660991615,9.14993777893295,-111.25997678821011,1.9064585820797992,-7.949310492450148,9.855769074529947,-117.63283429859803,2.0692262451367363,-8.196749844150178,10.265976089286914,-116.75124243544582,2.0886567711162893,-7.985009393309017,10.073666164425306,-114.69204029821299,1.9477578007476923,-7.435688101516761,9.383445902264453,-119.59003439219396,2.076058128149846,-8.2486921527074,10.324750280857247,-116.98652009725102,2.022757057366289,-7.825245798171312,9.848002855537601,-116.31489625524867,1.9650808128337882,-7.1848569660991615,9.14993777893295
2000-10-05 01:00:00,-122.0,15.0,-114.05267885805449,2.2622173971941715,-6.692771210348568,8.95498860754274,-109.0859416491601,2.1740351390500026,-7.499094349985868,9.67312948903587,-115.30800058614878,2.3248337124492515,-7.7322872484345275,10.057120960883779,-114.41578530861085,2.335457126834968,-7.53502394884615,9.870481075681118,-112.43818883592203,2.2538514622909522,-6.9400971730016225,9.193948635292575,-117.2549848688036,2.3350495233903468,-7.778780051283914,10.113829574674261,-114.71498790319124,2.271532194059776,-7.3822246636221935,9.65375685768197,-114.05267885805449,2.2622173971941715,-6.692771210348568,8.95498860754274
2000-10-05 02:00:00,-107.0,16.0,-111.79252955326801,2.260149304786487,-6.473011544583422,8.73316084936991,-106.85428972690443,2.2316519222556783,-7.235288595526213,9.466940517781891,-112.92542665898688,2.3825739271619053,-7.442452934296941,9.825026861458847,-112.00713046221674,2.408654846394107,-7.237083732204413,9.64573857859852,-110.17345014627907,2.2647386896429653,-6.712345374428259,8.977084064071224,-114.86058059534827,2.3944042734553417,-7.484792879613742,9.879197153069084,-112.36405799508206,2.3509299081091823,-7.086997392910363,9.437927301019545,-111.79252955326801,2.260149304786487,-6.473011544583422,8.73316084936991
2000-10-05 03:00:00,-91.0,-17.0,-113.04862946945653,-1.2560999161885196,-9.770414045657805,8.514314129469286,-108.03350198190248,-1.1792122549980473,-10.436809679112137,9.25759742411409,-114.1344011286741,-1.2089744696872167,-10.798954093589746,9.58997962390253,-113.16543441827511,-1.1583039560583828,-10.5749672708152,9.416663314756818,-111.43212472820636,-1.2586745819272913,-10.020453585789765,8.761779003862474,-116.08190024216945,-1.2213196468211809,-10.862779800908104,9.641460154086923,-113.52817986704606,-1.1641218719639959,-10.381245074743223,9.217123202779227,-113.04862946945653,-1.2560999161885196,-9.770414045657805,8.514314129469286
2000-10-05 04:00:00,-108.0,-34.0,-133.4032245241618,-20.354595054705264,-28.990192568257875,8.63559751355261,-128.4775660845698,-20.444064102667298,-29.811987483846668,9.36792338117937,-134.98570155762738,-20.851300428953273,-30.56019295729925,9.708892528345977,-134.3233869756559,-21.157952557380792,-30.68443282631549,9.526480268934698,-131.7585272395733,-20.32640251136696,-29.207519075446015,8.881116564079054,-136.99806326305617,-20.916163020886724,-30.678524484118004,9.76236146323128,-134.44806677672116,-20.91988690967509,-30.24602013132686,9.32613322165177,-133.4032245241618,-20.354595054705264,-28.990192568257875,8.63559751355261
2000-10-05 05:00:00,-142.0,-24.0,-152.7871812818231,-19.383956757661295,-30.1044664390037,10.720509681342405,-148.2428207377355,-19.76525465316572,-31.14978335523699,11.38452870207127,-154.97891193675542,-19.993210379128058,-31.868300220354385,11.875089841226329,-155.0546692982325,-20.731282322576607,-32.37573819087307,11.644455868296465,-151.1858851742481,-19.427357934674795,-30.347438581031376,10.920080646356583,-156.8358268266526,-19.837763563596447,-31.78758843369787,11.949824870101425,-154.97744691380584,-20.52938013708466,-31.923715939872046,11.394335802787385,-152.7871812818231,-19.383956757661295,-30.1044664390037,10.720509681342405
2000-10-05 06:00:00,-166.0,-9.0,-178.22650015715527,-25.439318875332148,-38.35469243447571,12.915373559143562,-172.99598685962675,-24.75316612189124,-38.27409458562249,13.520928463731252,-179.94319123483393,-24.96427929807851,-39.1211044751125,14.156825177033996,-179.83409319804747,-24.779423899814958,-38.70518075259152,13.925756852776557,-176.6074886232452,-25.421603448997075,-38.487218413958686,13.065614964961613,-181.87384667898652,-25.038019852333917,-39.26667791455181,14.228658062217896,-179.5113718978316,-24.53392498402575,-38.15905132645636,13.625126342430608,-178.22650015715527,-25.439318875332148,-38.35469243447571,12.915373559143562
2000-10-05 07:00:00,-175.0,22.0,-163.22417750650456,15.002322650650722,-1.1035086530904077,16.10583130374113,-158.6622111029698,14.33377575665697,-2.1216339867254983,16.455409743382468,-164.46292281230498,15.480268422528944,-1.8069290504033875,17.28719747293233,-164.86807620580558,14.966016992241885,-1.95406365929937,16.920080651541255,-161.681908961477,14.925579661768179,-1.2380279686169944,16.163607630385172,-166.19428016877626,15.679566510210254,-1.709024408327637,17.38859091853789,-164.7952672312487,14.716104666582899,-1.8363642620757272,16.552468928658627,-163.22417750650456,15.002322650650722,-1.1035086530904077,16.10583130374113
2000-10-05 08:00:00,-153.0,20.0,-150.15500163836177,13.069175868142784,-1.1125876322856167,14.181763500428401,-146.08025069427939,12.581960408690406,-2.139089464551961,14.721049873242368,-150.97545339057774,13.487469421727235,-1.8217953327926448,15.30926475451988,-151.7614614340843,13.106614771721258,-1.970140473250225,15.076755244971483,-148.728721837744,12.953187123733024,-1.3516105993624612,14.304797723095485,-152.54467354987193,13.649606618904318,-1.7230851925397566,15.372691811444074,-151.8843305156235,12.910936715625173,-1.8514727189813613,14.762409434606534,-150.15500163836177,13.069175868142784,-1.1125876322856167,14.181763500428401
2000-10-05 09:00:00,-133.0,14.0,-138.64509094840957,11.509910689952179,-1.0954334922337354,12.605344182185915,-134.9081251051851,11.172125589094279,-2.1061084757348856,13.278234064829164,-139.085276543062,11.89017684751572,-1.7937064601701902,13.68388330768591,-140.1514833172703,11.609978116814013,-1.9397643800605262,13.549742496874538,-137.272459638382,11.456262199361987,-1.3273634166324473,12.783625615994435,-140.52231963394775,12.02235391592419,-1.6965182562765624,13.718872172200753,-140.43099058929704,11.453339926326471,-1.8229262733783327,13.276266199704803,-138.64509094840957,11.509910689952179,-1.0954334922337354,12.605344182185915
2000-10-05 10:00:00,-119.0,2.0,-128.48574948422333,10.159341464186241,-1.134560100362474,11.293901564548715,-125.0300099351407,9.878115170044389,-2.181334294181115,12.059449464225503,-128.6164261147061,10.468850428355934,-1.8577739277641896,12.326624356120123,-129.8953511392101,10.256132178060188,-2.009048733057577,12.265180911117765,-127.09663388757015,10.175825750811853,-1.3336623811375805,11.509488131949434,-129.93928343116573,10.583036202782,-1.7571143631759676,12.340150565957968,-130.29514543534083,10.135845153956222,-1.8880374119839407,12.023882565940163,-128.48574948422333,10.159341464186241,-1.134560100362474,11.293901564548715
2000-10-05 11:00:00,-117.0,-49.0,-149.53439171660796,-21.048642232384637,-31.244823462407467,10.196181230022829,-139.50330627408482,-14.47329633894411,-25.503988450214038,11.030692111269929,-143.55692272502858,-14.940496610322485,-26.130776092441327,11.190279482118841,-143.8866391606351,-13.991288021424984,-25.174907986486776,11.183619965061792,-148.04631210074535,-20.949678213175204,-31.38351491687865,10.433836703703447,-144.7104502854079,-14.771166854242146,-25.958067054209174,11.186900199967027,-144.09564131388828,-13.800495878547457,-24.767797590653892,10.967301712106435,-149.53439171660796,-21.048642232384637,-31.244823462407467,10.196181230022829
2000-10-05 12:00:00,-166.0,-15.0,-167.58715482138706,-18.052763104779117,-30.585557905350232,12.532794800571116,-153.06940495445664,-13.56609868037182,-26.11974190181285,12.553643221441032,-157.52251667380534,-13.965593948776746,-26.794340146469406,12.82874619769266,-157.19588144179338,-13.309242281158268,-25.980713103137877,12.671470821979609,-166.0961323891148,-18.049820288369467,-30.7556769138959,12.705856625526433,-158.83894328472556,-14.128492999317665,-26.94065244673663,12.812159447418967,-157.24942678070875,-13.15378546682047,-25.571636374878054,12.417850908057584,-167.58715482138706,-18.052763104779117,-30.585557905350232,12.532794800571116
2000-10-05 13:00:00,-181.0,17.0,-171.80548650962805,-4.218331688241008,-18.947035546137585,14.728703857896576,-153.65364764646196,-0.5842426920053203,-14.654761378207215,14.070518686201895,-157.9855424745844,-0.46302580077907507,-14.924509555313472,14.461483754534397,-157.28486872877735,-0.08898728698397917,-14.261985821986036,14.172998535002057,-170.40895877311686,-4.3128263840020615,-19.155544285884815,14.842717901882754,-159.29714433715674,-0.4582010524311819,-14.928011664740804,14.469810612309622,-157.35210398751593,-0.10267720680718284,-13.986933086953755,13.884255880146572,-171.80548650962805,-4.218331688241008,-18.947035546137585,14.728703857896576
2000-10-05 14:00:00,-164.0,-3.0,-172.7866146326453,-0.9811281230172533,-16.248478896106235,15.267350773088982,-152.99650852652186,0.6571391199400907,-13.480648554792522,14.137787674732612,-157.2145003536991,0.771042120885312,-13.746249183469818,14.51729130435513,-156.26719639045785,1.0176723383194854,-13.16564847446018,14.183320812779666,-171.57119171277108,-1.1622329396542135,-16.54010345812283,15.377870518468615,-158.59874252478846,0.6984018123682798,-13.826855803645133,14.525257616013413,-156.36651096526842,0.9855930222475155,-12.910431305743902,13.896024327991418,-172.7866146326453,-0.9811281230172533,-16.248478896106235,15.267350773088982
2000-10-05 15:00:00,-167.0,17.0,-164.2073150421291,8.579299590516197,-6.814719928031842,15.394019518548038,-145.2808178242241,7.715690702297772,-6.346446034828974,14.062136737126746,-149.0254235134026,8.189076840296519,-6.235341866617659,14.424418706914178,-148.21835943648244,8.048836953975407,-6.016660927128049,14.065497881103456,-163.16853685960746,8.402654853163614,-7.121051259230627,15.52370611239424,-150.31794021189253,8.280802312895924,-6.159983917363878,14.440786230259802,-148.4303833227433,7.936127642525125,-5.847137733733356,13.78326537625848,-164.2073150421291,8.579299590516197,-6.814719928031842,15.394019518548038
2000-10-05 16:00:00,-150.0,2.0,-156.07372375831036,8.133591283818726,-6.170514591489642,14.304105875308368,-137.9050945849052,7.375723239318882,-5.813350902645615,13.189074141964497,-141.24592083871335,7.779502674689229,-5.676927024053154,13.456429698742383,-140.56418668701062,7.654172749471817,-5.49676952066555,13.150942270137367,-155.15073056985977,8.01780628974768,-6.467044108500881,14.484850398248561,-142.46075864333804,7.857181568554501,-5.600821228299329,13.45800279685383,-140.8726304803795,7.557752842363785,-5.334303263807072,12.892056106170857,-156.07372375831036,8.133591283818726,-6.170514591489642,14.304105875308368
2000-10-05 17:00:00,-148.0,5.0,-153.35226776631808,2.721455991992297,-10.586307910062597,13.307763902054894,-133.56297734493307,4.342117239972126,-8.038519046295214,12.38063628626734,-136.65947191205305,4.5864489266602915,-7.9815429579922155,12.567991884652507,-135.9074780827513,4.656708604259295,-7.653038610819314,12.309747215078609,-152.4294888454961,2.721241724363667,-10.805874212224431,13.527115936588098,-137.86296036290824,4.597798280429801,-7.959716198784806,12.557514479214607,-136.25915315618053,4.613477324198976,-7.457547192967257,12.071024517166233,-153.35226776631808,2.721455991992297,-10.586307910062597,13.307763902054894
2000-10-05 18:00:00,-143.0,1.0,-151.0412115832223,2.311056183095774,-10.67136676967646,12.982422952772234,-130.7687257926724,2.7942515522606612,-9.122410194459405,11.916661746720067,-133.7756645728116,2.883807339241452,-9.174616864959273,12.058424204200724,-132.87539864507968,3.032079437671616,-8.779496004615975,11.811575442287591,-150.16932928299178,2.260159562504322,-10.949346516443741,13.209506078948063,-134.979485867958,2.8834744949502245,-9.161560432205864,12.045034927156088,-133.25385042311788,3.0053027330626385,-8.577816250803252,11.58311898386589,-151.0412115832223,2.311056183095774,-10.67136676967646,12.982422952772234
2000-10-05 19:00:00,-142.0,6.0,-142.85541434010437,8.185797243117907,-4.523507964206632,12.709305207324539,-123.98322690863432,6.785498884038077,-4.837270411713101,11.622769295751178,-126.67485866885247,7.100805903959121,-4.642618677593743,11.743424581552864,-125.92608592901661,6.949312716063073,-4.543423893993342,11.492736610056415,-142.07323154351923,8.096097739472556,-4.852481998770918,12.948579738243474,-127.81540564984182,7.164080218116186,-4.5650043325507985,11.729084550666984,-126.37491450831247,6.8789359148054166,-4.391766302394383,11.2707022171998,-142.85541434010437,8.185797243117907,-4.523507964206632,12.709305207324539
2000-10-05 20:00:00,-136.0,2.0,-136.5694437831196,6.28597055698477,-5.479302744768116,11.765273301752886,-118.75671216131519,5.226514747319134,-5.697847302030319,10.924362049349453,-121.25851164027753,5.416347028574935,-5.5692239182479595,10.985570946822895,-120.54015106028238,5.385934868734219,-5.39250248290035,10.778437351634569,-135.8461363079933,6.227095235525915,-5.808183029887503,12.035278265413417,-122.35425075276532,5.461154897076492,-5.501117853374048,10.96227275045054,-121.03691324645828,5.338001261854182,-5.233676356238628,10.57167761809281,-136.5694437831196,6.28597055698477,-5.479302744768116,11.765273301752886
2000-10-05 21:00:00,-134.0,19.0,-130.84653019040184,5.722913592717758,-5.34215288594052,11.065066478658277,-114.11807972206377,4.638632439251423,-5.762535524372434,10.401167963623857,-116.48050074824229,4.7780108920352475,-5.64647837641407,10.424489268449317,-115.76132624163905,4.778824818643323,-5.461770720345313,10.240595538988636,-130.17228847081674,5.673847837176568,-5.681689260047959,11.355537097224527,-117.54541138382531,4.80883936894002,-5.586305876483842,10.395145245423862,-116.29580381905313,4.741109427405155,-5.303549789734616,10.04465921713977,-130.84653019040184,5.722913592717758,-5.34215288594052,11.065066478658277
2000-10-05 22:00:00,-115.0,8.0,-124.48266451245635,6.363865677945482,-4.082394480930329,10.44626015887581,-109.08201785287585,5.036061869187914,-4.91151429044016,9.947576159628074,-111.27224698780634,5.208253760435957,-4.7334881383269405,9.941741898762897,-110.60791118380288,5.153415057836165,-4.621489747468333,9.774904805304498,-123.86527357266137,6.307014898155375,-4.446375257054358,10.753390155209733,-112.29984045110488,5.24557093272042,-4.662659155437097,9.908230088157516,-111.17907205977677,5.116731759276366,-4.471138544617718,9.587870303894084,-124.48266451245635,6.363865677945482,-4.082394480930329,10.44626015887581
2000-10-05 23:00:00,-107.0,3.0,-118.86843624384763,5.614228268608732,-4.164828171008796,9.779056439617529,-104.7732453420492,4.308772510826661,-5.15779787597246,9.466570386799122,-106.83637748767416,4.435869500132189,-4.992691850460566,9.428561350592755,-106.18394602319819,4.4239651606047,-4.860889427165837,9.284854587770537,-118.30695219071261,5.558321381948761,-4.544976486458464,10.103297868407225,-107.83410863886279,4.465731812242103,-4.924680235030506,9.390412047272608,-106.77975296113682,4.399319098639947,-4.707498517505964,9.10681761614591,-118.86843624384763,5.614228268608732,-4.164828171008796,9.779056439617529
2000-10-06 00:00:00,-104.0,2.0,-112.27100714294909,6.597429100898532,-2.6112962061774065,9.20872530707594,-99.36053393771097,5.41271140433822,-3.6517798213212136,9.064491225659433,-101.23335962072859,5.603017866945569,-3.399190413924126,9.002208280869695,-100.71253597129919,5.471410051899003,-3.4028118968075542,8.874221948706557,-111.74005222580695,6.566899964905656,-2.9802786272794117,9.547178592185068,-102.18911935974313,5.644989279119656,-3.315537936870714,8.96052721599037,-101.3424350619784,5.43731789915842,-3.26579344296212,8.70311134212054,-112.27100714294909,6.597429100898532,-2.6112962061774065,9.20872530707594
2000-10-06 01:00:00,-102.0,6.0,-104.85180210235157,7.419205040597512,-1.1412076084710054,8.560412649068518,-92.98288772633968,6.377646211371287,-2.1941149634496306,8.571761174820917,-94.62424503939614,6.609114581332445,-1.868658822486545,8.47777340381899,-94.35414512844955,6.35839084284965,-2.0208199629282273,8.379210805777877,-104.32989225470646,7.41015997110048,-1.5002747372960221,8.910434708396503,-95.52499296929471,6.664126390448416,-1.767409482820222,8.431535873268638,-95.02473617331955,6.317698888658857,-1.8990996236740612,8.216798512332918,-104.85180210235157,7.419205040597512,-1.1412076084710054,8.560412649068518
2000-10-06 02:00:00,-96.0,6.0,-98.13312958063122,6.718672521720347,-1.1409399235807292,7.859612445301076,-87.16762737353173,5.815260352807957,-2.1936003056267377,8.008860658434696,-88.61306608150748,6.011178957888666,-1.868220504578262,7.879399462466928,-88.55269266418146,5.801452464268076,-2.0203459536716912,7.8217984179397675,-97.61612109466523,6.7137711600412375,-1.504541100180668,8.218312260221905,-89.46423275592103,6.0607602133736815,-1.7669949142439436,7.827755127617625,-89.25408654306614,5.7706496302534145,-1.8986541654851974,7.669303795738612,-98.13312958063122,6.718672521720347,-1.1409399235807292,7.859612445301076
2000-10-06 03:00:00,-90.0,3.0,-91.99596402698697,6.1371655536442455,-1.1136360647725327,7.250801618416778,-81.7964739619739,5.371153411557827,-2.141105207691626,7.512258619249454,-83.08240198765316,5.530664093854323,-1.8235120779334189,7.354176171787742,-83.19474219253104,5.357950471650433,-1.9719970095049923,7.3299474811554255,-91.46986720342973,6.146253891235502,-1.4691375514634473,7.615391442698949,-83.89082660837997,5.57340614754107,-1.7247089194635148,7.298115067004585,-83.92159375520941,5.332492787856725,-1.8532174302210784,7.185710218077803,-91.99596402698697,6.1371655536442455,-1.1136360647725327,7.250801618416778
2000-10-06 04:00:00,-87.0,2.0,-86.37667347292154,5.619290554065436,-1.0968388379076865,6.716129391973122,-76.83758397907926,4.958889982894652,-2.108810429305075,7.067700412199727,-77.99147208677795,5.09092990087521,-1.7960076291886746,6.886937530063885,-78.24711235063526,4.947629841895779,-1.9422529286573416,6.88988277055312,-85.83161598020314,5.6382512232265825,-1.4453210335041191,7.083572256730702,-78.7620835801042,5.1287430282757684,-1.6986947413020255,6.827437769577794,-78.99402441054856,4.927569344660855,-1.825264928869868,6.7528342735307225,-86.37667347292154,5.619290554065436,-1.0968388379076865,6.716129391973122
2000-10-06 05:00:00,-85.0,2.0,-81.23052019812755,5.146153274793981,-1.0983780260267761,6.244531300820758,-72.28005223138241,4.557531747696848,-2.111769711786711,6.66930145948356,-73.31959822436725,4.671873862410687,-1.7985279571613009,6.470401819571987,-73.69647469281549,4.550637657819781,-1.9449784818824252,6.495616139702206,-80.66619385229924,5.165422127903891,-1.447214400191109,6.612636528095001,-74.05498928051273,4.707094299591471,-1.701078510615628,6.408172810207099,-74.45706809923598,4.536956311312578,-1.8278263134558355,6.364782624768414,-81.23052019812755,5.146153274793981,-1.0983780260267761,6.244531300820758
2000-10-06 06:00:00,-83.0,0.0,-76.48239365260163,4.748126545525925,-1.0795731624848566,5.8276997080107815,-68.0423279142667,4.237724317115707,-2.0756149997284608,6.313339316844168,-68.98774917140607,4.331849052961194,-1.7677361241044356,6.099585177065629,-69.46491409749375,4.231560595321742,-1.9116793316107525,6.143239926932495,-75.89056371012825,4.77563014217099,-1.4197808328899406,6.1954109750609305,-69.69187644203711,4.363112838475622,-1.6719550681320485,6.0350679066076705,-70.23595595110113,4.22111214813485,-1.7965328756881458,6.017645023822996,-76.48239365260163,4.748126545525925,-1.0795731624848566,5.8276997080107815
2000-10-06 07:00:00,-83.0,0.0,-72.0733873809111,4.4090062716905285,-1.0468709917227523,5.455877263413281,-64.06395515792292,3.9783727563437843,-2.012740969031669,5.991113725375453,-64.93640442171034,4.051344749695731,-1.7141882863092235,5.765533036004954,-65.49429705613775,3.970617041355993,-1.8537712007705724,5.824388242126566,-71.44531899893173,4.4452447111965165,-1.37652000887908,5.821764720075596,-65.613963384661,4.077913057376108,-1.6213086070633327,5.699221664439441,-66.27465402002537,3.96130193107576,-1.7421127336152717,5.7034146646910315,-72.0733873809111,4.4090062716905285,-1.0468709917227523,5.455877263413281
2000-10-06 08:00:00,-83.0,3.0,-67.97275238653909,4.100634994372013,-1.0209501715143177,5.12158516588633,-60.3305707141009,3.733384443822021,-1.9629049365148397,5.696289380336861,-61.14652399301502,3.789880428695314,-1.671744502190508,5.461624930885822,-61.76924263478266,3.725054421355094,-1.8078713044293107,5.532925725784405,-67.30126724998364,4.144051748948092,-1.3403585374611795,5.484410286409272,-61.80110746980188,3.812855914859126,-1.5811645499270106,5.394020464786137,-62.55744253032986,3.717211489695509,-1.69897753232695,5.416189022022459,-67.97275238653909,4.100634994372013,-1.0209501715143177,5.12158516588633
2000-10-06 09:00:00,-80.0,4.0,-64.15226290066772,3.8204894858713603,-0.9996692227373412,4.820158708608702,-56.82617463566425,3.504396078436649,-1.9219896395948266,5.426385718031476,-57.59864326506489,3.5478807279501354,-1.636898228482027,5.1847789564321625,-58.27314016909439,3.4961024656882653,-1.7701875685346777,5.266290034222943,-63.43230092392046,3.868966326063179,-1.31001546486308,5.178981790926259,-58.23305970167506,3.5680477681268172,-1.5482063481128527,5.11625411623967,-59.067595605928865,3.4898469244009904,-1.663563606312269,5.153410530713259,-64.15226290066772,3.8204894858713603,-0.9996692227373412,4.820158708608702
2000-10-06 10:00:00,-76.0,5.0,-60.569515470848124,3.5827474298195976,-0.9648032657788357,4.547550695598433,-53.50213328226158,3.324041353402672,-1.8549554581629815,5.1789968115656535,-54.246314561674005,3.352328703390879,-1.5798073209281955,4.932136024319075,-54.959555819782864,3.3135843493115242,-1.7084478628708295,5.022032212182354,-59.796925688028274,3.6353752358921834,-1.2663507609841491,4.9017259968763325,-54.86429632965899,3.368763372016066,-1.4942087910525506,4.8629721630686165,-55.760486438346625,3.3071091675822415,-1.6055426772127448,4.912651844794986,-60.569515470848124,3.5827474298195976,-0.9648032657788357,4.547550695598433
2000-10-06 11:00:00,-71.0,3.0,-57.242519369540915,3.3269961013072087,-0.9721199861130584,4.299116087420267,-50.42148255901563,3.08065072324595,-1.8690227719887305,4.949673495234681,-51.138886357226305,3.1074282044476993,-1.591788010421258,4.699216214868957,-51.885080247419204,3.074475572363663,-1.7214041158828208,4.795879688246484,-56.42406902214189,3.3728566658863794,-1.2753031690737382,4.648159834960118,-51.7400990885791,3.12419724107989,-1.505540332137502,4.629737573217392,-52.68839024551761,3.0720961928290116,-1.617718534375025,4.689814727204037,-57.242519369540915,3.3269961013072087,-0.9721199861130584,4.299116087420267
2000-10-06 12:00:00,-68.0,2.0,-54.09301860579973,3.1495007637411865,-0.9251635949437339,4.07466435868492,-47.45844787671693,2.963034682298697,-1.7787432122228735,4.7417778945215705,-48.165442673858415,2.973443683367889,-1.5148997440099878,4.488343427377877,-48.93262920100512,2.9524510464140836,-1.6382549921320844,4.590706038546168,-53.21828265267229,3.2057863694696005,-1.2131398563388194,4.41892622580842,-48.754359413703945,2.9857396748751563,-1.4328180943819444,4.4185577692571005,-49.740521244168825,2.9478690013487876,-1.5395777437451477,4.487446745093935,-54.09301860579973,3.1495007637411865,-0.9251635949437339,4.07466435868492
2000-10-06 13:00:00,-66.0,1.0,-51.16169349244262,2.9313251133571074,-0.9364063603353441,3.8677314736924515,-44.71277918894247,2.745668687774462,-1.8003588407843893,4.546027528558851,-45.40765680719696,2.757785866661457,-1.5333090961578644,4.291094962819321,-46.19289518128183,2.7397340197232944,-1.6581633809066074,4.397897400629902,-50.24081308269669,2.9774695699756,-1.228950684519317,4.206420254494917,-45.983245814150116,2.7711135995538294,-1.4502299745856504,4.22134357413948,-47.00135035267217,2.7391708914966575,-1.558286987677432,4.29745787917409,-51.16169349244262,2.9313251133571074,-0.9364063603353441,3.8677314736924515
2000-10-06 14:00:00,-65.0,2.0,-48.439023105925074,2.7226703865175463,-0.9573080888510955,3.679978475368642,-42.18500379023492,2.5277753987075453,-1.8405450391219704,4.3683204378295155,-42.863077065733044,2.5445797414639104,-1.5675344194962777,4.112114160960188,-43.66539061314621,2.5275045681356194,-1.6951756036878138,4.222680171823433,-47.483378077454034,2.7574350052426526,-1.2563042606497372,4.01373926589239,-43.4235124422841,2.559733371866015,-1.4826008709167464,4.042334242782761,-44.46981745347639,2.5315328991957804,-1.5930698479245555,4.124602747120336,-48.439023105925074,2.7226703865175463,-0.9573080888510955,3.679978475368642
2000-10-06 15:00:00,-63.0,3.0,-45.89257992022148,2.546443185703593,-0.9633309988823154,3.5097741845859085,-39.829280295815536,2.3557234944193897,-1.8521248401370687,4.207848334556458,-40.49012133393231,2.3729557318007393,-1.5773965724326404,3.95035230423338,-41.30703696995931,2.3583536431868977,-1.7058408119598802,4.064194455146778,-44.9087120316095,2.5746660458445367,-1.2646600194058983,3.839326065250435,-41.03501565371796,2.3884967885661395,-1.4919286638830176,3.880425452449157,-42.10490468947592,2.3649127640004672,-1.6030926571739936,3.968005421174461,-45.89257992022148,2.546443185703593,-0.9633309988823154,3.5097741845859085
2000-10-06 16:00:00,-60.0,5.0,-43.45494405460306,2.437635865618417,-0.9165976784548878,3.354233544073305,-37.53055247684605,2.29872781896949,-1.7622741618902893,4.061001980859779,-38.18856927565596,2.3015520582763527,-1.500873570944939,3.8024256292212915,-39.011074626505604,2.29596234345371,-1.6230866959229238,3.919049039376634,-42.43024529302654,2.478466738582961,-1.201504075119869,3.67997081370283,-38.72223534585768,2.3127803078602804,-1.4195518999410255,3.732332207801306,-39.8057748578693,2.2991298316066233,-1.5253230817015024,3.8244529133081255,-43.45494405460306,2.437635865618417,-0.9165976784548878,3.354233544073305
2000-10-06 17:00:00,-55.0,5.0,-41.185185141117756,2.269758913485306,-0.938882445570401,3.208641359055707,-35.41544923377324,2.1151032430728125,-1.805119425646152,3.9202226687189645,-36.06428601741411,2.1242832582418476,-1.53736353680948,3.6616467950513276,-36.89334374416476,2.1177308823408465,-1.6625479665295677,3.780278848870414,-40.131291838482696,2.298953454543839,-1.2308068542986483,3.529760308842487,-36.58462087012336,2.137614475734321,-1.4540647339162285,3.5916792096505494,-37.68075342159394,2.1250214362753628,-1.562407475924423,3.6874289121997856,-41.185185141117756,2.269758913485306,-0.938882445570401,3.208641359055707
2000-10-06 18:00:00,-50.0,2.0,-39.07784508598935,2.1073400551284025,-0.9686400825394647,3.0759801376678673,-33.48489877673542,1.9305504570378211,-1.8623322202911181,3.7928826773289392,-34.11630841556688,1.947977601847232,-1.586089877613582,3.534067479460814,-34.954086973407506,1.9392567707572521,-1.7152419955478493,3.6544987663051014,-38.00596964090388,2.1253221975788206,-1.2679052824489268,3.3932274800277473,-34.620690543565416,1.9639303265579395,-1.5001509406458788,3.4640812672038184,-35.729676656479,1.9510767651149412,-1.6119275779197944,3.5630043430347356,-39.07784508598935,2.1073400551284025,-0.9686400825394647,3.0759801376678673
2000-10-06 19:00:00,-48.0,0.0,-37.07622037418293,2.0016247118064214,-0.9536943428323638,2.9553190546387853,-31.640006932902526,1.8448918438328927,-1.8335971585129116,3.6784890023458043,-32.258860571802515,1.8574478437643618,-1.5616171277344602,3.419064971498822,-33.10167789974668,1.8524090736608239,-1.6887764787245745,3.5411855523853983,-35.98631514532508,2.0196544955787994,-1.2497474817219287,3.269401977300728,-32.748809843454836,1.871880700110581,-1.4770041951369839,3.348884895247565,-33.8660878436381,1.8635888128409053,-1.5870561623748927,3.450644975215798,-37.07622037418293,2.0016247118064214,-0.9536943428323638,2.9553190546387853
2000-10-06 20:00:00,-48.0,2.0,-35.16008817960813,1.9161321945747973,-0.9268143184337719,2.8429465130085694,-29.85111616387335,1.7888907690291778,-1.7819169354640485,3.5708077044932263,-30.465284536865514,1.7935760349370005,-1.5176027044443983,3.3111787393813987,-31.308242578693697,1.7934353210529863,-1.641178049214058,3.4346133702670443,-34.04401920647706,1.942295938848022,-1.2115696557502935,3.1538655945983156,-30.943283538184108,1.8055263052707278,-1.43537460060233,3.240900905873058,-32.06340782692177,1.8026800167163288,-1.5423247359098085,3.3450047526261373,-35.16008817960813,1.9161321945747973,-0.9268143184337719,2.8429465130085694
2000-10-06 21:00:00,-46.0,1.0,-33.37159475797872,1.7884934216294117,-0.9489206289557672,2.737414050585179,-28.207612727177636,1.643503436695712,-1.8244190940046487,3.4679225307003607,-28.81044127174621,1.6548432651193037,-1.5538004583700842,3.208643723489388,-29.655580533868104,1.6526620448255915,-1.6803233136496778,3.3329853584752693,-32.23323462382696,1.8107845826500975,-1.2339304591532896,3.044715041803387,-29.27447323820275,1.668810299981358,-1.4696110555266801,3.1384213555080382,-30.39814008414183,1.6652677427799374,-1.5791121580068197,3.244379900786757,-33.37159475797872,1.7884934216294117,-0.9489206289557672,2.737414050585179
2000-10-06 22:00:00,-45.0,1.0,-31.689662780544964,1.681931977433756,-0.958780355747616,2.640712333181372,-26.676263733049826,1.5313489941278091,-1.8433756571478834,3.3747246512756925,-27.264916316168218,1.545524955577993,-1.569945167991833,3.115470123569826,-28.112677466033787,1.542903067834316,-1.6977826545987635,3.2406857224330796,-30.538218184967263,1.6950164388596953,-1.2496699088223882,2.9446863476820835,-27.71418849685043,1.560284741352318,-1.4848809980862794,3.0451657394385974,-28.84086914280001,1.557270941341819,-1.595519867963307,3.152790809305126,-31.689662780544964,1.681931977433756,-0.958780355747616,2.640712333181372
2000-10-06 23:00:00,-44.0,5.0,-30.094273609440226,1.5953891711047397,-0.9559696643997134,2.551358835504453,-25.22520634463231,1.4510573884175189,-1.8379717500075043,3.289029138425023,-25.80056783813361,1.4643484780346088,-1.565342829954864,3.0296913079894727,-26.649797227317993,1.4628802387157938,-1.6928055574051328,3.1556857961209266,-28.93356217638059,1.604656008586674,-1.2479106259534438,2.8525666345401177,-26.2354695736371,1.4787189232133275,-1.480528028035353,2.9592469512486805,-27.36338364912811,1.4774854936719002,-1.5908425569802358,3.068328050652136,-30.094273609440226,1.5953891711047397,-0.9559696643997134,2.551358835504453
2000-10-07 00:00:00,-39.0,,-28.570240212062053,1.5240333973781732,-0.9439907655598431,2.468024162938016,-23.831303425713365,1.393902918918943,-1.8149408124330315,3.2088437313519744,-24.396773304049546,1.4037945340840632,-1.5457281035592096,2.949522637643273,-25.245253236560625,1.4045439907573665,-1.6715936431751348,3.0761376339325013,-27.39182812871711,1.5417340476634838,-1.2249726440759408,2.7667066917394245,-24.818491215609043,1.4169783580280577,-1.4619760842468805,2.8789544422749382,-25.945039124419743,1.418344524708365,-1.5709083030285758,2.989252827736941,-28.570240212062053,1.5240333973781732,-0.9439907655598431,2.468024162938016
