Timestamp,Observed_DST,Real_dDST_dt,Pred_DST_Equation,Pred_dDST_dt_Equation,Injection_Component,Decay_Component,Pred_DST_Equation_1,Pred_dDST_dt_Equation_1,Injection_Component_1,Decay_Component_1,Pred_DST_Equation_2,Pred_dDST_dt_Equation_2,Injection_Component_2,Decay_Component_2,Pred_DST_Equation_3,Pred_dDST_dt_Equation_3,Injection_Component_3,Decay_Component_3
2023-08-03 00:00:00,-20.0,1.0,-22.940281282865335,1.0597187171346654,-0.0,1.0597187171346654,-22.93394585629896,1.0660541437010402,-0.0,1.0660541437010402,-22.94676315475804,1.0532368452419585,-0.0,1.0532368452419585,-22.940281282865335,1.0597187171346654,-0.0,1.0597187171346654
2023-08-03 01:00:00,-19.0,4.0,-22.36525552546486,0.5750257574004742,-0.4453359748513905,1.0203617322518648,-22.360373549470392,0.5735723068285661,-0.4523887709404884,1.0259610777690544,-22.376536439757714,0.5702267150003288,-0.4441972959619072,1.014424010962236,-22.36525552546486,0.5750257574004742,-0.4453359748513905,1.0203617322518648
2023-08-03 02:00:00,-15.0,7.0,-21.365938030502043,0.9993174949628161,-0.0,0.9993174949628161,-21.355665914656463,1.0047076348139288,-0.0,1.0047076348139288,-21.382821824375547,0.9937146153821673,-0.0,0.9937146153821673,-21.365938030502043,0.9993174949628161,-0.0,0.9993174949628161
2023-08-03 03:00:00,-8.0,2.0,-20.613665436509915,0.7522725939921282,-0.21099451234287636,0.9632671063350046,-20.603311836113928,0.7523540785425344,-0.2156607070509082,0.9680147855934427,-20.63521157540453,0.7476102489710189,-0.21052520912908182,0.9581354581001007,-20.613665436509915,0.7522725939921282,-0.21099451234287636,0.9632671063350046
2023-08-03 04:00:00,-6.0,2.0,-20.386219760209922,0.22744567629999457,-0.7091201056339762,0.9365657819339708,-20.38434182157143,0.21897001454249887,-0.7220150310863438,0.9409850456288427,-20.410811153651444,0.22440042175308472,-0.7073949949253279,0.9317954166784126,-20.386219760209922,0.22744567629999457,-0.7091201056339762,0.9365657819339708
2023-08-03 05:00:00,-4.0,0.0,-19.58103927917942,0.8051804810305005,-0.12338618275285368,0.9285666637833542,-19.57664523476743,0.8076965868039994,-0.12549345530234007,0.9331900421063394,-19.609929044656788,0.8008821089946566,-0.12307879535777902,0.9239609043524356,-19.58103927917942,0.8051804810305005,-0.12338618275285368,0.9285666637833542
2023-08-03 06:00:00,-4.0,-1.0,-18.68051460090975,0.900524678269671,-0.0,0.900524678269671,-18.67192762620648,0.9047176085609503,-0.0,0.9047176085609503,-18.71365973577638,0.8962693088804106,-0.0,0.8962693088804106,-18.68051460090975,0.900524678269671,-0.0,0.900524678269671
2023-08-03 07:00:00,-5.0,-2.0,-17.810843136321743,0.8696714645880057,-0.0,0.8696714645880057,-17.798578800207316,0.8733488259991622,-0.0,0.8733488259991622,-17.847880606500368,0.8657791292760084,-0.0,0.8657791292760084,-17.810843136321743,0.8696714645880057,-0.0,0.8696714645880057
2023-08-03 08:00:00,-7.0,-1.0,-16.97045734475635,0.840385791565393,-0.0,0.840385791565393,-16.95498612221012,0.8435926779971957,-0.0,0.8435926779971957,-17.011053394517994,0.8368272119823756,-0.0,0.8368272119823756,-16.97045734475635,0.840385791565393,-0.0,0.840385791565393
2023-08-03 09:00:00,-8.0,-4.0,-17.28366768361099,-0.31321033885463856,-1.1257731544807428,0.8125628156261042,-17.2857099371501,-0.3307238149399784,-1.146063857318604,0.8153400423786256,-17.32476687168523,-0.31371347716723685,-1.123024859260421,0.8093113820931842,-17.28366768361099,-0.31321033885463856,-1.1257731544807428,0.8125628156261042
2023-08-03 10:00:00,-12.0,2.0,-16.824671397039378,0.45899628657161146,-0.36388135453650255,0.822877641108114,-16.82934637295685,0.4563635641932483,-0.3699953546039998,0.8263589187972481,-16.868163639545376,0.4566032321398566,-0.36296950961333113,0.8195727417531877,-16.824671397039378,0.45899628657161146,-0.36388135453650255,0.822877641108114
2023-08-03 11:00:00,-10.0,-3.0,-18.658122088596933,-1.8334506915575535,-2.6412345872501213,0.8077838956925679,-18.726710513169046,-1.897364140212198,-2.7085375705505905,0.8111734303383927,-18.699337723043673,-1.8311740834982961,-2.6358330638374774,0.8046589803391814,-18.658122088596933,-1.8334506915575535,-2.6412345872501213,0.8077838956925679
2023-08-03 12:00:00,-13.0,0.0,-19.9033131490718,-1.2451910604748657,-2.114102179423089,0.8689111189482236,-20.032080124550575,-1.3053696113815287,-2.180602152842379,0.8752325414608504,-19.94449526873135,-1.2451575456876784,-2.110453737578441,0.8652961918907626,-19.9033131490718,-1.2451910604748657,-2.114102179423089,0.8689111189482236
2023-08-03 13:00:00,-13.0,0.0,-19.00959733082625,0.8937158182455485,-0.017981074511124132,0.9116968927566726,-19.12993838790569,0.9021417366448853,-0.018576348672474378,0.9207180853173597,-19.05466074729722,0.8898345214341319,-0.01795163499418074,0.9077861564283126,-19.00959733082625,0.8937158182455485,-0.017981074511124132,0.9116968927566726
2023-08-03 14:00:00,-13.0,4.0,-18.148455041440023,0.8611422893862248,-0.019741647427201112,0.8808839368134259,-18.261157897991147,0.8687804899145415,-0.02037952372929607,0.8891600136438376,-18.197051775845935,0.8576089714512849,-0.019708483876252843,0.8773174553275377,-18.148455041440023,0.8611422893862248,-0.019741647427201112,0.8808839368134259
2023-08-03 15:00:00,-9.0,2.0,-17.978112690965084,0.1703423504749384,-0.6813527606456828,0.8516951111206212,-18.09991946306974,0.16123843492140766,-0.6980506833156601,0.8592891182370678,-18.028531376300673,0.16852039954526177,-0.6799239608552907,0.8484443604005525,-17.978112690965084,0.1703423504749384,-0.6813527606456828,0.8516951111206212
2023-08-03 16:00:00,-7.0,7.0,-17.132133153661535,0.8459795373035484,-0.0,0.8459795373035484,-17.246117986052628,0.8538014770171122,-0.0,0.8538014770171122,-17.185703795671273,0.8428275806294011,-0.0,0.8428275806294011,-17.132133153661535,0.8459795373035484,-0.0,0.8459795373035484
2023-08-03 17:00:00,0.0,3.0,-16.31425405962574,0.8178790940357954,-0.0,0.8178790940357954,-16.42108206729781,0.8250359187548171,-0.0,0.8250359187548171,-16.37068769129146,0.8150161043798125,-0.0,0.8150161043798125,-16.31425405962574,0.8178790940357954,-0.0,0.8178790940357954
2023-08-03 18:00:00,3.0,-2.0,-15.523090782987957,0.791163276637783,-0.0,0.791163276637783,-15.623374280897409,0.7977077864004019,-0.0,0.7977077864004019,-15.582121595988802,0.7885660953026592,-0.0,0.7885660953026592,-15.523090782987957,0.791163276637783,-0.0,0.791163276637783
2023-08-03 19:00:00,1.0,-3.0,-14.757348549049802,0.7657422339381555,-0.0,0.7657422339381555,-14.851651779806458,0.77172250109095,-0.0,0.77172250109095,-14.818731822955334,0.7633897730334687,-0.0,0.7633897730334687,-14.757348549049802,0.7657422339381555,-0.0,0.7657422339381555
2023-08-03 20:00:00,-2.0,-1.0,-14.01581524025924,0.7415333087905619,-0.0,0.7415333087905619,-14.10465861903815,0.7469931607683084,-0.0,0.7469931607683084,-14.079325482122172,0.7394063408331613,-0.0,0.7394063408331613,-14.01581524025924,0.7415333087905619,-0.0,0.7415333087905619
2023-08-03 21:00:00,-3.0,-3.0,-13.297354884193785,0.7184603560654542,-0.0,0.7184603560654542,-13.381218816518853,0.723439802519296,-0.0,0.723439802519296,-13.362784154450852,0.7165413276713205,-0.0,0.7165413276713205,-13.297354884193785,0.7184603560654542,-0.0,0.7184603560654542
2023-08-03 22:00:00,-6.0,0.0,-12.894152216201329,0.40320266799245685,-0.2932504670636913,0.6964531350561481,-12.985626613946927,0.39559220257192523,-0.30539654390833,0.7009887464802552,-12.960959855411105,0.4018242990397472,-0.2929017026119766,0.6947260016517238,-12.894152216201329,0.40320266799245685,-0.2932504670636913,0.6964531350561481
2023-08-03 23:00:00,-6.0,1.0,-12.209899656241127,0.6842525599602012,-0.0,0.6842525599602012,-12.296764917010618,0.6888616969363089,-0.0,0.6888616969363089,-12.278319934060331,0.6826399213507732,-0.0,0.6826399213507732,-12.209899656241127,0.6842525599602012,-0.0,0.6842525599602012
2023-08-04 00:00:00,-5.0,-2.0,-11.546105277444584,0.6637943787965441,-0.0,0.6637943787965441,-11.628768010315607,0.6679969066950104,-0.0,0.6679969066950104,-11.61596934387935,0.6623505901809811,-0.0,0.6623505901809811,-11.546105277444584,0.6637943787965441,-0.0,0.6637943787965441
2023-08-04 01:00:00,-7.0,3.0,-10.901860700862601,0.6442445765819822,-0.0,0.6442445765819822,-10.980697492531046,0.6480705177845616,-0.0,0.6480705177845616,-10.973012474786524,0.6429568690928255,-0.0,0.6429568690928255,-10.901860700862601,0.6442445765819822,-0.0,0.6442445765819822
2023-08-04 02:00:00,-4.0,3.0,-10.276310730361725,0.625549970500875,-0.0,0.625549970500875,-10.35167060459048,0.6290268879405677,-0.0,0.6290268879405677,-10.348605848510994,0.6244066262755295,-0.0,0.6244066262755295,-10.276310730361725,0.625549970500875,-0.0,0.625549970500875
2023-08-04 03:00:00,-1.0,1.0,-9.668649505938149,0.6076612244235765,-0.0,0.6076612244235765,-9.740856154323971,0.6108144502665077,-0.0,0.6108144502665077,-9.741954369489642,0.6066514790213513,-0.0,0.6066514790213513,-9.668649505938149,0.6076612244235765,-0.0,0.6076612244235765
2023-08-04 04:00:00,0.0,0.0,-9.0781169868955,0.5905325190426483,-0.0,0.5905325190426483,-9.147470794920451,0.5933853594035196,-0.0,0.5933853594035196,-9.152307895443368,0.5896464740462745,-0.0,0.5896464740462745,-9.0781169868955,0.5905325190426483,-0.0,0.5905325190426483
2023-08-04 05:00:00,0.0,-2.0,-8.503995732288057,0.5741212546074435,-0.0,0.5741212546074435,-8.570775621823003,0.5766951730974478,-0.0,0.5766951730974478,-8.57895809621708,0.5733497992262873,-0.0,0.5733497992262873,-8.503995732288057,0.5741212546074435,-0.0,0.5741212546074435
2023-08-04 06:00:00,-2.0,2.0,-7.945607949667393,0.5583877826206648,-0.0,0.5583877826206648,-8.01007305665646,0.5607025651665436,-0.0,0.5607025651665436,-8.021235572952964,0.5577225232641156,-0.0,0.5577225232641156,-7.945607949667393,0.5583877826206648,-0.0,0.5583877826206648
2023-08-04 07:00:00,0.0,8.0,-7.402312786356179,0.5432951633112139,-0.0,0.5432951633112139,-7.4647039902819525,0.5453690663745072,-0.0,0.5453690663745072,-7.478507212722081,0.5427283602308828,-0.0,0.5427283602308828,-7.402312786356179,0.5432951633112139,-0.0,0.5432951633112139
2023-08-04 08:00:00,8.0,-3.0,-6.873503840269115,0.5288089460870639,-0.0,0.5288089460870639,-6.934045160136065,0.5306588301458879,-0.0,0.5306588301458879,-6.950173756423406,0.528333456298675,-0.0,0.528333456298675,-6.873503840269115,0.5288089460870639,-0.0,0.5288089460870639
2023-08-04 09:00:00,5.0,-1.0,-6.358606869760061,0.5148969705090534,-0.0,0.5148969705090534,-6.417506739701586,0.5165384204344793,-0.0,0.5165384204344793,-6.435667560121507,0.5145061963018994,-0.0,0.5145061963018994,-6.358606869760061,0.5148969705090534,-0.0,0.5148969705090534
2023-08-04 10:00:00,4.0,-2.0,-6.462937377290837,-0.1043305075307761,-0.6058596931498084,0.5015291856190323,-6.546331929632592,-0.12882518993100578,-0.6318018093099754,0.5029766193789696,-6.5396355759588385,-0.10396801583733128,-0.6051850438821912,0.5012170280448599,-6.462937377290837,-0.1043305075307761,-0.6058596931498084,0.5015291856190323
2023-08-04 11:00:00,2.0,0.0,-7.773141488732145,-1.3102041114413088,-1.8144277285309032,0.5042236170895944,-7.9584857205642,-1.4121537909316078,-1.9184958504515166,0.5063420595199088,-7.849592311505977,-1.3099567355471387,-1.8138451331565923,0.5038883976094537,-7.773141488732145,-1.3102041114413088,-1.8144277285309032,0.5042236170895944
2023-08-04 12:00:00,2.0,13.0,-7.2344661125641805,0.5386753761679651,-0.0,0.5386753761679651,-7.414516731048984,0.5439689895152157,-0.0,0.5439689895152157,-7.311437401704923,0.5381549098010535,-0.0,0.5381549098010535,-7.2344661125641805,0.5386753761679651,-0.0,0.5386753761679651
2023-08-04 13:00:00,15.0,8.0,-6.710092988276566,0.5243731242876151,-0.0,0.5243731242876151,-6.885201496397437,0.5293152346515463,-0.0,0.5293152346515463,-6.787496229047454,0.5239411726574698,-0.0,0.5239411726574698,-6.710092988276566,0.5243731242876151,-0.0,0.5243731242876151
2023-08-04 14:00:00,23.0,-1.0,-7.764599716984343,-1.0545067287077767,-1.5651421722703374,0.5106354435625607,-7.974712802244274,-1.0895113058468366,-1.6047596046951271,0.5152482988482904,-7.839137840068901,-1.0516416110214468,-1.5619272164474098,0.5102856054259631,-7.764599716984343,-1.0545067287077767,-1.5651421722703374,0.5106354435625607
2023-08-04 15:00:00,22.0,-1.0,-7.226152633023431,0.5384470839609113,-0.0,0.5384470839609113,-7.430303604805719,0.5444091974385548,-0.0,0.5444091974385548,-7.3012608653953475,0.5378769746735533,-0.0,0.5378769746735533,-7.226152633023431,0.5384470839609113,-0.0,0.5384470839609113
2023-08-04 16:00:00,21.0,-1.0,-9.049400378642993,-1.823247745619562,-2.3474016483638778,0.5241539027443157,-9.289853492077544,-1.8595498872718257,-2.389287578900334,0.529737691628508,-9.119235294311693,-1.817974428916345,-2.3416486517050807,0.5236742227887357,-9.049400378642993,-1.823247745619562,-2.3474016483638778,0.5241539027443157
2023-08-04 17:00:00,20.0,-22.0,-15.348740639488483,-6.299340260845489,-6.872669359562534,0.5733290987170443,-15.721660641386464,-6.43180714930892,-7.0124854191621875,0.5806782698532675,-15.403529229814431,-6.284293935502738,-6.856736436503541,0.5724425010008022,-15.348740639488483,-6.299340260845489,-6.872669359562534,0.5733290987170443
2023-08-04 18:00:00,-2.0,-1.0,-18.162808608155068,-2.814067968666584,-3.5742639371603775,0.7601959684937933,-18.61012780835957,-2.8884671669731095,-3.6633680994796616,0.7749009325065521,-18.21263370087389,-2.8091044710594586,-3.5668491039095658,0.757744632850107,-18.162808608155068,-2.814067968666584,-3.5742639371603775,0.7601959684937933
2023-08-04 19:00:00,-3.0,-3.0,-22.21589021935129,-4.053081611196222,-4.9052592130626484,0.852177601866426,-22.796746902314197,-4.186619093954624,-5.057845362395434,0.8712262684408102,-22.260371261261447,-4.047737560387556,-4.896702207997297,0.8489646476097411,-22.21589021935129,-4.053081611196222,-4.9052592130626484,0.852177601866426
2023-08-04 20:00:00,-6.0,-10.0,-26.934063479613997,-4.718173260262706,-5.712060304839006,0.9938870445763004,-27.628960247146345,-4.83221334483215,-5.853070340969622,1.020856996137472,-26.9709859812456,-4.710614719984154,-5.700136654824111,0.9895219348399571,-26.934063479613997,-4.718173260262706,-5.712060304839006,0.9938870445763004
2023-08-04 21:00:00,-16.0,-6.0,-30.212980489787096,-3.2789170101731004,-4.4514896474793275,1.172572637306227,-30.955324976114916,-3.32636472896857,-4.534660167109427,1.2082954381408575,-30.24511679351227,-3.2741308122666704,-4.440778012884996,1.166647200618326,-30.212980489787096,-3.2789170101731004,-4.4514896474793275,1.172572637306227
2023-08-04 22:00:00,-22.0,0.0,-33.14472175907369,-2.93174126928659,-4.237186991425441,1.3054457221388505,-33.931129449104546,-2.9758044729896262,-4.322302525903576,1.34649805291395,-33.17407848500144,-2.9289616914891656,-4.22730636450645,1.2983446730172845,-33.14472175907369,-2.93174126928659,-4.237186991425441,1.3054457221388505
2023-08-04 23:00:00,-22.0,-16.0,-39.01774395539445,-5.873022196320761,-7.303309701230265,1.4302875049095038,-39.921749690927456,-5.990620241822908,-7.4670963987388035,1.4764761569158948,-39.03913951318684,-5.8650610281854,-7.287186124453239,1.422125096267839,-39.01774395539445,-5.873022196320761,-7.303309701230265,1.4302875049095038
2023-08-05 00:00:00,-38.0,-15.0,-43.88851831915348,-4.870774363759027,-6.568297963365675,1.6975235996066473,-44.8745583036586,-4.9528086127311495,-6.709104938032462,1.7562963253013129,-43.90566486523841,-4.86652535205157,-6.553451935479316,1.6869265834277456,-43.88851831915348,-4.870774363759027,-6.568297963365675,1.6975235996066473
2023-08-05 01:00:00,-53.0,15.0,-41.952011322379384,1.9365069967740904,-0.0,1.9365069967740904,-42.868593285125456,2.0059650185331472,-0.0,2.0059650185331472,-41.98186782415554,1.9237970410828662,-0.0,1.9237970410828662,-41.952011322379384,1.9365069967740904,-0.0,1.9365069967740904
2023-08-05 02:00:00,-38.0,5.0,-46.21852189626586,-4.266510573886477,-6.106119184931985,1.8396086110455077,-47.2005439249787,-4.331950639853243,-6.234797423157871,1.9028467833046272,-46.24576769846984,-4.263899874314298,-6.092199877380487,1.8283000030661893,-46.21852189626586,-4.266510573886477,-6.106119184931985,1.8396086110455077
2023-08-05 03:00:00,-33.0,-36.0,-57.31521751873139,-11.096695622465525,-13.153086928215657,2.0563913057501315,-58.34206927723522,-11.141525352256513,-13.270466077313106,2.128940725056592,-57.31719884338365,-11.071431144913806,-13.114667537913201,2.043236392999394,-57.31521751873139,-11.096695622465525,-13.153086928215657,2.0563913057501315
2023-08-05 04:00:00,-69.0,-20.0,-64.78032836563673,-7.4651108469053415,-10.141857020889912,2.67674617398457,-65.83796497490736,-7.495895697672145,-10.264622011360549,2.768726313688404,-64.77403809009172,-7.456839246708073,-10.113929043853094,2.6570897971450216,-64.78032836563673,-7.4651108469053415,-10.141857020889912,2.67674617398457
2023-08-05 05:00:00,-89.0,-4.0,-71.1654330102829,-6.385104644646162,-9.525129867811797,3.140025223165635,-72.36204727785235,-6.524082302944988,-9.770481113492478,3.24639881054749,-71.16392094456803,-6.389882854476307,-9.50579075613938,3.115907901663073,-71.1654330102829,-6.385104644646162,-9.525129867811797,3.140025223165635
2023-08-05 06:00:00,-93.0,14.0,-69.47541955325083,1.6900134570320655,-1.8755899540289689,3.5656034110610344,-70.5607882722435,1.8012590056088584,-1.8918076677387685,3.693066673347627,-69.4958706395549,1.6680503050131323,-1.8700841647059632,3.5381344697190955,-69.47541955325083,1.6900134570320655,-1.8755899540289689,3.5656034110610344
2023-08-05 07:00:00,-79.0,16.0,-66.02508946828186,3.4503300849689635,-0.0,3.4503300849689635,-66.99391994211375,3.566868330129753,-0.0,3.566868330129753,-66.07054323213721,3.4253274074176803,-0.0,3.4253274074176803,-66.02508946828186,3.4503300849689635,-0.0,3.4503300849689635
2023-08-05 08:00:00,-63.0,0.0,-62.804220408798685,3.2208690594831744,-0.0,3.2208690594831744,-63.67047720216514,3.323442739948613,-0.0,3.323442739948613,-62.87113443899394,3.1994087931432698,-0.0,3.1994087931432698,-62.804220408798685,3.2208690594831744,-0.0,3.2208690594831744
2023-08-05 09:00:00,-63.0,-3.0,-64.3817771726289,-1.5775567638302137,-4.591349617796657,3.013792853966443,-65.21729431685998,-1.546817114694842,-4.651189142735043,3.104372028040201,-64.45471356876723,-1.5835791297732884,-4.5789307546780105,2.995351624904722,-64.3817771726289,-1.5775567638302137,-4.591349617796657,3.013792853966443
2023-08-05 10:00:00,-66.0,-12.0,-69.51791431621398,-5.136137143585078,-8.250494722303449,3.114357578718371,-70.37686382190925,-5.159569505049275,-8.364973673548223,3.2054041684989483,-69.58774696886302,-5.13303340009578,-8.22854478998628,3.0955113898905,-69.51791431621398,-5.136137143585078,-8.250494722303449,3.114357578718371
2023-08-05 11:00:00,-78.0,4.0,-66.06470894049096,3.453205375723023,-0.0,3.453205375723023,-66.8227580143736,3.554105807535645,-0.0,3.554105807535645,-66.15625369973098,3.4314932691320283,-0.0,3.4314932691320283,-66.06470894049096,3.453205375723023,-0.0,3.453205375723023
2023-08-05 12:00:00,-74.0,3.0,-63.193462581907426,2.8712463585835364,-0.3522127505369651,3.2234591091205016,-63.87665655368291,2.946101460690694,-0.36587641905871965,3.311977879749414,-63.30302976524155,2.853223934489435,-0.351743914648903,3.204967849138338,-63.193462581907426,2.8712463585835364,-0.3522127505369651,3.2234591091205016
2023-08-05 13:00:00,-71.0,6.0,-60.1550100251307,3.0384525567767255,-0.0,3.0384525567767255,-60.758911134465954,3.1177454192169565,-0.0,3.1177454192169565,-60.28052455901236,3.02250520622918,-0.0,3.02250520622918,-60.1550100251307,3.0384525567767255,-0.0,3.0384525567767255
2023-08-05 14:00:00,-65.0,-3.0,-57.30638382135923,2.848626203771464,-0.0,2.848626203771464,-57.840322764436415,2.9185883700295396,-0.0,2.9185883700295396,-57.44547494965594,2.8350496093564264,-0.0,2.8350496093564264,-57.30638382135923,2.848626203771464,-0.0,2.848626203771464
2023-08-05 15:00:00,-68.0,0.0,-54.630163967947624,2.676219853411613,-0.0,2.676219853411613,-55.10221335474919,2.7381094096872234,-0.0,2.7381094096872234,-54.78080108407855,2.6646738655773943,-0.0,2.6646738655773943,-54.630163967947624,2.676219853411613,-0.0,2.676219853411613
2023-08-05 16:00:00,-68.0,5.0,-52.11101330363617,2.51915066431145,-0.0,2.51915066431145,-52.52818601862135,2.5740273361278407,-0.0,2.5740273361278407,-52.27145106256619,2.5093500215123523,-0.0,2.5093500215123523,-52.11101330363617,2.51915066431145,-0.0,2.51915066431145
2023-08-05 17:00:00,-63.0,6.0,-49.735373608030805,2.3756396956053623,-0.0,2.3756396956053623,-50.10378526075827,2.4244007578630757,-0.0,2.4244007578630757,-49.904107057332084,2.36734400523411,-0.0,2.36734400523411,-49.735373608030805,2.3756396956053623,-0.0,2.3756396956053623
2023-08-05 18:00:00,-57.0,5.0,-47.49121362544912,2.2441599825816834,-0.0,2.2441599825816834,-47.8162164116885,2.287568849069769,-0.0,2.287568849069769,-47.666941310718535,2.237165746613547,-0.0,2.237165746613547,-47.49121362544912,2.2441599825816834,-0.0,2.2441599825816834
2023-08-05 19:00:00,-52.0,3.0,-45.51442079349577,1.976792831953345,-0.14660187994443516,2.12339471189778,-45.81188460488909,2.0043318067994127,-0.15777205061671304,2.1621038574161258,-45.69611997831271,1.9708213324058237,-0.14670760439521352,2.1175289368010373,-45.51442079349577,1.976792831953345,-0.14660187994443516,2.12339471189778
2023-08-05 20:00:00,-49.0,4.0,-43.4946367844588,2.0197840090369756,-0.0,2.0197840090369756,-43.75680286327369,2.055081741615398,-0.0,2.055081741615398,-43.68126092622393,2.0148590520887835,-0.0,2.0148590520887835,-43.4946367844588,2.0197840090369756,-0.0,2.0197840090369756
2023-08-05 21:00:00,-45.0,5.0,-41.578040192973226,1.9165965914855734,-0.0,1.9165965914855734,-41.8086326071255,1.9481702561481873,-0.0,1.9481702561481873,-41.768728510404486,1.9125324158194452,-0.0,1.9125324158194452,-41.578040192973226,1.9165965914855734,-0.0,1.9165965914855734
2023-08-05 22:00:00,-40.0,1.0,-39.756857738541406,1.821182454431822,-0.0,1.821182454431822,-39.95917525653888,1.8494573505866232,-0.0,1.8494573505866232,-39.9508591323235,1.8178693780809874,-0.0,1.8178693780809874,-39.756857738541406,1.821182454431822,-0.0,1.821182454431822
2023-08-05 23:00:00,-39.0,2.0,-38.02408227001331,1.7327754685280934,-0.0,1.7327754685280934,-38.20105452085765,1.7581207356812258,-0.0,1.7581207356812258,-38.22074020219468,1.7301189301288193,-0.0,1.7301189301288193,-38.02408227001331,1.7327754685280934,-0.0,1.7327754685280934
2023-08-06 00:00:00,-37.0,0.0,-36.3733802296668,1.6507020403465098,-0.0,1.6507020403465098,-36.527615364386165,1.6734391564714854,-0.0,1.6734391564714854,-36.572119936796945,1.6486202653977418,-0.0,1.6486202653977418,-36.3733802296668,1.6507020403465098,-0.0,1.6507020403465098
2023-08-06 01:00:00,-37.0,-1.0,-34.79901226104093,1.574367968625875,-0.0,1.574367968625875,-34.93283756566685,1.594777798719316,-0.0,1.594777798719316,-34.99932989934195,1.572790037454992,-0.0,1.572790037454992,-34.79901226104093,1.574367968625875,-0.0,1.574367968625875
2023-08-06 02:00:00,-38.0,2.0,-33.29576482636736,1.5032474346735685,-0.0,1.5032474346735685,-33.41126146152136,1.5215761041454852,-0.0,1.5215761041454852,-33.49721822356764,1.5021116757743056,-0.0,1.5021116757743056,-33.29576482636736,1.5032474346735685,-0.0,1.5032474346735685
2023-08-06 03:00:00,-36.0,1.0,-31.85889108748276,1.4368737388845996,-0.0,1.4368737388845996,-31.95792391212962,1.4533375493917455,-0.0,1.4533375493917455,-32.06109183642711,1.4361263871405308,-0.0,1.4361263871405308,-31.85889108748276,1.4368737388845996,-0.0,1.4368737388845996
2023-08-06 04:00:00,-35.0,1.0,-30.484059614363066,1.3748314731196942,-0.0,1.3748314731196942,-30.56830287786865,1.3896210342609683,-0.0,1.3896210342609683,-30.686666291714083,1.374425544713029,-0.0,1.374425544713029,-30.484059614363066,1.3748314731196942,-0.0,1.3748314731196942
2023-08-06 05:00:00,-34.0,1.0,-29.167309734876802,1.3167498794862633,-0.0,1.3167498794862633,-29.238269282541683,1.3300335953269664,-0.0,1.3300335953269664,-29.37002206683785,1.316644224876231,-0.0,1.316644224876231,-29.167309734876802,1.3167498794862633,-0.0,1.3167498794862633
2023-08-06 06:00:00,-33.0,0.0,-27.905012540990192,1.2622971938866112,-0.0,1.2622971938866112,-27.96404506628605,1.2742242162556308,-0.0,1.2742242162556308,-28.107566369075407,1.2624556977624457,-0.0,1.2624556977624457,-27.905012540990192,1.2622971938866112,-0.0,1.2622971938866112
2023-08-06 07:00:00,-33.0,1.0,-26.69383673046358,1.2111758105266117,-0.0,1.2111758105266117,-26.742166516572574,1.2218785497134754,-0.0,1.2218785497134754,-26.895999655500912,1.2115667135744959,-0.0,1.2115667135744959,-26.69383673046358,1.2111758105266117,-0.0,1.2111758105266117
2023-08-06 08:00:00,-32.0,0.0,-25.530718596795193,1.1631181336683871,-0.0,1.1631181336683871,-25.569452116333625,1.1727144002389478,-0.0,1.1727144002389478,-25.732286199801663,1.16371345569925,-0.0,1.16371345569925,-25.530718596795193,1.1631181336683871,-0.0,1.1631181336683871
2023-08-06 09:00:00,-32.0,0.0,-24.412835589823718,1.1178830069714765,-0.0,1.1178830069714765,-24.44297427139368,1.1264778449399446,-0.0,1.1264778449399446,-24.613628145091823,1.1186580547098384,-0.0,1.1186580547098384,-24.412835589823718,1.1178830069714765,-0.0,1.1178830069714765
2023-08-06 10:00:00,-32.0,2.0,-23.337582959720297,1.075252630103422,-0.0,1.075252630103422,-23.360034380497275,1.082939890896405,-0.0,1.082939890896405,-23.537442569147366,1.0761855759444554,-0.0,1.0761855759444554,-23.337582959720297,1.075252630103422,-0.0,1.075252630103422
2023-08-06 11:00:00,-30.0,4.0,-22.30255307180535,1.0350298879149493,-0.0,1.0350298879149493,-22.318140794630686,1.0418935858665872,-0.0,1.0418935858665872,-22.50134116077016,1.0361014083772064,-0.0,1.0361014083772064,-22.30255307180535,1.0350298879149493,-0.0,1.0350298879149493
2023-08-06 12:00:00,-26.0,3.0,-21.305517041663872,0.9970360301414778,-0.0,0.9970360301414778,-21.314989281405254,1.0031515132254345,-0.0,1.0031515132254345,-21.503112166070814,0.9982289946993458,-0.0,0.9982289946993458,-21.305517041663872,0.9970360301414778,-0.0,0.9970360301414778
2023-08-06 13:00:00,-23.0,0.0,-20.344408391750697,0.9611086499131742,-0.0,0.9611086499131742,-20.348445667700975,0.9665436137042784,-0.0,0.9665436137042784,-20.540704313589156,0.9624078524816572,-0.0,0.9624078524816572,-20.344408391750697,0.9611086499131742,-0.0,0.9611086499131742
2023-08-06 14:00:00,-23.0,1.0,-19.41730847395053,0.9270999178001658,-0.0,0.9270999178001658,-19.41653038170227,0.9319152859987047,-0.0,0.9319152859987047,-19.612212469149608,0.9284918444395489,-0.0,0.9284918444395489,-19.41730847395053,0.9270999178001658,-0.0,0.9270999178001658
2023-08-06 15:00:00,-22.0,0.0,-18.52243343889367,0.8948750350568595,-0.0,0.8948750350568595,-18.517404655609766,0.8991257260925035,-0.0,0.8991257260925035,-18.715864806625106,0.8963476625245018,-0.0,0.8963476625245018,-18.52243343889367,0.8948750350568595,-0.0,0.8948750350568595
2023-08-06 16:00:00,-22.0,5.0,-17.658122563443076,0.8643108754505944,-0.0,0.8643108754505944,-17.649358184063853,0.8680464715459146,-0.0,0.8680464715459146,-17.850011310527517,0.8658534960975909,-0.0,0.8658534960975909,-17.658122563443076,0.8643108754505944,-0.0,0.8643108754505944
2023-08-06 17:00:00,-17.0,2.0,-16.822827773647163,0.8352947897959115,-0.0,0.8352947897959115,-16.810798061782755,0.8385601222810974,-0.0,0.8385601222810974,-17.013113451503557,0.836897859023959,-0.0,0.836897859023959,-16.822827773647163,0.8352947897959115,-0.0,0.8352947897959115
2023-08-06 18:00:00,-15.0,1.0,-16.18733602922198,0.6354917444251803,-0.17223180682505948,0.8077235512502398,-16.184531894605858,0.6262661671768986,-0.18429304660048684,0.8105592137773855,-16.376031838403065,0.6370816131004902,-0.17229694123716846,0.8093785543376586,-16.18733602922198,0.6354917444251803,-0.17223180682505948,0.8077235512502398
2023-08-06 19:00:00,-14.0,0.0,-15.888179658332724,0.29915637088925645,-0.4879009204314512,0.7870572913207077,-15.918569513701698,0.26596238090416047,-0.5239949192435001,0.7899573001476605,-16.075486255518687,0.30054558288438005,-0.4881925268667465,0.7887381097511266,-15.888179658332724,0.29915637088925645,-0.4879009204314512,0.7870572913207077
2023-08-06 20:00:00,-14.0,-1.0,-15.435479660395448,0.4526999979372763,-0.32472140834786073,0.777421406285137,-15.485947867471653,0.4326216462300443,-0.3486666714107014,0.7812883176407457,-15.62130400125319,0.4541822542654966,-0.3249111984356378,0.7790934527011344,-15.435479660395448,0.4526999979372763,-0.32472140834786073,0.777421406285137
2023-08-06 21:00:00,-15.0,-1.0,-14.817026684877128,0.6184529755183203,-0.14449973465828844,0.7629527101766088,-14.87395452564405,0.6119933418276031,-0.15529594968403604,0.7672892915116392,-15.001264930548881,0.6200390707043086,-0.1445920244414538,0.7646310951457624,-14.817026684877128,0.6184529755183203,-0.14449973465828844,0.7629527101766088
2023-08-06 22:00:00,-16.0,1.0,-14.138657710976254,0.6783689739008734,-0.06503708619787024,0.7434060600987435,-14.196088687101296,0.6778658385427545,-0.06983634827542817,0.7477021868181827,-14.32123404991323,0.6800308806356518,-0.06507528583550336,0.7451061664711551,-14.138657710976254,0.6783689739008734,-0.06503708619787024,0.7434060600987435
2023-08-06 23:00:00,-15.0,1.0,-13.416400288355273,0.7222574226209806,-0.0,0.7222574226209806,-13.469786277437123,0.7263024096641738,-0.0,0.7263024096641738,-13.597251593630023,0.7239824562832067,-0.0,0.7239824562832067,-13.416400288355273,0.7222574226209806,-0.0,0.7222574226209806
2023-08-07 00:00:00,-14.0,2.0,-12.801146535592173,0.6152537527631015,-0.08482221140828797,0.7000759641713894,-12.856999211219172,0.6127870662179518,-0.09093125129028955,0.7037183175082413,-12.980287954064945,0.6169636395650792,-0.08486367564693656,0.7018273152120157,-12.801146535592173,0.6152537527631015,-0.08482221140828797,0.7000759641713894
2023-08-07 01:00:00,-12.0,-11.0,-14.491282093284754,-1.6901355576925814,-2.3715891462216097,0.6814535885290283,-14.69508564408626,-1.838086432867088,-2.5230277980016527,0.6849413651345647,-14.668744937516903,-1.6884569834519585,-2.37167582781563,0.6832188443636715,-14.491282093284754,-1.6901355576925814,-2.3715891462216097,0.6814535885290283
2023-08-07 02:00:00,-23.0,-12.0,-17.083616909426755,-2.5923348161420017,-3.3255474684953463,0.7332126523533448,-17.479608062437855,-2.7845224183515933,-3.5265476568990963,0.742025238547503,-17.25904915096481,-2.590304213447906,-3.325043404748817,0.7347391913009108,-17.083616909426755,-2.5923348161420017,-3.3255474684953463,0.7332126523533448
2023-08-07 03:00:00,-35.0,-5.0,-18.5538086656638,-1.470191756237048,-2.286473702375285,0.816281946138237,-19.068395548921348,-1.5887874864834939,-2.421640988719447,0.8328535022359532,-18.727591871857626,-1.4685427208928163,-2.2859605271399666,0.8174178062471503,-18.5538086656638,-1.470191756237048,-2.286473702375285,0.816281946138237
2023-08-07 04:00:00,-40.0,1.0,-18.35010494450087,0.20370372116293267,-0.661669781346444,0.8653735025093767,-18.878877573191446,0.18951797572990337,-0.6975092417679546,0.887027217497858,-18.522684476584466,0.20490739527315982,-0.6613416540503382,0.866249049323498,-18.35010494450087,0.20370372116293267,-0.661669781346444,0.8653735025093767
2023-08-07 05:00:00,-39.0,1.0,-17.588307441455207,0.7617975030456627,-0.09668853105243763,0.8584860340981003,-18.10086221343562,0.7780153597558279,-0.10246010903607189,0.8804754687918999,-17.760003835494285,0.762680641090182,-0.09666989389194715,0.8593505349821291,-17.588307441455207,0.7617975030456627,-0.09668853105243763,0.8584860340981003
2023-08-07 06:00:00,-38.0,2.0,-16.788389352383934,0.7999180890712713,-0.0330545371103757,0.8329726261816469,-17.28205468993512,0.8188075235004986,-0.03502598829760628,0.8538335117981048,-16.959135801248287,0.8008680342459958,-0.03304807464654666,0.8339161088925425,-16.788389352383934,0.7999180890712713,-0.0330545371103757,0.8329726261816469
2023-08-07 07:00:00,-36.0,3.0,-15.981792605827994,0.8065967465559387,-0.0,0.8065967465559387,-16.45581795886447,0.8262367310706508,-0.0,0.8262367310706508,-16.15151637491413,0.8076194263341568,-0.0,0.8076194263341568,-15.981792605827994,0.8065967465559387,-0.0,0.8065967465559387
2023-08-07 08:00:00,-33.0,2.0,-15.201362288398423,0.7804303174295713,-0.0,0.7804303174295713,-15.656968876855617,0.7988490820088513,-0.0,0.7988490820088513,-15.369988683996796,0.7815276909173343,-0.0,0.7815276909173343,-15.201362288398423,0.7804303174295713,-0.0,0.7804303174295713
2023-08-07 09:00:00,-31.0,3.0,-14.445838861405903,0.7555234269925198,-0.0,0.7555234269925198,-14.88416071238159,0.7728081644740271,-0.0,0.7728081644740271,-14.613301900188791,0.7566867838080047,-0.0,0.7566867838080047,-14.445838861405903,0.7555234269925198,-0.0,0.7555234269925198
2023-08-07 10:00:00,-28.0,5.0,-13.714042654560021,0.7317962068458812,-0.0,0.7317962068458812,-14.136133948755583,0.7480267636260064,-0.0,0.7480267636260064,-13.880284192121975,0.7330177080668159,-0.0,0.7330177080668159,-13.714042654560021,0.7317962068458812,-0.0,0.7317962068458812
2023-08-07 11:00:00,-23.0,9.0,-13.004867615325415,0.7091750392346062,-0.0,0.7091750392346062,-13.411709315168073,0.7244246335875099,-0.0,0.7244246335875099,-13.169836567484616,0.7104476246373587,-0.0,0.7104476246373587,-13.004867615325415,0.7091750392346062,-0.0,0.7091750392346062
2023-08-07 12:00:00,-14.0,4.0,-12.791988350502036,0.212879264823378,-0.4747127128283544,0.6875919776517324,-13.209157757221393,0.20255155794668134,-0.499376280130727,0.7019278380774083,-12.95534722908815,0.21448933839646456,-0.4744199453900848,0.6889092837865494,-12.791988350502036,0.212879264823378,-0.4747127128283544,0.6875919776517324
2023-08-07 13:00:00,-10.0,-1.0,-14.2547304065408,-1.4627420560387638,-2.1439203426274083,0.6811782865886444,-14.781603392799195,-1.572445635577802,-2.2681467730311358,0.6957011374533337,-14.416176472895787,-1.4608292438076362,-2.143301099482175,0.6824718556745388,-14.2547304065408,-1.4627420560387638,-2.1439203426274083,0.6811782865886444
2023-08-07 14:00:00,-11.0,-2.0,-13.528875976152927,0.7258544303878727,-0.0,0.7258544303878727,-14.036834951512821,0.7447684412863729,-0.0,0.7447684412863729,-13.689263076114546,0.7269133967812412,-0.0,0.7269133967812412,-13.528875976152927,0.7258544303878727,-0.0,0.7258544303878727
2023-08-07 15:00:00,-13.0,0.0,-12.825368480084027,0.7035074960688994,-0.0,0.7035074960688994,-13.315515005661144,0.7213199458516769,-0.0,0.7213199458516769,-12.9846391441985,0.7046239319160454,-0.0,0.7046239319160454,-12.825368480084027,0.7035074960688994,-0.0,0.7035074960688994
2023-08-07 16:00:00,-13.0,1.0,-12.143186493568548,0.6821819865154791,-0.0,0.6821819865154791,-12.616547765785953,0.6989672398751906,-0.0,0.6989672398751906,-12.301289937393568,0.6833492068049319,-0.0,0.6833492068049319,-12.143186493568548,0.6821819865154791,-0.0,0.6821819865154791
2023-08-07 17:00:00,-12.0,2.0,-12.509013049316472,-0.36582655574792466,-1.0276429176248136,0.661816361876889,-13.025397554211045,-0.4088497884250921,-1.0864926296145843,0.6776428411894921,-12.665569534398065,-0.3642795970044973,-1.0273079221090613,0.663028325104564,-12.509013049316472,-0.36582655574792466,-1.0276429176248136,0.661816361876889
2023-08-07 18:00:00,-10.0,-5.0,-13.752734122314402,-1.2437210729979298,-1.9164203196965148,0.672699246698585,-14.365492986259277,-1.3400954320482312,-2.0301715399584634,0.6900761079102323,-13.90776221368879,-1.2421926792907243,-1.9160154818589827,0.6738228025682584,-13.752734122314402,-1.2437210729979298,-1.9164203196965148,0.672699246698585
2023-08-07 19:00:00,-15.0,-7.0,-15.406771033573067,-1.6540369112586646,-2.3643990828538355,0.710362171595171,-16.134503488516792,-1.7690105022575144,-2.5006317727570786,0.731621270499564,-15.560148834724433,-1.6523866210356444,-2.3636739445131614,0.711287323477517,-15.406771033573067,-1.6540369112586646,-2.3643990828538355,0.710362171595171
2023-08-07 20:00:00,-22.0,-1.0,-18.92382686544394,-3.517055831870873,-4.279095571361098,0.7620397394902246,-19.86511961687727,-3.730616128360476,-4.518939111873586,0.7883229835131104,-19.074869915250137,-3.514721080525704,-4.277415184608013,0.7626941040823085,-18.92382686544394,-3.517055831870873,-4.279095571361098,0.7620397394902246
2023-08-07 21:00:00,-23.0,2.0,-21.556848522326206,-2.633021656882269,-3.510976311613218,0.8779546547309491,-22.66320299088553,-2.7980833740082613,-3.712919468666782,0.9148360946585209,-21.706746388748073,-2.6318764734979343,-3.5098801363982495,0.8780036629003151,-21.556848522326206,-2.633021656882269,-3.510976311613218,0.8779546547309491
2023-08-07 22:00:00,-21.0,1.0,-21.825299289384308,-0.26845076705810067,-1.2385537970980833,0.9701030300399827,-22.95936094283158,-0.2961579519460502,-1.3120590653070447,1.0159011133609945,-21.975375907135653,-0.2686295183875811,-1.2382915823718135,0.9696620639842324,-21.825299289384308,-0.26845076705810067,-1.2385537970980833,0.9701030300399827
2023-08-07 23:00:00,-20.0,-8.0,-24.51096592309969,-2.685666633715381,-3.665422958082884,0.9797563243675032,-25.800560692843533,-2.841199750011954,-3.8681077182204398,1.0269079682084858,-24.65993481219653,-2.684558905060875,-3.6638322201880054,0.97927331512713,-24.51096592309969,-2.685666633715381,-3.665422958082884,0.9797563243675032
2023-08-08 00:00:00,-28.0,-3.0,-26.954813837123474,-2.443847914023785,-3.522809555358372,1.0789616413345868,-28.408065157681612,-2.607504464838078,-3.7430206451048007,1.1355161802667226,-27.104684343638446,-2.444749531441916,-3.5226769404114626,1.0779274089695463,-26.954813837123474,-2.443847914023785,-3.522809555358372,1.0789616413345868
2023-08-08 01:00:00,-31.0,0.0,-29.1012590835548,-2.146445246431328,-3.3198363425141766,1.1733910960828484,-30.702266779588808,-2.294201621907196,-3.53419607653779,1.2399944546305937,-29.25288573670897,-2.148201393070524,-3.3200885357391194,1.1718871426685957,-29.1012590835548,-2.146445246431328,-3.3198363425141766,1.1733910960828484
2023-08-08 02:00:00,-31.0,1.0,-27.841663053809757,1.2595960297450426,-0.0,1.2595960297450426,-29.366545635106274,1.3357211444825332,-0.0,1.3357211444825332,-27.995195808413847,1.2576899282951217,-0.0,1.2576899282951217,-27.841663053809757,1.2595960297450426,-0.0,1.2595960297450426
2023-08-08 03:00:00,-30.0,0.0,-26.633024968605156,1.2086380852046008,-0.0,1.2086380852046008,-28.086990948392224,1.2795546867140493,-0.0,1.2795546867140493,-26.788107960919376,1.2070878474944708,-0.0,1.2070878474944708,-26.633024968605156,1.2086380852046008,-0.0,1.2086380852046008
2023-08-08 04:00:00,-30.0,0.0,-25.47229410783061,1.1607308607745461,-0.0,1.1607308607745461,-26.860109584274923,1.2268813641172995,-0.0,1.2268813641172995,-25.628609150942516,1.1594988099768606,-0.0,1.1594988099768606,-25.47229410783061,1.1607308607745461,-0.0,1.1607308607745461
2023-08-08 05:00:00,-30.0,0.0,-24.356659638338748,1.1156344694918625,-0.0,1.1156344694918625,-25.682693583688057,1.1774160005868664,-0.0,1.1774160005868664,-24.51392199829794,1.1146871526445794,-0.0,1.1146871526445794,-24.356659638338748,1.1156344694918625,-0.0,1.1156344694918625
2023-08-08 06:00:00,-30.0,1.0,-23.28352740441126,1.0731322339274878,-0.0,1.0731322339274878,-24.551791534858697,1.1309020488293595,-0.0,1.1309020488293595,-23.441482104495428,1.0724398938025095,-0.0,1.0724398938025095,-23.28352740441126,1.0731322339274878,-0.0,1.0731322339274878
2023-08-08 07:00:00,-29.0,3.0,-22.250499369655167,1.0330280347560938,-0.0,1.0330280347560938,-23.464683335921144,1.0871081989375548,-0.0,1.0871081989375548,-22.408917949077765,1.0325641554176626,-0.0,1.0325641554176626,-22.250499369655167,1.0330280347560938,-0.0,1.0330280347560938
2023-08-08 08:00:00,-26.0,3.0,-21.255355362689446,0.9951440069657218,-0.0,0.9951440069657218,-22.418857888134756,1.0458254477863886,-0.0,1.0458254477863886,-21.414033027434698,0.9948849216430654,-0.0,0.9948849216430654,-21.255355362689446,0.9951440069657218,-0.0,0.9951440069657218
2023-08-08 09:00:00,-23.0,3.0,-20.296036830224647,0.9593185324647974,-0.0,0.9593185324647974,-21.41199332923563,1.0068645588991256,-0.0,1.0068645588991256,-20.454789943147208,0.9592430842874894,-0.0,0.9592430842874894,-20.296036830224647,0.9593185324647974,-0.0,0.9593185324647974
2023-08-08 10:00:00,-20.0,0.0,-19.3706323440217,0.9254044862029478,-0.0,0.9254044862029478,-20.441939474924677,0.970053854310954,-0.0,0.970053854310954,-19.529296209229123,0.9254937339180861,-0.0,0.9254937339180861,-19.3706323440217,0.9254044862029478,-0.0,0.9254044862029478
2023-08-08 11:00:00,-20.0,-1.0,-19.606673353963604,-0.2360410099419037,-1.129308709732348,0.8932676997904443,-20.686865324451926,-0.24492584952725016,-1.1801631391722223,0.9352372896449721,-19.763978192808892,-0.2346819835797681,-1.1281866454477556,0.8935046618679875,-19.606673353963604,-0.2360410099419037,-1.129308709732348,0.8932676997904443
2023-08-08 12:00:00,-21.0,3.0,-19.285272548276552,0.321400805687051,-0.5800100033973716,0.9014108090844226,-20.349378023310933,0.3374873011409941,-0.6064806688584221,0.9439679699994162,-19.44186796708302,0.3221102257258708,-0.5794528184201357,0.9015630441460065,-19.285272548276552,0.321400805687051,-0.5800100033973716,0.9014108090844226
2023-08-08 13:00:00,-18.0,2.0,-18.537242690506393,0.7480298577701586,-0.14230213642301215,0.8903319941931708,-19.566257782585787,0.7831202407251466,-0.14882814437373412,0.9319483850988808,-18.69352326900608,0.7483446980769412,-0.14216714914306405,0.8905118472200052,-18.537242690506393,0.7480298577701586,-0.14230213642301215,0.8903319941931708
2023-08-08 14:00:00,-16.0,2.0,-18.49695839064693,0.04028429985946269,-0.8245280591125146,0.8648123589719773,-19.523214453188963,0.04304332939682398,-0.8613109799330328,0.9043543093298568,-18.6521131073388,0.041410161667280065,-0.8236900056443393,0.8651001673116193,-18.49695839064693,0.04028429985946269,-0.8245280591125146,0.8648123589719773
2023-08-08 15:00:00,-14.0,2.0,-18.310220235546897,0.1867381551000331,-0.6767104028021018,0.8634485579021349,-19.331731042864412,0.19148341032455263,-0.7113662440094278,0.9028496543339805,-18.464674003409506,0.18743910392929197,-0.6762656313886203,0.8637047353179123,-18.310220235546897,0.1867381551000331,-0.6767104028021018,0.8634485579021349
2023-08-08 16:00:00,-12.0,3.0,-18.407258836382326,-0.09703860083542948,-0.9541793063073915,0.857140705471962,-19.425718381995082,-0.09398733913067014,-0.990158538040934,0.8961711989102639,-18.560124724475568,-0.0954507210660629,-0.9528532556247808,0.857402534558718,-18.407258836382326,-0.09703860083542948,-0.9541793063073915,0.857140705471962
2023-08-08 17:00:00,-9.0,0.0,-18.861303713944526,-0.4540448775621997,-1.3144605763564907,0.860415698794291,-19.88441268413973,-0.45869430214464657,-1.358140442930828,0.8994461407861813,-19.011833039120045,-0.45170831464447825,-1.312317272456573,0.8606089578120948,-18.861303713944526,-0.4540448775621997,-1.3144605763564907,0.860415698794291
2023-08-08 18:00:00,-9.0,3.0,-19.230686777317782,-0.3693830633732573,-1.2452054659651832,0.8758224025919259,-20.252072713290246,-0.36766002915051876,-1.283174852142057,0.9155148229915382,-19.3789612175341,-0.3671281784140564,-1.2429922943712444,0.8758641159571879,-19.230686777317782,-0.3693830633732573,-1.2452054659651832,0.8758224025919259
2023-08-08 19:00:00,-6.0,4.0,-18.605006155362126,0.625680621955656,-0.2627765840158043,0.8884572059714603,-19.594933257309506,0.6571394559807404,-0.2713577113520977,0.9284971673328382,-18.752939674278693,0.6260215432554093,-0.26234000681675296,0.8883615500721622,-18.605006155362126,0.625680621955656,-0.2627765840158043,0.8884572059714603
2023-08-08 20:00:00,-2.0,0.0,-17.737897276751383,0.8671088786107437,-0.0,0.8671088786107437,-18.689575851223616,0.9053574060858917,-0.0,0.9053574060858917,-17.885835336422158,0.8671043378565362,-0.0,0.8671043378565362,-17.737897276751383,0.8671088786107437,-0.0,0.8671088786107437
2023-08-08 21:00:00,-2.0,-3.0,-16.8999450943313,0.8379521824200804,-0.0,0.8379521824200804,-17.815620410675912,0.8739554405477029,-0.0,0.8739554405477029,-17.047749225592295,0.8380861108298626,-0.0,0.8380861108298626,-16.8999450943313,0.8379521824200804,-0.0,0.8379521824200804
2023-08-08 22:00:00,-5.0,-2.0,-16.08969545757867,0.8102496367526314,-0.0,0.8102496367526314,-16.971452036117324,0.8441683745585872,-0.0,0.8441683745585872,-16.23724088571863,0.8105083398736636,-0.0,0.8105083398736636,-16.08969545757867,0.8102496367526314,-0.0,0.8102496367526314
2023-08-08 23:00:00,-7.0,-3.0,-15.305789712358418,0.7839057452202528,-0.0,0.7839057452202528,-16.155565140795495,0.8158868953218275,-0.0,0.8158868953218275,-15.452964019604135,0.7842768661144957,-0.0,0.7842768661144957,-15.305789712358418,0.7839057452202528,-0.0,0.7839057452202528
2023-08-09 00:00:00,-10.0,-4.0,-15.19441044887143,0.11137926348698857,-0.6474534846041696,0.7588327480911582,-16.04919129187433,0.10637384892116675,-0.6826369656152819,0.7890108145364486,-15.340797543043589,0.11216647656054579,-0.6471386475458428,0.7593051241063886,-15.19441044887143,0.11137926348698857,-0.6474534846041696,0.7588327480911582
2023-08-09 01:00:00,-14.0,2.0,-14.43910706999986,0.7553033788715702,-0.0,0.7553033788715702,-15.26365136428004,0.7855399275942901,-0.0,0.7855399275942901,-14.585030829209296,0.7557667138342922,-0.0,0.7557667138342922,-14.43910706999986,0.7553033788715702,-0.0,0.7553033788715702
2023-08-09 02:00:00,-12.0,8.0,-13.707520573662842,0.731586496337017,-0.0,0.731586496337017,-14.503506053643545,0.7601453106364956,-0.0,0.7601453106364956,-13.852890148866287,0.7321406803430093,-0.0,0.7321406803430093,-13.707520573662842,0.731586496337017,-0.0,0.731586496337017
2023-08-09 03:00:00,-4.0,2.0,-12.998545547261148,0.708975026401694,-0.0,0.708975026401694,-13.76753718242328,0.735968871220264,-0.0,0.735968871220264,-13.143279163113993,0.7096109857522939,-0.0,0.7096109857522939,-12.998545547261148,0.708975026401694,-0.0,0.708975026401694
2023-08-09 04:00:00,-2.0,-3.0,-12.311144475796494,0.6874010714646545,-0.0,0.6874010714646545,-13.054603555936007,0.7129336264872743,-0.0,0.7129336264872743,-12.455168580833968,0.6881105822800253,-0.0,0.6881105822800253,-12.311144475796494,0.6874010714646545,-0.0,0.6874010714646545
2023-08-09 05:00:00,-5.0,-4.0,-12.251307053649544,0.05983742214694954,-0.6069644610332624,0.6668018831802119,-12.99966285134691,0.05494070458909628,-0.6360278935700722,0.6909685981591684,-12.394046534722888,0.061122046111080186,-0.6064554390255039,0.6675774851365841,-12.251307053649544,0.05983742214694954,-0.6069644610332624,0.6668018831802119
2023-08-09 06:00:00,-9.0,0.0,-12.067958558673364,0.18334849497617906,-0.48167508004549026,0.6650235750216693,-12.816074503216335,0.18358834813057445,-0.5057018250675442,0.6892901731981187,-12.209601425998702,0.184445108724186,-0.4813235452526144,0.6657686539768004,-12.067958558673364,0.18334849497617906,-0.48167508004549026,0.6650235750216693
2023-08-09 07:00:00,-9.0,-4.0,-11.89261780880782,0.1753407498655442,-0.4842486763272624,0.6595894261928066,-12.637922039134494,0.1781524640818395,-0.5055439355102693,0.6836963995921088,-12.033016129980359,0.1765852960183436,-0.48373980896362934,0.6603251049819729,-11.89261780880782,0.1753407498655442,-0.4842486763272624,0.6595894261928066
2023-08-09 08:00:00,-13.0,4.0,-11.952036572700685,-0.05941876389286482,-0.7138322318399294,0.6544134679470646,-12.701583375886793,-0.06366133675229824,-0.7419513771396385,0.6782900403873403,-12.090786747989124,-0.05777061800876515,-0.7129050790740407,0.6551344610652755,-11.952036572700685,-0.05941876389286482,-0.7138322318399294,0.6544134679470646
2023-08-09 09:00:00,-9.0,2.0,-11.29587138088352,0.6561651918171645,-0.0,0.6561651918171645,-12.021363881109062,0.6802194947777308,-0.0,0.6802194947777308,-11.433956400324691,0.6568303476644336,-0.0,0.6568303476644336,-11.29587138088352,0.6561651918171645,-0.0,0.6561651918171645
2023-08-09 10:00:00,-7.0,3.0,-11.121235394171004,0.1746359867125158,-0.46231464262634714,0.6369506293388629,-11.841748832682818,0.17961504842624426,-0.48013007426672777,0.659745122692972,-11.257971224231524,0.17598517609316777,-0.46169280070929397,0.6376779768024617,-11.121235394171004,0.1746359867125158,-0.46231464262634714,0.6369506293388629
2023-08-09 11:00:00,-4.0,2.0,-10.48935054244566,0.6318848517253435,-0.0,0.6318848517253435,-11.187357847488439,0.6543909851943784,-0.0,0.6543909851943784,-10.62537662620369,0.632594598027833,-0.0,0.632594598027833,-10.48935054244566,0.6318848517253435,-0.0,0.6318848517253435
2023-08-09 12:00:00,-2.0,1.0,-10.497819571839251,-0.008469029393590843,-0.6221933772755119,0.6137243478819211,-11.212302286344604,-0.024944438856164708,-0.6600132253743288,0.6350687865181641,-10.632997534225344,-0.007620908021653938,-0.6221108293757226,0.6144899213540687,-10.497819571839251,-0.008469029393590843,-0.6221933772755119,0.6137243478819211
2023-08-09 13:00:00,-1.0,-1.0,-11.760099745810157,-1.2622801739709058,-1.8762461728795774,0.6139659989086718,-12.556769980532131,-1.3444676941875275,-1.980267706674664,0.6358000124871364,-11.893737868223349,-1.2607403339980048,-1.8754467993489325,0.6147064653509278,-11.760099745810157,-1.2622801739709058,-1.8762461728795774,0.6139659989086718
2023-08-09 14:00:00,-2.0,0.0,-12.603338642128174,-0.8432388963180164,-1.493754034653997,0.6505151383359806,-13.456203678122039,-0.8994336975899073,-1.5752681461119025,0.6758344485219951,-12.735729337796343,-0.8419914695729949,-1.4930463580009117,0.6510548884279168,-12.603338642128174,-0.8432388963180164,-1.493754034653997,0.6505151383359806
2023-08-09 15:00:00,-2.0,4.0,-12.834676816356579,-0.23133817422840552,-0.9068578819741676,0.6755197077457621,-13.696829400023594,-0.2406257219015543,-0.9439250913436168,0.7032993694420625,-12.965570174137929,-0.22984083634158492,-0.9057526522795321,0.6759118159379471,-12.834676816356579,-0.23133817422840552,-0.9068578819741676,0.6755197077457621
2023-08-09 16:00:00,2.0,2.0,-13.07344194009743,-0.23876512374085146,-0.9212271323718653,0.6824620086310138,-13.932786354614823,-0.23595695459122856,-0.9466967670645393,0.7107398124733108,-13.20224180264916,-0.23667162851123136,-0.919449617705126,0.6827779891938947,-13.07344194009743,-0.23876512374085146,-0.9212271323718653,0.6824620086310138
2023-08-09 17:00:00,4.0,0.0,-13.364357357969512,-0.29091541787208186,-0.9805798232795552,0.6896644054074733,-14.21723871809468,-0.2844523634798586,-1.00252627355925,0.7180739100793914,-13.490769948617833,-0.2885281459686736,-0.9784126295444595,0.6898844835757859,-13.364357357969512,-0.29091541787208186,-0.9805798232795552,0.6896644054074733
2023-08-09 18:00:00,4.0,-5.0,-12.855455495292478,0.508901862677033,-0.18958915759425818,0.6984910202712912,-13.681546181817554,0.5356925362771267,-0.1912728700645324,0.7269654063416591,-12.981207066591107,0.509562882026726,-0.18903494867433152,0.6985978307010574,-12.855455495292478,0.508901862677033,-0.18958915759425818,0.6984910202712912
2023-08-09 19:00:00,-1.0,0.0,-12.17236819562856,0.6830872996639187,-0.0,0.6830872996639187,-12.971280109581546,0.710266072236009,-0.0,0.710266072236009,-12.297960686486348,0.6832463801047582,-0.0,0.6832463801047582,-12.17236819562856,0.6830872996639187,-0.0,0.6830872996639187
2023-08-09 20:00:00,-1.0,0.0,-11.847518071058788,0.3248501245697703,-0.3378310992113825,0.6626812237811528,-12.623847920134509,0.3474321894470374,-0.3409916975493244,0.6884238869963618,-11.971882580658404,0.32607810582794367,-0.33685196753254304,0.6629300733604867,-11.847518071058788,0.3248501245697703,-0.3378310992113825,0.6626812237811528
2023-08-09 21:00:00,-1.0,-4.0,-12.588217746583332,-0.7406996755245437,-1.3937851216383885,0.6530854461138448,-13.367030284415932,-0.7431823642814237,-1.4210462146957583,0.6778638504143346,-12.709036240279843,-0.7371536596214388,-1.3904959007712858,0.6533422411498471,-12.588217746583332,-0.7406996755245437,-1.3937851216383885,0.6530854461138448
2023-08-09 22:00:00,-5.0,1.0,-13.462623409748975,-0.8744056631656429,-1.5494728388466086,0.6750671756809656,-14.248255230485368,-0.8812249460694359,-1.5817769074170622,0.7005519613476263,-13.579841780903736,-0.8708055406238931,-1.5459221865447816,0.6751166459208885,-13.462623409748975,-0.8744056631656429,-1.5494728388466086,0.6750671756809656
2023-08-09 23:00:00,-4.0,1.0,-14.520055231468492,-1.0574318217195164,-1.7589169962415985,0.701485174522082,-15.31889117489052,-1.070635944405153,-1.798574182150312,0.7279382377451592,-14.633588038435153,-1.053746257531416,-1.7550450408055094,0.7012987832740933,-14.520055231468492,-1.0574318217195164,-1.7589169962415985,0.701485174522082
2023-08-10 00:00:00,-3.0,-6.0,-15.884242615600623,-1.3641873841321326,-2.098297590593345,0.7341102064612124,-16.70480543171617,-1.385914256825651,-2.1478316988331825,0.7619174420075314,-15.993737583172406,-1.360149544737252,-2.09379689472638,0.733647349989128,-15.884242615600623,-1.3641873841321326,-2.098297590593345,0.7341102064612124
2023-08-10 01:00:00,-9.0,-2.0,-16.938744760243384,-1.0545021446427603,-1.8317971336881205,0.7772949890453601,-17.79271398895771,-1.087908557241542,-1.8949623494374108,0.807053792195869,-17.04619073716288,-1.0524531539904756,-1.828933514937686,0.7764803609472104,-16.938744760243384,-1.0545021446427603,-1.8317971336881205,0.7772949890453601
2023-08-10 02:00:00,-11.0,2.0,-17.581199967895046,-0.6424552076516603,-1.4539772729336156,0.8115220652819553,-18.466037661117596,-0.6733236721598841,-1.5167182715972456,0.8433945994373615,-17.68811765493679,-0.6419269177739088,-1.4523844043283936,0.8104574865544848,-17.581199967895046,-0.6424552076516603,-1.4539772729336156,0.8115220652819553
2023-08-10 03:00:00,-9.0,-2.0,-18.019892409906465,-0.4386924420114179,-1.2714288434378709,0.832736401426453,-18.926639929016996,-0.4606022678994006,-1.3268896902607157,0.8662874223613151,-18.126647466942416,-0.4385298120056276,-1.2700683115934457,0.8315384995878181,-18.019892409906465,-0.4386924420114179,-1.2714288434378709,0.832736401426453
2023-08-10 04:00:00,-11.0,0.0,-18.07284893924087,-0.05295652933440509,-0.9003361393856785,0.8473796100512734,-18.98163487452922,-0.05499494551222284,-0.9371192982152029,0.8821243527029801,-18.179789861795008,-0.05314239485259409,-0.8992379131394241,0.84609551828683,-18.07284893924087,-0.05295652933440509,-0.9003361393856785,0.8473796100512734
2023-08-10 05:00:00,-11.0,2.0,-18.409642767171302,-0.3367938279304332,-1.1859497183547931,0.8491558904243599,-19.34295318952988,-0.3613183150006588,-1.2453431504602093,0.8840248354595505,-18.517018770223377,-0.3372289084283676,-1.1850970722564256,0.847868163828058,-18.409642767171302,-0.3367938279304332,-1.1859497183547931,0.8491558904243599
2023-08-10 06:00:00,-9.0,0.0,-18.670219864268528,-0.26057709709722476,-1.1210733306854266,0.8604962335882018,-19.622145526570762,-0.27919233704088153,-1.1757542520313216,0.89656191499044,-18.77804618792413,-0.2610274177007511,-1.1201876000111375,0.8591601823103864,-18.670219864268528,-0.26057709709722476,-1.1210733306854266,0.8604962335882018
2023-08-10 07:00:00,-9.0,-5.0,-18.44644360339012,0.22377626087840996,-0.6455456010058833,0.8693218618842933,-19.393791027138114,0.22835449943264674,-0.677955333189889,0.9063098326225357,-18.55518014248687,0.22286604543725985,-0.645085855376237,0.8679519008134968,-18.44644360339012,0.22377626087840996,-0.6455456010058833,0.8693218618842933
2023-08-10 08:00:00,-14.0,0.0,-18.69033334202194,-0.2438897386318204,-1.1056296692501617,0.8617399306183413,-19.664740775119945,-0.2709497479818327,-1.1692827261548508,0.8983329781730182,-18.80002519143508,-0.24484504894820913,-1.1052877591815269,0.8604427102333178,-18.69033334202194,-0.2438897386318204,-1.1056296692501617,0.8617399306183413
2023-08-10 09:00:00,-14.0,-1.0,-18.92377406416388,-0.2334407221419379,-1.1034456904123047,0.8700049682703668,-19.925769865594507,-0.2610290904745608,-1.1688307575596957,0.9078016670851349,-19.034537449903738,-0.23451225846865786,-1.103206481478667,0.8686942230100092,-18.92377406416388,-0.2334407221419379,-1.1034456904123047,0.8700049682703668
2023-08-10 10:00:00,-15.0,-2.0,-18.287506484328453,0.6362675798354265,-0.24168527309854004,0.8779528529339665,-19.266779194438,0.6589906711565043,-0.25797994170221633,0.9169706128587207,-18.399644758335082,0.6348926915686561,-0.24174173849509287,0.876634430063749,-18.287506484328453,0.6362675798354265,-0.24168527309854004,0.8779528529339665
2023-08-10 11:00:00,-17.0,4.0,-18.421297415200616,-0.13379093087216376,-0.9901659630691434,0.8563750321969796,-19.42245924604608,-0.15568005160808018,-1.0495915259877668,0.8939114743796867,-18.534415994212786,-0.13477123587770212,-0.98999270633125,0.8552214704535479,-18.421297415200616,-0.13379093087216376,-0.9901659630691434,0.8563750321969796
2023-08-10 12:00:00,-13.0,5.0,-18.596851621742854,-0.17555420654223763,-1.0364442158280482,0.8608900092858106,-19.615392411532643,-0.1929331654865616,-1.0922656433388296,0.899332477852268,-18.710584096798954,-0.1761681025861691,-1.0359128524018175,0.8597447498156484,-18.596851621742854,-0.17555420654223763,-1.0364442158280482,0.8608900092858106
2023-08-10 13:00:00,-8.0,6.0,-18.46889875451188,0.127952867230974,-0.7388794911558175,0.8668323583867915,-19.47712506548192,0.13826734605072044,-0.767806081551301,0.9060734276020215,-18.58281882105328,0.1277652757456751,-0.7379101318139495,0.8656754075596246,-18.46889875451188,0.127952867230974,-0.7388794911558175,0.8668323583867915
2023-08-10 14:00:00,-2.0,1.0,-19.400241023896488,-0.9313422693846095,-1.793841520831147,0.8624992514465374,-20.42818482202712,-0.9510597565451981,-1.852299664452972,0.9012399079077738,-19.51230138050666,-0.9294825594533804,-1.7908547480459367,0.8613721885925563,-19.400241023896488,-0.9313422693846095,-1.793841520831147,0.8624992514465374
2023-08-10 15:00:00,-1.0,3.0,-20.330591719131288,-0.9303506952347992,-1.824637829460397,0.8942871342255979,-21.3693562151231,-0.9411713930959824,-1.8759195843026,0.9347481912066176,-20.440540661879535,-0.9282392813728765,-1.8211617887708464,0.89292250739797,-20.330591719131288,-0.9303506952347992,-1.824637829460397,0.8942871342255979
2023-08-10 16:00:00,2.0,-3.0,-21.489346108264208,-1.1587543891329188,-2.0853698718597506,0.9266154827268319,-22.524061444836942,-1.15470522971384,-2.1232154108033665,0.9685101810895265,-21.595836394927876,-1.15529573304834,-2.0802926857121085,0.9249969526637685,-21.489346108264208,-1.1587543891329188,-2.0853698718597506,0.9266154827268319
2023-08-10 17:00:00,-1.0,0.0,-20.521662896431693,0.9676832118325144,-0.0,0.9676832118325144,-21.51331111777855,1.0107503270583913,-0.0,1.0107503270583913,-20.63012873659714,0.9657076583307358,-0.0,0.9657076583307358,-20.521662896431693,0.9676832118325144,-0.0,0.9676832118325144
2023-08-10 18:00:00,-1.0,-4.0,-19.588336916542374,0.9333259798893196,-0.0,0.9333259798893196,-20.539584130213356,0.973726987565195,-0.0,0.973726987565195,-19.698511143638562,0.9316175929585774,-0.0,0.9316175929585774,-19.588336916542374,0.9333259798893196,-0.0,0.9333259798893196
2023-08-10 19:00:00,-5.0,2.0,-18.687560014464534,0.9007769020778398,-0.0,0.9007769020778398,-19.60087103991406,0.9387130902992954,-0.0,0.9387130902992954,-18.799199709631644,0.8993114340069192,-0.0,0.8993114340069192,-18.687560014464534,0.9007769020778398,-0.0,0.9007769020778398
2023-08-10 20:00:00,-3.0,-1.0,-17.817649251607723,0.8699107628568109,-0.0,0.8699107628568109,-18.695305854774993,0.9055651851390696,-0.0,0.9055651851390696,-17.930533372303998,0.8686663373276468,-0.0,0.8686663373276468,-17.817649251607723,0.8699107628568109,-0.0,0.8699107628568109
2023-08-10 21:00:00,-4.0,3.0,-16.998128204653053,0.8195210469546691,-0.02109198922103483,0.8406130361757039,-17.843262437411948,0.8520434173630447,-0.022109023323900044,0.8741524406869448,-17.112038170456607,0.8184952018473926,-0.021074686024230876,0.8395698878716235,-16.998128204653053,0.8195210469546691,-0.02109198922103483,0.8406130361757039
2023-08-10 22:00:00,-1.0,1.0,-16.184656736008137,0.8134714686449157,-0.0,0.8134714686449157,-16.998159847388887,0.84510259002306,-0.0,0.84510259002306,-16.299430698559423,0.8126074718971833,-0.0,0.8126074718971833,-16.184656736008137,0.8134714686449157,-0.0,0.8134714686449157
2023-08-10 23:00:00,0.0,0.0,-15.39768600863623,0.7869707273719065,-0.0,0.7869707273719065,-16.181385563471288,0.8167742839175993,-0.0,0.8167742839175993,-15.513156391259173,0.7862743073002493,-0.0,0.7862743073002493,-15.39768600863623,0.7869707273719065,-0.0,0.7869707273719065
2023-08-11 00:00:00,0.0,,-14.63593507059245,0.7617509380437801,-0.0,0.7617509380437801,-15.391531096825876,0.7898544666454114,-0.0,0.7898544666454114,-14.751949027814181,0.7612073634449924,-0.0,0.7612073634449924,-14.63593507059245,0.7617509380437801,-0.0,0.7617509380437801
